Date,Open,High,Low,Close,Volume
1996-01-01,4.57904667,4.60361681,4.54889193,4.59579897,104121369
1996-01-02,4.58463106,4.60696766,4.52655512,4.56006002,168743308
1996-01-03,4.63488852,4.84597171,4.58463131,4.59468269,209323879
1996-01-04,4.55112613,4.56564490,4.49081665,4.55224276,216900264
1996-01-05,4.53437344,4.53437344,4.48188209,4.52097130,166708467
1996-01-08,4.51203608,4.51538624,4.29536862,4.34004211,186974245
1996-01-09,4.21160565,4.28866712,4.07088364,4.21495581,388766555
1996-01-10,4.13231083,4.23170923,4.08763733,4.10662317,276606655
1996-01-11,4.06530081,4.25516406,4.05971651,4.23506069,409645726
1996-01-12,4.26633019,4.29871876,4.16246415,4.19038534,374687924
1996-01-15,4.17810193,4.19932191,4.12337703,4.14683056,199981539
1996-01-16,4.13231235,4.17698587,4.11891020,4.15464926,217247573
1996-01-17,4.13231146,4.13789576,3.95473403,3.98935556,299629901
1996-01-18,3.88772287,3.95138222,3.83746477,3.87878752,377502810
1996-01-19,3.82518014,3.87320441,3.78497401,3.81066108,324535340
1996-01-22,3.82294592,3.92569506,3.81959486,3.87543726,338613971
1996-01-23,3.88884013,3.90559273,3.50688069,3.71126270,354919302
1996-01-24,3.67887257,3.70120947,3.52921611,3.58394098,351185727
1996-01-25,3.57612343,3.59175911,3.41194819,3.43316817,360855771
1996-01-26,3.43316817,3.43316817,3.43316817,3.43316817,0
1996-01-29,3.41753215,3.73583217,3.39631276,3.70344329,652902286
1996-01-30,3.81959591,4.22165905,3.76375439,4.03626347,1061936020
1996-01-31,3.99828946,4.14906286,3.84751577,3.94803166,731560842
1996-02-01,3.90894241,4.13231083,3.89777440,4.10662317,640422958
1996-02-02,4.21607350,4.60138394,4.21607350,4.55224276,818725675
1996-02-05,4.80241559,5.03025111,4.65834338,4.93085241,1222482548
1996-02-06,5.04923810,5.13746881,4.41375542,4.51762152,1242315590
1996-02-07,4.26744799,4.64605719,4.22277448,4.60138369,895441820
1996-02-08,4.64829133,5.08497653,4.60138428,5.00344706,821653997
1996-02-09,5.18214047,5.40550828,5.00567971,5.29382467,994440377
1996-02-12,5.15980495,5.24915198,4.89176270,4.96212387,971599188
1996-02-13,4.91409924,5.45353358,4.87165957,5.26032019,1019034918
1996-02-14,5.39434013,5.47140161,5.22346397,5.26366949,622459505
1996-02-15,5.13746689,5.30499288,5.09279309,5.17990685,699136437
1996-02-16,5.09279366,5.14305146,5.04923677,5.08832598,495646793
1996-02-19,5.18214181,5.25361991,5.10954739,5.13970184,518231701
1996-02-20,5.13746869,5.15868838,4.80241600,4.86830950,639131752
1996-02-21,4.86830950,4.86830950,4.86830950,4.86830950,0
1996-02-22,4.98111042,5.15980475,4.93755353,5.12518263,613558303
1996-02-23,5.11513115,5.12629915,4.98557740,5.07045794,546094871
1996-02-26,5.12629819,5.23239839,5.04923670,5.08162498,544960514
1996-02-27,5.11066273,5.13746760,4.93755301,5.02354956,542491536
1996-02-28,5.12071551,5.17767364,5.03695190,5.04812050,427826248
1996-02-29,5.00344681,5.02131603,4.70189997,4.73205471,697898447
1996-03-01,4.76891018,4.82921937,4.65834289,4.75885820,723172202
1996-03-04,4.78007881,4.80241571,4.65499274,4.70971823,673407539
1996-03-05,4.70971823,4.70971823,4.70971823,4.70971823,0
1996-03-06,4.79124697,4.90963210,4.74880700,4.87724352,543855566
1996-03-07,4.94537173,5.03136829,4.89734716,4.92080069,854410306
1996-03-08,4.85825703,4.91409884,4.79683122,4.89511299,646827174
1996-03-11,4.82475181,4.92526772,4.80576597,4.91074896,631091821
1996-03-12,4.90293065,5.31616137,4.88059375,5.16315413,803011329
1996-03-13,5.02578370,5.09837871,4.96435700,5.07492399,577715422
1996-03-14,5.07045803,5.12406601,5.03695223,5.07380819,597611484
1996-03-15,5.04700314,5.06263882,4.86942487,4.90739775,622444100
1996-03-18,4.85714117,4.86942609,4.66616131,4.68403053,667319823
1996-03-19,4.66839499,4.75327523,4.29983770,4.39588594,1037292464
1996-03-20,4.39588594,4.39588594,4.39588594,4.39588594,0
1996-03-21,4.57904752,4.75997509,4.57904752,4.71083450,670459612
1996-03-22,4.62260369,4.62260369,4.43385740,4.51985455,674824785
1996-03-25,4.57793032,4.60361739,4.42827323,4.49305010,457166882
1996-03-26,4.46736338,4.55671070,4.32217396,4.46401262,532380354
1996-03-27,4.62372177,4.68961527,4.60250178,4.62260485,377229724
1996-03-28,4.63488874,4.70636683,4.61925306,4.68291330,359409115
1996-03-29,4.67732797,4.70748271,4.60585020,4.62036896,325958187
1996-04-01,4.64047355,4.67956336,4.60138434,4.66392708,247509698
1996-04-02,4.67397782,4.73540391,4.62930432,4.67621136,367425238
1996-04-03,4.78119627,4.83368822,4.70413446,4.71530247,297032084
1996-04-04,4.66839596,4.67509719,4.61032030,4.65946150,241840713
1996-04-05,4.65946150,4.65946150,4.65946150,4.65946150,0
1996-04-08,4.71865185,4.76220874,4.68849741,4.73763800,228109392
1996-04-09,4.79683110,4.85155598,4.71865180,4.74322224,320184170
1996-04-10,4.80241532,4.82363530,4.72200277,4.74098921,285103129
1996-04-11,4.69631500,4.72423620,4.66504364,4.69184732,216484333
1996-04-12,4.69184773,4.85825713,4.67062775,4.82028484,341108156
1996-04-15,4.91409858,5.04253568,4.90404720,4.94425392,476612002
1996-04-16,4.95877268,5.02019849,4.91409859,4.95542192,388937409
1996-04-17,5.09279307,5.22122926,5.04476851,5.16650438,410008440
1996-04-18,5.32732964,5.47810304,5.28600660,5.45018244,686239778
1996-04-19,5.49485691,5.59537192,5.44013083,5.48480463,657928468
1996-04-22,5.53953080,5.55069880,5.28265774,5.31057835,577856867
1996-04-23,5.26143601,5.33291408,5.19330869,5.27483845,570256675
1996-04-24,5.51942813,5.76513381,5.49932476,5.70259047,534899747
1996-04-25,5.74056210,5.86341492,5.31616240,5.41221094,620220200
1996-04-26,5.40550821,5.52724409,5.27148741,5.46023369,632532875
1996-04-29,5.40550892,5.43343012,5.31057791,5.41556120,421084526
1996-04-30,5.40550991,5.58420516,5.37200529,5.46470308,429361131
1996-05-01,5.96393020,6.02870678,5.90250380,5.94270992,495470338
1996-05-02,5.89691913,5.97733198,5.80757211,5.94717693,506967956
1996-05-03,5.89580324,5.93042596,5.78523652,5.81204081,493527926
1996-05-06,5.67355075,5.70482212,5.45688386,5.48592138,591063023
1996-05-07,5.47810483,5.59425615,5.45688515,5.55293369,548608662
1996-05-08,5.45018307,5.66238289,5.38317207,5.58308697,785659868
1996-05-09,5.47810354,5.59313791,5.41667714,5.44683218,609397594
1996-05-10,5.31616264,5.42002903,5.28377435,5.38987398,606288615
1996-05-13,5.46135137,5.53729654,5.43008000,5.50379133,398370778
1996-05-14,5.49485602,5.69365337,5.46693482,5.65679741,651015892
1996-05-15,5.56745166,5.71822508,5.45130036,5.66908360,917242481
1996-05-16,5.73497689,5.81874050,5.66350000,5.70147228,688543503
1996-05-17,5.58420413,5.65121453,5.55739984,5.58867121,565289312
1996-05-20,5.51719407,5.52612883,5.39657509,5.41332769,326115037
1996-05-21,5.38093915,5.45018340,5.34966719,5.39434099,456241191
1996-05-22,5.45018419,5.47698788,5.40662729,5.42337990,319336904
1996-05-23,5.38764074,5.40997735,5.35190169,5.37870598,294687746
1996-05-24,5.67530304,5.69164484,5.64495356,5.67413568,236779521
1996-05-27,5.62627701,5.62627701,5.49787677,5.50721502,385864842
1996-05-28,5.39282312,5.39282312,5.26558959,5.32862329,545547298
1996-05-29,5.44067954,5.70798624,5.44067954,5.63211346,514643772
1996-05-30,5.67296995,5.68931174,5.49320833,5.52939463,528103408
1996-05-31,5.60876772,5.61460452,5.51188433,5.56441116,445949352
1996-06-03,5.67296802,5.75467696,5.63794909,5.73483372,488962489
1996-06-04,5.83521951,5.87023719,5.55040368,5.65312386,719201952
1996-06-05,5.71965892,5.71965892,5.56674538,5.61693811,333800656
1996-06-06,5.69514643,5.81304168,5.67296909,5.70915413,331038987
1996-06-07,5.62861106,5.73133124,5.62044017,5.70448446,223961286
1996-06-10,5.68464070,5.70798603,5.62627645,5.65312386,181533533
1996-06-11,5.62627857,5.66129689,5.57725318,5.60876942,245694726
1996-06-12,5.69631461,5.75351088,5.65195804,5.69397926,200355457
1996-06-13,5.68463999,5.71615621,5.65312315,5.67179966,116946606
1996-06-14,5.69631509,5.74300638,5.67763796,5.73133278,122670207
1996-06-17,5.74884050,5.74884050,5.63911679,5.65312386,107843741
1996-06-18,5.62627694,5.62627694,5.44184717,5.50838232,191150360
1996-06-19,5.50954938,5.53289533,5.30060691,5.34379673,239238694
1996-06-20,5.29944035,5.37531314,5.24107609,5.35196781,284643785
1996-06-21,5.32045147,5.35546915,5.17337378,5.20372295,353062318
1996-06-24,5.16169975,5.20605661,5.07999018,5.15936565,307595608
1996-06-25,5.18271233,5.20605797,4.94925655,5.05080938,349199902
1996-06-26,5.08232456,5.08232456,4.92941197,4.95392466,296123198
1996-06-27,4.90840235,5.08933006,4.84770368,5.04263878,538798574
1996-06-28,5.08932917,5.17687523,4.93875066,4.98660898,759474427
1996-07-01,4.92707882,5.08232650,4.82085622,4.87338400,553501802
1996-07-02,4.87688505,4.92357602,4.73914625,4.77066278,568077589
1996-07-03,4.70412806,4.71463399,4.40063629,4.45082903,645479950
1996-07-04,4.37145333,4.57105782,4.30024906,4.43448639,806775714
1996-07-05,4.47650806,4.51736316,4.30842072,4.36795139,595286753
1996-07-08,4.45783241,4.83252876,4.35511221,4.40180349,347866683
1996-07-09,4.36678549,4.83252944,4.01543473,4.18585777,541834730
1996-07-10,4.03878095,4.20103311,4.01777033,4.11465406,479966058
1996-07-11,4.16718080,4.26056274,4.09831154,4.12515926,458245222
1996-07-12,4.09714318,4.10764849,3.93489171,3.97107768,688976239
1996-07-15,3.94539780,4.38896343,3.87769560,4.19169331,1448889005
1996-07-16,4.66910937,5.06948542,4.66910937,5.06248188,858611628
1996-07-17,4.87921917,5.34613004,4.79984463,5.15236235,1115459465
1996-07-18,5.22823699,5.41033208,5.22823699,5.40099382,848594275
1996-07-19,5.45001787,5.67180065,5.45001787,5.66829920,393554662
1996-07-22,5.48620337,5.78269220,5.23874055,5.58425474,405630663
1996-07-23,5.78969581,5.86440185,5.51771967,5.63211346,488003187
1996-07-24,5.48737108,5.48737108,5.06948585,5.08349323,447774126
1996-07-25,5.03797097,5.11267610,4.83019550,4.85470819,593621628
1996-07-26,4.83252915,4.93524935,4.72513951,4.85704184,534079089
1996-07-29,4.92240813,5.09516489,4.89322601,4.95392466,442365624
1996-07-30,4.88155529,4.90256653,4.70646342,4.82319164,411938248
1996-07-31,4.85587378,5.06014773,4.61774920,4.99127817,419615464
1996-08-01,5.08816211,5.13602044,4.86988171,4.90023088,573738171
1996-08-02,4.88388877,4.93641560,4.79750975,4.83369541,363985756
1996-08-05,4.82319121,4.85354070,4.74031456,4.75899076,229500029
1996-08-06,4.73914533,4.89089148,4.69595583,4.80801487,330688876
1996-08-07,4.82669216,4.93758386,4.79751003,4.91540527,305888471
1996-08-08,4.94692133,4.97727050,4.79750957,4.81968784,287014731
1996-08-09,4.82785995,4.88855831,4.78583842,4.85820913,237997904
1996-08-12,4.87922012,4.91540578,4.83486355,4.85704184,193398067
1996-08-13,4.84420092,4.92474345,4.82785913,4.88505602,196437024
1996-08-14,4.80101235,4.89089283,4.80101235,4.81852150,172025941
1996-08-15,4.81852150,4.81852150,4.81852150,4.81852150,0
1996-08-16,4.82085560,4.85354012,4.77533199,4.81852150,151178980
1996-08-19,4.79750910,4.80918207,4.57806138,4.60490847,224927590
1996-08-20,4.55821746,4.75081842,4.53253773,4.65510178,352114219
1996-08-21,4.78116952,4.88855886,4.75082033,4.88855886,308818193
1996-08-22,5.04263834,5.07648991,4.89439454,4.92357635,469709230
1996-08-23,4.92591067,5.03680238,4.90256534,4.98310757,350177410
1996-08-26,4.93758378,4.98193972,4.86521215,4.88505602,279394933
1996-08-27,4.87921997,4.90840210,4.80918336,4.84536934,301803385
1996-08-28,4.85587495,4.99011171,4.85587495,4.98077345,171898501
1996-08-29,4.99478070,5.00645368,4.92357673,4.93408203,174203626
1996-08-30,4.92824672,4.95392740,4.90490107,4.93875265,122273882
1996-09-02,4.95159072,4.98310757,4.92824508,4.96559811,118106171
1996-09-03,4.98310761,5.01695855,4.81151754,4.84069967,276108098
1996-09-04,4.81502057,4.85820947,4.78817285,4.84653711,135678901
1996-09-05,4.86637987,4.93174767,4.86637987,4.91890764,143526971
1996-09-06,4.93875106,4.94575491,4.85820853,4.87805271,111851802
1996-09-09,4.87688534,4.87921974,4.82085549,4.84069967,108053807
1996-09-10,4.83603022,4.83603022,4.76832864,4.79751015,144573101
1996-09-11,4.78817154,4.85353964,4.71813525,4.74615002,124726054
1996-09-12,4.71580101,4.74381516,4.63409112,4.71113157,271684106
1996-09-13,4.73797932,4.74731726,4.65860414,4.67027712,181943862
1996-09-16,4.64693126,4.64693126,4.46833737,4.50335598,209209043
1996-09-17,4.50685847,4.62241902,4.50102261,4.57105923,177238381
1996-09-18,4.55238129,4.84420067,4.54654543,4.79400826,203848156
1996-09-19,4.80801640,4.84536943,4.59907299,4.62125158,245822166
1996-09-20,4.61308019,4.69128769,4.57572717,4.59557104,159067662
1996-09-23,4.57689493,4.59907259,4.48584741,4.53603983,163084127
1996-09-24,4.55238240,4.62008461,4.54071005,4.57105923,132116180
1996-09-25,4.62008391,4.69245555,4.58740033,4.60374212,148154028
1996-09-26,4.58039649,4.59673828,4.49401810,4.53137112,131553203
1996-09-27,4.52786889,4.52786889,4.36911916,4.39246511,258151647
1996-09-30,4.36561810,4.48001159,4.32826538,4.46016741,248744886
1996-10-01,4.48234555,4.50218973,4.40180394,4.44849491,186225010
1996-10-02,4.44849491,4.44849491,4.44849491,4.44849491,0
1996-10-03,4.49401768,4.55004659,4.39596632,4.42864990,152664847
1996-10-04,4.45316369,4.48818231,4.34810908,4.45199633,180091079
1996-10-07,4.46250062,4.46250062,4.21387017,4.36561632,272128046
1996-10-08,4.34460596,4.43565348,4.23838340,4.38429308,196707309
1996-10-09,4.43565416,4.48234513,4.37145404,4.44149065,175357589
1996-10-10,4.42864966,4.57572638,4.40763844,4.56055164,194458201
1996-10-11,4.58156368,4.63409114,4.50802562,4.55471659,218296503
1996-10-14,4.51152828,4.52903743,4.40180452,4.42048073,161673883
1996-10-15,4.39246538,4.47067289,4.33643584,4.40763950,162204650
1996-10-16,4.48351203,4.50452326,4.38546129,4.40063572,139300441
1996-10-17,4.37845742,4.55238125,4.33876937,4.51386118,280674936
1996-10-18,4.54070991,4.62241888,4.47767714,4.54771376,449426646
1996-10-21,4.54771376,4.54771376,4.54771376,4.54771376,0
1996-10-22,4.58156342,4.79750972,4.58156342,4.70996428,404608341
1996-10-23,4.95392616,5.01228949,4.87922011,4.98427534,321409556
1996-10-24,5.01812608,5.15703226,4.86988226,4.91890764,664698198
1996-10-25,4.90139782,5.02512924,4.89205988,4.99478006,307185279
1996-10-28,5.01929459,5.04263993,4.91423996,4.93875265,198911602
1996-10-29,4.91540650,5.04263940,4.81035156,4.86171198,255387177
1996-10-30,4.86171198,4.86171198,4.86171198,4.86171198,0
1996-10-31,4.77533095,4.77533095,4.65977045,4.71580029,174959864
1996-11-01,4.74965194,5.04263840,4.56288775,4.59323692,176580174
1996-11-04,4.55238215,4.55238215,4.36094882,4.40530539,219855194
1996-11-05,4.39246595,4.45082959,4.29558160,4.32242870,171643620
1996-11-06,4.22904783,4.32476484,4.11232021,4.27107000,375113658
1996-11-07,4.32826426,4.35044254,4.27223504,4.33059835,197698821
1996-11-08,4.35394395,4.39129697,4.21387075,4.36911869,156443236
1996-11-11,4.26639880,4.34110453,4.22087489,4.28274059,160514318
1996-11-12,4.28274059,4.28274059,4.28274059,4.28274059,0
1996-11-13,4.24888993,4.38312666,4.24888993,4.35861397,91577621
1996-11-14,4.34227327,4.36561861,4.28040754,4.30141878,79014267
1996-11-15,4.28741076,4.38662951,4.27340337,4.35628033,89604400
1996-11-18,4.37728964,4.48701334,4.37728964,4.47534037,160543727
1996-11-19,4.48584812,4.50452432,4.37612344,4.41931295,147561641
1996-11-20,4.42398160,4.42398160,4.25122419,4.26873302,116320609
1996-11-21,4.26172899,4.30958793,4.15200497,4.19402742,209685193
1996-11-22,4.14850469,4.21854131,4.12399138,4.15200615,232072639
1996-11-25,4.13799849,4.44265826,4.05628953,4.35044336,357273443
1996-11-26,4.42631651,4.54421114,4.27340295,4.42164707,398213928
1996-11-27,4.27223512,4.27223512,4.13799779,4.23955154,222453012
1996-11-28,4.24888911,4.29441302,4.19052518,4.21737289,130021121
1996-11-29,4.24655452,4.27923872,4.20920243,4.23254776,100735104
1996-12-02,4.20803565,4.27106905,4.18235591,4.22204304,73168828
1996-12-03,4.20219795,4.35160907,4.19519410,4.25589275,200186004
1996-12-04,4.22554414,4.22554414,4.13449631,4.19636202,134967477
1996-12-05,4.15784225,4.31659197,4.12632572,4.26873302,189137926
1996-12-06,4.28974419,4.31775927,4.24888971,4.27573681,111482086
1996-12-09,4.24888978,4.30842108,4.24538770,4.26873302,81383813
1996-12-10,4.24889001,4.25822827,4.16834748,4.19519520,109884183
1996-12-11,4.21270355,4.48934816,4.21270355,4.48818111,204542775
1996-12-12,4.52903768,4.56055391,4.37262263,4.39013147,242914851
1996-12-13,4.36795265,4.41230953,4.32593112,4.39129829,126536824
1996-12-16,4.41931288,4.57572790,4.41931288,4.54771376,198617510
1996-12-17,4.54070959,4.57806262,4.44032380,4.48701477,168830135
1996-12-18,4.55238226,4.63992865,4.52086603,4.55355024,197738033
1996-12-19,4.54070962,4.61074623,4.49985513,4.55588436,133691676
1996-12-20,4.61307947,4.79750921,4.61307947,4.76249123,359023994
1996-12-23,4.78467104,4.78467104,4.65977193,4.69128847,208125102
1996-12-24,4.67844768,4.71580070,4.63409082,4.68194914,152832900
1996-12-25,4.68194914,4.68194914,4.68194914,4.68194914,0
1996-12-26,4.76249164,4.92007368,4.76249164,4.89672804,144718746
1996-12-27,4.89672804,4.89672804,4.89672804,4.89672804,0
1996-12-30,4.89672804,4.89672804,4.89672804,4.89672804,0
1996-12-31,4.92007336,4.92590985,4.78817106,4.82435703,104373449
1997-01-01,4.89089298,5.14769378,4.89089298,5.12201405,282841417
1997-01-02,5.13485198,5.13601934,4.98660822,5.00061560,208595650
1997-01-03,4.96209706,5.07182080,4.96209706,5.05898046,196512647
1997-01-06,5.08932969,5.11267502,5.00762041,5.02629662,131549002
1997-01-07,5.02162841,5.09983592,4.99127892,5.06131554,192860298
1997-01-08,5.18154606,5.25158300,5.10100412,5.14419365,270772419
1997-01-09,5.10683967,5.18037774,5.07415546,5.13251972,201638261
1997-01-10,5.21772849,5.23873940,5.16520105,5.19671726,203125529
1997-01-13,5.13602063,5.20605786,5.10100264,5.18854809,167282648
1997-01-14,5.22940342,5.49787721,5.17337388,5.39515638,215142711
1997-01-15,5.48620439,5.77335501,5.45235344,5.77335501,367418236
1997-01-16,6.17839872,6.17839872,5.54456783,5.62977886,426196135
1997-01-17,5.43951289,5.76635124,5.43951289,5.68814373,364585144
1997-01-20,5.69631517,5.70798752,5.44651756,5.48503733,215271551
1997-01-21,5.45118802,5.53289701,5.32512121,5.37764931,227253722
1997-01-22,5.53289486,5.75467765,5.53289486,5.74533939,292349010
1997-01-23,5.74533939,5.74533939,5.74533939,5.74533939,0
1997-01-24,5.88307806,6.09668995,5.88307806,6.04883194,520318358
1997-01-27,6.18657008,6.42002584,6.15155178,6.26361084,516657606
1997-01-28,6.39084448,6.44687402,6.24843654,6.42586279,335030243
1997-01-29,6.72351936,6.72351936,6.26361193,6.40251780,503528474
1997-01-30,6.27995301,6.50173580,6.26828003,6.39551353,592714143
1997-01-31,6.26944702,6.37333520,6.16322474,6.25193787,512306436
1997-02-03,6.05817081,6.18073488,5.83638799,5.90759134,386045499
1997-02-04,5.89708560,6.25427216,5.87374027,6.15855551,487395396
1997-02-05,6.33831635,6.39434651,6.10019175,6.14104748,367611497
1997-02-06,6.14104726,6.31030198,6.05933705,6.24026537,445404581
1997-02-07,6.26827900,6.43053015,6.20991538,6.38850832,454092915
1997-02-10,6.39084576,6.40835430,6.25427397,6.36516571,322994855
1997-02-11,6.32547854,6.46555117,6.30329994,6.41769314,253800477
1997-02-12,6.42002554,6.49589831,6.34065068,6.39317751,251775440
1997-02-13,6.35582544,6.41885851,6.31730569,6.36983252,202465921
1997-02-14,6.34999065,6.42002726,6.34415385,6.39668131,144386842
1997-02-17,6.47838941,6.53675304,6.38500686,6.42352724,233793781
1997-02-18,6.43170147,6.43170147,6.21575415,6.26244545,250776926
1997-02-19,6.30563209,6.38734229,6.22042105,6.36983252,290382791
1997-02-20,6.34998875,6.38500643,6.27178126,6.30679893,209330882
1997-02-21,6.25660798,6.28812483,6.19590962,6.21692085,200382065
1997-02-24,6.17022811,6.17489755,5.95428211,5.98346424,239367535
1997-02-25,5.95311553,6.27645182,5.90759160,6.10486174,513271340
1997-02-26,6.06750808,6.19824367,6.03248978,6.15972328,257479435
1997-02-27,6.18890553,6.32080786,6.18423609,6.29629517,279361322
1997-02-28,6.79939140,6.98031973,6.67682733,6.85775566,165116166
1997-03-03,7.16941855,7.31883002,7.08537424,7.12506199,335152081
1997-03-04,7.15540961,7.23595182,7.06086033,7.18809319,292860171
1997-03-05,7.42388611,7.46941004,6.96164455,7.09588099,627047348
1997-03-06,6.98265268,7.07370051,6.92195434,7.02000570,417566619
1997-03-07,7.02000570,7.02000570,7.02000570,7.02000570,0
1997-03-10,6.87293043,6.87293043,6.64414407,6.68149710,383942037
1997-03-11,6.63013512,6.70017235,6.25660678,6.32547665,567678463
1997-03-12,6.55776458,6.62663382,6.41068783,6.50757122,436392744
1997-03-13,6.57060564,6.57994390,6.38267377,6.42236090,278082720
1997-03-14,6.34998974,6.65348150,6.32197435,6.55192804,679037311
1997-03-17,6.58227698,6.67682627,6.50406949,6.64297533,474945478
1997-03-18,6.64180841,6.83791179,6.62079781,6.73052216,463348428
1997-03-19,6.86242348,6.89277234,6.56009788,6.59161472,355162979
1997-03-20,6.54842721,6.72235138,6.47255442,6.63597298,430199995
1997-03-21,6.72351765,6.79121890,6.68266255,6.73635674,297467621
1997-03-24,6.73635674,6.73635674,6.73635674,6.73635674,0
1997-03-25,6.78771745,6.81689957,6.67799374,6.73635674,318629681
1997-03-26,6.81106321,6.90794784,6.78304844,6.80989647,417441980
1997-03-27,6.78188168,6.83324240,6.73519102,6.80756235,223496340
1997-03-28,6.80756235,6.80756235,6.80756235,6.80756235,0
1997-03-31,6.33131264,6.33131264,6.12703962,6.13521051,3646747
1997-04-01,5.65779305,6.20874757,5.60293088,6.09552240,479214021
1997-04-02,6.30096333,6.34648662,6.12236974,6.19824314,369832596
1997-04-03,6.20874712,6.29746022,6.14454733,6.25427103,291468133
1997-04-04,6.16089104,6.25077153,6.11770184,6.22742558,195533739
1997-04-07,6.20408007,6.20874889,6.12353784,6.16439295,177526872
1997-04-08,6.16439295,6.16439295,6.16439295,6.16439295,0
1997-04-09,6.34765561,6.42352841,6.30680051,6.40251780,352918072
1997-04-10,6.31497042,6.34415254,5.98229655,6.21225023,344044880
1997-04-11,5.99980620,6.32547718,5.98930120,6.25193787,283048683
1997-04-14,6.25193787,6.25193787,6.25193787,6.25193787,0
1997-04-15,6.25077116,6.28929092,6.15388652,6.19941044,189804536
1997-04-16,6.19941044,6.19941044,6.19941044,6.19941044,0
1997-04-17,6.27995385,6.55659824,6.25193846,6.52975082,360463647
1997-04-18,6.52975082,6.52975082,6.52975082,6.52975082,0
1997-04-21,6.57177258,6.98732279,6.56243432,6.98498869,407274780
1997-04-22,7.14373900,7.42388610,6.93479650,7.07020092,726681706
1997-04-23,7.23711926,7.26046521,7.13206436,7.15774441,382890306
1997-04-24,7.18692783,7.20793906,7.07603674,7.11105442,280897606
1997-04-25,7.07253484,7.14607353,7.05735978,7.13089848,242518527
1997-04-28,7.12039255,7.18109090,7.08537424,7.12506199,173475397
1997-04-29,7.09821402,7.13673440,7.07603667,7.12389469,156500655
1997-04-30,7.29548353,7.34801098,7.21377458,7.23011637,339969597
1997-05-01,7.23011637,7.23011637,7.23011637,7.23011637,0
1997-05-02,7.16708269,7.18926128,7.11455586,7.12856293,163351611
1997-05-05,7.03167955,7.06202842,6.96397704,6.98382092,257829546
1997-05-06,7.00366487,7.09704744,6.98148690,7.06903267,198544687
1997-05-07,7.09704763,7.09704763,7.00833451,7.02234221,138215100
1997-05-08,7.02467733,7.05969564,6.98965902,7.04685593,99379477
1997-05-09,7.06202945,7.07136771,7.01533817,7.03168058,85274238
1997-05-12,7.02701068,7.04451921,6.81923495,6.83791208,273476670
1997-05-13,6.82857304,6.87526432,6.80756243,6.83207512,166270129
1997-05-14,6.83557603,6.93129330,6.72701967,6.91144943,357819615
1997-05-15,6.86942781,6.92195464,6.84608248,6.86709309,195812427
1997-05-16,7.12494376,7.17349553,7.11523406,7.15528870,116368224
1997-05-19,7.23418467,7.30943909,7.17713643,7.21355009,161148717
1997-05-20,7.21597912,7.25360601,7.19048968,7.21233749,64619137
1997-05-21,7.20990845,7.20990845,7.07760515,7.10066748,153425287
1997-05-22,7.11523360,7.12494330,6.97928866,7.03633690,246214290
1997-05-23,7.01570340,7.14800607,6.95744128,7.04604769,333323105
1997-05-26,7.02177073,7.06910862,6.97928835,6.99506807,142541061
1997-05-27,7.02298642,7.09824150,6.85062845,6.91010380,338209243
1997-05-28,6.94287653,6.98778668,6.84213266,6.85912561,145064655
1997-05-29,6.84334302,7.19048726,6.81906747,7.14314938,507298460
1997-05-30,7.18684625,7.34099736,7.14315000,7.30822468,479755992
1997-06-02,7.36770285,7.42717821,7.29608939,7.39319229,327784362
1997-06-03,7.40411569,7.54734259,7.30701280,7.36406040,361266100
1997-06-04,7.42838959,7.46116292,7.34463871,7.37376976,174758201
1997-06-05,7.43810369,7.65294474,7.41139973,7.54370308,594454891
1997-06-06,7.57404605,7.60439033,7.46480506,7.48058414,271443230
1997-06-09,7.42839100,7.57040467,7.39197798,7.49879122,324115207
1997-06-10,7.57404645,7.64687377,7.52063983,7.61288786,306291798
1997-06-11,7.70756548,7.78039348,7.67236568,7.70271063,283600456
1997-06-12,7.70513546,7.88841765,7.69542575,7.86535597,410819296
1997-06-13,7.91390560,7.97459546,7.78038972,7.83865118,309634650
1997-06-16,7.79010114,7.81680446,7.60439119,7.65537071,269447602
1997-06-17,7.74397904,7.84108196,7.72334445,7.76461363,271997805
1997-06-18,7.91390920,7.99766143,7.82530277,7.85928869,239045434
1997-06-19,7.79252736,8.35087033,7.75732758,8.29989147,579468774
1997-06-20,8.40063608,8.87280110,8.38728475,8.73200130,712670296
1997-06-23,8.82424960,9.02331022,8.81818087,8.86187649,374255188
1997-06-24,8.86066538,9.03059563,8.81696911,8.95412731,306394030
1997-06-25,9.20052657,9.31947794,8.88494099,8.94684410,703592639
1997-06-26,8.93955894,9.46755702,8.54750515,9.21751690,1176069141
1997-06-27,9.14711593,9.18838509,8.94562759,8.97354412,399355288
1997-06-30,8.86066482,8.97961618,8.77691325,8.94198799,403447375
1997-07-01,9.03059323,9.07428950,8.78783570,8.87765598,442137352
1997-07-02,8.99296765,9.14954590,8.93349100,8.98568439,352633783
1997-07-03,8.93956089,9.01845760,8.83881636,8.86673355,225940109
1997-07-04,8.89100655,8.91528275,8.65917327,8.71379375,309913338
1997-07-07,8.69073350,8.86673311,8.67495442,8.74778175,275138993
1997-07-08,8.72835909,8.78176570,8.59362868,8.64218044,308917624
1997-07-09,8.83638796,8.90436044,8.81211240,8.87158775,215082492
1997-07-10,8.93348973,9.03059326,8.84852495,8.91042805,345238055
1997-07-11,8.79754500,8.81211085,8.67373881,8.70893860,242305660
1997-07-14,8.64461117,8.69073520,8.35087403,8.40185356,317003769
1997-07-15,8.46618188,8.53051273,8.38728518,8.43947792,270226247
1997-07-16,8.56935557,8.63975451,8.47467977,8.51594830,295184902
1997-07-17,8.52080419,8.55721851,8.43705326,8.49652863,195743805
1997-07-18,8.49652863,8.49652863,8.49652863,8.49652863,0
1997-07-21,8.37514732,8.39699578,8.30838937,8.37878895,112578631
1997-07-22,8.42369998,8.43341034,8.32052771,8.35815525,163882378
1997-07-23,8.44797378,8.77569673,8.44190570,8.74292469,406262261
1997-07-24,8.81211302,8.85823704,8.56935544,8.61790657,328082656
1997-07-25,8.56935381,8.60333972,8.40063618,8.51716042,302769689
1997-07-28,8.54507847,8.59363089,8.47225178,8.53658199,154803320
1997-07-29,8.52080088,8.61790440,8.49773984,8.60333920,241113885
1997-07-30,8.66281527,8.70893929,8.55842914,8.57906437,136464549
1997-07-31,8.59969859,8.76113297,8.56207170,8.73928452,245046322
1997-08-01,8.76234852,8.85338205,8.72714807,8.83032036,302729077
1997-08-04,8.86066539,8.89586518,8.78298254,8.80847263,208057881
1997-08-05,8.83638880,9.05487082,8.79390641,9.00631905,265491357
1997-08-06,9.07914597,9.10342283,8.98447148,9.06093979,42514580
1997-08-07,8.79147863,9.17625056,8.79147863,9.04637432,486993470
1997-08-08,8.98447186,9.08400187,8.98204346,9.04637432,191725941
1997-08-11,9.03059232,9.20901963,8.98810993,9.18110180,281715463
1997-08-12,9.20902230,9.35831860,9.10342292,9.18960094,352814440
1997-08-13,9.07671669,9.14226140,9.03059267,9.09128189,170164755
1997-08-14,9.06700841,9.12405666,9.03180862,9.05001545,148990091
1997-08-15,9.05001545,9.05001545,9.05001545,9.05001545,0
1997-08-18,9.02938119,9.02938119,8.84003024,8.86673355,129472148
1997-08-19,8.88372508,8.92742135,8.73928431,8.79026318,173535616
1997-08-20,8.79997535,8.89586503,8.74778260,8.88008595,158563504
1997-08-21,8.90800176,8.93349120,8.69801688,8.71865082,133286949
1997-08-22,8.70287029,8.73928395,8.43583656,8.45404339,271782137
1997-08-25,8.39213823,8.39213823,8.15666400,8.25255299,288371758
1997-08-26,8.27804607,8.40913489,8.23799077,8.29139805,277091208
1997-08-27,8.54265247,8.73685959,8.41156363,8.43219757,178109455
1997-08-28,8.38364572,8.42370102,8.20643286,8.23313618,216221050
1997-08-29,8.20764496,8.22706566,7.96003191,8.01829338,294670941
1997-09-01,8.02921884,8.25134249,8.01101201,8.20643234,276420397
1997-09-02,8.25376778,8.31931185,8.07169884,8.22220898,305511752
1997-09-03,8.36300941,8.41034730,8.21735411,8.25983715,269645064
1997-09-04,8.23192129,8.38728631,8.18094241,8.35815525,267762872
1997-09-05,8.38728493,8.43219507,8.30474725,8.38485718,236878952
1997-09-08,8.30232193,8.38728738,8.25377080,8.36908054,132862615
1997-09-09,8.39456757,8.43340833,8.33145060,8.37757397,155177238
1997-09-10,8.30596146,8.35087095,8.25498129,8.30717468,139542717
1997-09-11,8.33873297,8.52929773,8.32173936,8.43583584,299061322
1997-09-12,8.38485718,8.41884374,8.34601641,8.38485718,140132303
1997-09-15,8.36665249,8.41763202,8.33994982,8.36665249,84919926
1997-09-16,8.37878784,8.59848367,8.37878784,8.53051186,236806129
1997-09-17,8.54871845,8.59362859,8.53293872,8.54871845,19456323
1997-09-18,8.44797509,8.47225130,8.36301030,8.42491341,160477906
1997-09-19,8.44676187,8.53294053,8.41156207,8.42491341,146973456
1997-09-22,8.40670648,8.40670648,8.15909343,8.18579674,170684319
1997-09-23,8.15909107,8.24162873,8.13238777,8.17972565,136332907
1997-09-24,8.32659494,8.39699451,8.24284340,8.25862312,109529872
1997-09-25,8.22949261,8.46011270,8.20521705,8.43098164,282614546
1997-09-26,8.47224955,8.61304933,8.47224955,8.53900814,254887219
1997-09-29,8.64218085,8.79026259,8.61911852,8.69801521,241050865
1997-09-30,8.68709050,8.81089734,8.66038720,8.77448368,198828976
1997-10-01,8.76355839,8.82424825,8.61547601,8.76113129,241237123
1997-10-02,8.76113129,8.76113129,8.76113129,8.76113129,0
1997-10-03,8.76113129,8.76113129,8.76113129,8.76113129,0
1997-10-06,8.76113129,8.76113129,8.76113129,8.76113129,0
1997-10-07,8.76113129,8.76113129,8.76113129,8.76113129,0
1997-10-08,8.76113129,8.76113129,8.76113129,8.76113129,0
1997-10-09,8.84245557,9.36802652,8.81818001,9.30612278,571827969
1997-10-10,9.38744792,10.23710095,9.38744792,10.23224545,842876276
1997-10-13,10.43616291,10.70076893,10.32692191,10.44344616,821158240
1997-10-14,10.39003552,10.51505621,9.49183160,9.69817543,829693927
1997-10-15,9.75158496,9.89723962,9.59500543,9.76372242,407386815
1997-10-16,9.83048031,10.03318320,9.70060475,9.81591511,453279259
1997-10-17,9.85596924,10.04167916,9.80256262,9.86203861,419364785
1997-10-20,9.83290983,9.98341935,9.71031685,9.96035767,262550431
1997-10-21,9.97735064,10.19097779,9.83169597,9.91787529,492254926
1997-10-22,10.05017759,10.16670119,9.97128088,10.01012230,327551889
1997-10-23,10.02590114,10.08659102,9.73823345,9.84261894,392390896
1997-10-24,9.83169506,9.83169506,9.47484103,9.61199856,450881704
1997-10-27,18.49329555,19.09290707,18.28695104,18.37191582,174379381
1997-10-28,18.30879682,18.30879682,16.53666389,16.56336784,207521512
1997-10-29,16.93721648,18.21169587,16.93721648,18.16557121,238464951
1997-10-30,18.06361489,18.06361489,17.36204559,17.59994698,85330255
1997-10-31,17.59994698,17.59994698,17.59994698,17.59994698,0
1997-11-03,17.62665849,18.05148517,17.14114321,17.61452103,138400658
1997-11-04,17.57567150,17.91553191,17.02946658,17.19454193,144830081
1997-11-05,8.93349263,9.09128543,8.81939675,8.86794853,95911986
1997-11-06,8.83638955,8.83638955,8.60576940,8.76356220,100382893
1997-11-07,8.64460872,8.73442900,8.59848470,8.66888428,51043964
1997-11-10,8.62275882,8.62275882,8.45768413,8.47467709,61176854
1997-11-11,8.45283067,8.61062344,8.42612736,8.51837540,61484950
1997-11-12,8.49409988,8.56450011,8.18336981,8.21735573,152259420
1997-11-13,8.16637489,8.18094075,7.85321780,7.96245813,154029577
1997-11-14,7.96245813,7.96245813,7.96245813,7.96245813,0
1997-11-17,8.02800427,8.16880342,7.93332848,8.11782455,118330241
1997-11-18,8.08383879,8.10811435,7.89206011,7.93332863,95344107
1997-11-19,7.90419591,7.90419591,7.60317565,7.63716221,161332175
1997-11-20,7.57647305,7.70756249,7.34585364,7.54248714,132565722
1997-11-21,7.48179965,7.66629509,7.42839237,7.54491663,100555147
1997-11-24,7.47694157,7.61045875,7.16863937,7.20019817,134209139
1997-11-25,7.16135777,7.78767262,7.14193642,7.64687347,221540624
1997-11-26,7.71970267,8.10811559,7.71970267,7.94789505,193414172
1997-11-27,7.91390564,8.13238823,7.72455540,8.10568428,180871125
1997-11-28,8.06441962,8.06441962,7.60803481,7.70271063,186496695
1997-12-01,7.62745323,7.86292816,7.53763294,7.80223894,104103164
1997-12-02,7.78281927,7.86535696,7.62502649,7.67357826,108302385
1997-12-03,7.71484809,7.82894461,7.63231038,7.70271063,105664655
1997-12-04,7.65901152,8.32659623,7.45266699,7.80952168,367892986
1997-12-05,7.77310798,8.27561733,7.77310798,7.92847300,260028938
1997-12-08,7.96731495,8.20279056,7.96245945,8.13481808,137464463
1997-12-09,8.15666350,8.23191791,7.38469288,7.57161665,246915210
1997-12-10,7.48180069,7.61774503,7.35799445,7.48665619,112307646
1997-12-11,7.47937018,7.64444618,7.26574307,7.57890081,153768395
1997-12-12,7.61774175,7.61774175,7.27302587,7.30458403,189119721
1997-12-15,7.29001880,7.54491441,7.16863972,7.50850010,177750242
1997-12-16,7.52549433,7.65415602,7.39440489,7.58618355,140796812
1997-12-17,7.67114846,7.76339648,7.53277708,7.62987995,74140734
1997-12-18,7.65658326,7.90905177,7.57890044,7.63230705,135859558
1997-12-19,7.59103986,7.83137031,7.54977134,7.80466700,127392493
1997-12-22,7.86292775,7.97945199,7.82165923,7.90176916,90738757
1997-12-23,7.93332618,8.02800194,7.90905063,7.98916054,84393360
1997-12-24,7.92604380,7.92604380,7.75611298,7.89448500,72745895
1997-12-25,7.89448500,7.89448500,7.89448500,7.89448500,0
1997-12-26,7.91390695,8.12025148,7.88963139,8.08383846,96386735
1997-12-29,8.08383819,8.26590585,8.08383819,8.22706509,81759832
1997-12-30,8.27804347,8.27804347,7.97459608,8.03771305,71475695
1997-12-31,8.01100994,8.22706481,8.01100994,8.14209938,61601187
1998-01-01,8.10083276,8.31445993,8.05713584,8.21735573,85954852
1998-01-02,8.25376778,8.30960215,8.19307792,8.21978188,45964566
1998-01-05,8.26105197,8.47225136,8.26105197,8.37272072,91759679
1998-01-06,8.31688664,8.37514812,8.19550753,8.30474854,68660809
1998-01-07,8.38971298,8.41156144,8.21492727,8.38728523,100660880
1998-01-08,8.36058220,8.38485776,8.12025175,8.17123127,112816006
1998-01-09,8.11539603,8.11539603,7.91633477,7.96245813,104302726
1998-01-12,7.91876313,7.91876313,7.53035026,7.59346724,117221792
1998-01-13,7.58618511,7.81195038,7.58618511,7.66629505,85152399
1998-01-14,7.88963206,7.88963206,7.45266742,7.51821280,100106306
1998-01-15,7.46723328,7.62745380,7.42839186,7.59346724,69335821
1998-01-16,7.63716255,7.67114846,7.55219713,7.63230705,48451749
1998-01-19,7.59832225,7.86050115,7.52792267,7.81923199,85051568
1998-01-20,7.85564523,7.96974107,7.62502516,7.69056988,75693822
1998-01-21,7.71970038,7.76825214,7.67600347,7.70999002,42754756
1998-01-22,7.69056796,7.69056796,7.54005785,7.57161665,48247284
1998-01-23,7.54976947,7.59832058,7.46723115,7.49636221,49873896
1998-01-26,7.49636221,7.49636221,7.49636221,7.49636221,0
1998-01-27,7.52063916,7.52063916,7.29244620,7.35556316,70613724
1998-01-28,7.28759104,7.37983906,7.12008795,7.19534302,87204745
1998-01-29,7.16135807,7.30215787,7.13950961,7.26817131,46620672
1998-01-30,7.29730457,7.50364915,7.27060125,7.48665619,83270907
1998-02-02,7.52549485,7.63230809,7.48179858,7.61046028,67724614
1998-02-03,7.63473646,7.77068077,7.55705427,7.72698450,86415597
1998-02-04,7.74397704,7.76096999,7.44538511,7.49150848,76480870
1998-02-05,7.47694273,7.64201809,7.47694273,7.58132887,58627351
1998-02-06,7.59346724,7.64687451,7.54006061,7.59346724,44069769
1998-02-09,7.61531613,7.72941264,7.57647471,7.67357826,54085722
1998-02-10,7.64930140,7.68328731,7.59346703,7.63959169,42983728
1998-02-11,7.59346758,7.62259929,7.32886219,7.40411663,58101486
1998-02-12,7.37984159,7.41625526,7.20262809,7.24632502,91721867
1998-02-13,7.28030839,7.36770091,7.23903988,7.32400465,44642550
1998-02-16,7.32400465,7.32400465,7.32400465,7.32400465,0
1998-02-17,7.37255599,7.47451436,7.29730157,7.34585333,69964619
1998-02-18,7.33614322,7.36770138,7.25360490,7.28759146,33233859
1998-02-19,7.31672322,7.54491623,7.28516506,7.41868162,87117918
1998-02-20,7.44781142,7.49636253,7.28516319,7.29972839,68251180
1998-02-23,7.33614506,7.44053056,7.30944109,7.41382790,49233895
1998-02-24,7.44538606,7.46480677,7.36527547,7.41382790,66949470
1998-02-25,7.50121827,7.67114846,7.44295616,7.62987995,83678435
1998-02-26,7.63958996,7.70027917,7.56433425,7.63716221,65605047
1998-02-27,7.65415790,7.82894364,7.64687529,7.77796412,95131240
1998-03-02,7.80709422,8.16880377,7.80709422,8.11296940,123609903
1998-03-03,8.08383926,8.15666660,7.70028124,7.79010153,99408886
1998-03-04,7.87021171,8.15666618,7.86535621,8.06927299,86848333
1998-03-05,8.03528949,8.34601962,7.96246149,8.09597874,118509498
1998-03-06,8.06441823,8.12753521,7.96245983,8.04742527,82727536
1998-03-09,8.09354812,8.84367049,8.09354812,8.77812576,264698007
1998-03-10,8.78783541,8.90435899,8.49652548,8.56692505,178525386
1998-03-11,8.64946462,8.72957455,8.23677619,8.35087204,198546087
1998-03-12,8.35087207,8.37272053,8.20279031,8.26833439,152676751
1998-03-13,8.26833439,8.26833439,8.26833439,8.26833439,0
1998-03-16,8.29746515,8.77084343,8.29746515,8.56207180,168154422
1998-03-17,8.53294043,8.56935474,8.38485801,8.48681641,117781969
1998-03-18,8.66645618,8.75870356,8.62275927,8.67859364,91482392
1998-03-19,8.70772391,8.74656532,8.51351817,8.55478668,89757749
1998-03-20,8.51351858,8.65431771,8.43583576,8.61062145,106067282
1998-03-23,8.66645620,8.78783528,8.66645620,8.74899387,24629551
1998-03-24,8.93349220,8.97718912,8.61790726,8.67616940,123780056
1998-03-25,8.81210982,8.96261994,8.69073075,8.92620564,125146887
1998-03-26,8.92620813,8.94562948,8.67859507,8.71258163,96842579
1998-03-27,8.69558911,8.77569905,8.65432058,8.75870609,85253931
1998-03-30,8.80482948,8.87037356,8.57178164,8.60819530,80663987
1998-03-31,8.56207402,8.63975557,8.44797684,8.49652863,112466596
1998-04-01,8.61790485,8.90921414,8.59362929,8.87765598,120689984
1998-04-02,8.90921531,9.03059442,8.80482982,8.82910538,82061627
1998-04-03,8.81211116,9.00631692,8.81211116,8.97961426,99024465
1998-04-06,9.01845506,9.06457907,8.93348899,8.97475815,78792998
1998-04-07,8.95776542,9.10342070,8.88979360,8.99903393,120966571
1998-04-08,8.99903393,8.99903393,8.99903393,8.99903393,0
1998-04-09,9.17139467,9.83897880,9.17139467,9.68361378,152860209
1998-04-10,9.66176304,9.70545929,9.43114299,9.46512890,99406085
1998-04-13,9.32675770,9.33161255,9.14954425,9.18595791,123310209
1998-04-14,9.18595791,9.18595791,9.18595791,9.18595791,0
1998-04-15,9.49183303,9.70546014,9.41900571,9.64962578,90094555
1998-04-16,9.64719718,9.66176304,9.42628749,9.46512890,61606789
1998-04-17,9.46270351,9.68361325,9.39958653,9.65690994,94924675
1998-04-20,9.69575000,9.81712843,9.54038435,9.60350132,101989899
1998-04-21,9.63749045,9.74673080,9.58893802,9.67390347,77515096
1998-04-22,9.80741931,10.03803939,9.56466112,9.61564064,162416817
1998-04-23,9.55980549,9.60350110,9.21023409,9.26849556,130202478
1998-04-24,9.28548900,9.36074408,9.08157288,9.30248260,142516553
1998-04-27,9.31462272,9.39473267,9.10342394,9.13498211,172497889
1998-04-28,9.12769859,9.14954640,8.93834699,8.98204327,149273680
1998-04-29,9.46270205,9.61321154,9.20780642,9.24664783,118086565
1998-04-30,9.20295283,9.36317335,9.15682880,9.31947708,100386394
1998-05-01,9.31947708,9.31947708,9.31947708,9.31947708,0
1998-05-04,9.34617950,9.49183416,9.32675879,9.45542049,76239994
1998-05-05,9.44328174,9.48455026,9.40444033,9.45784760,38495315
1998-05-06,9.76701165,9.77202263,9.53649258,9.56655979,68254681
1998-05-07,9.56655979,9.56655979,9.56655979,9.56655979,0
1998-05-08,9.52897896,9.58159727,9.47635932,9.52146149,52942962
1998-05-11,9.49891002,9.58410203,9.47886543,9.55904579,25085395
1998-05-12,9.54150684,9.54150684,9.13809716,9.28843594,98744377
1998-05-13,9.27089476,9.27089476,8.63446089,8.75974274,127637571
1998-05-14,8.64448409,9.02033169,8.52421388,8.95518494,173089576
1998-05-15,9.04288163,9.16565832,8.83992391,8.88001442,116201571
1998-05-18,8.94265788,9.09299735,8.94265788,8.97773743,57525204
1998-05-19,8.97522889,9.09550043,8.94516167,9.06543255,62047227
1998-05-20,9.08046544,9.21075960,9.02534132,9.18069172,84168590
1998-05-21,9.22078414,9.29344838,9.00529858,9.07044601,119844818
1998-05-22,9.09550244,9.14561560,9.02033304,9.11304188,62333618
1998-05-25,8.99527599,9.23832293,8.97523006,9.14811993,80383198
1998-05-26,9.12055868,9.15062658,9.06042357,9.11304188,48970612
1998-05-27,9.07044574,9.07044574,8.65200243,8.69960976,126653761
1998-05-28,8.64949593,8.72466532,8.30371688,8.33378410,165941026
1998-05-29,8.31123310,8.56931429,7.94290299,8.36134624,217219564
1998-06-01,8.46908760,8.92010451,8.19847799,8.28116417,244277480
1998-06-02,8.31875075,8.31875075,7.70737233,7.79507017,307202785
1998-06-03,8.01807512,8.36385427,7.94541087,8.30873013,146787197
1998-06-04,8.36886416,8.39392041,8.14836697,8.18845749,83354233
1998-06-05,8.12581639,8.16340176,7.83766659,7.91784763,112378368
1998-06-08,7.99301770,8.04313086,7.54200128,7.79757738,112073072
1998-06-09,7.84267789,7.93037507,7.68231647,7.75748587,101251866
1998-06-10,7.79256391,7.81762014,7.46682948,7.49940252,95872073
1998-06-11,7.42172638,7.64472865,7.31648914,7.60213232,98932036
1998-06-12,7.63971744,7.75497731,7.50190715,7.60463858,73049090
1998-06-15,7.58209186,7.58209186,7.26637996,7.30145884,60800835
1998-06-16,7.26637745,7.29895116,6.93062040,7.26637745,106880238
1998-06-17,7.42924550,7.85270046,7.42924550,7.69735003,81553967
1998-06-18,7.79256630,7.94290510,7.41671862,7.46182013,81733923
1998-06-19,7.37412159,7.37412159,7.06592656,7.11854553,70692848
1998-06-22,7.02082385,7.12856626,6.53973904,6.97321653,71736877
1998-06-23,6.94064321,7.08095934,6.76524821,6.97822857,89682825
1998-06-24,7.11603854,7.25134436,7.04337565,7.22127581,56495880
1998-06-25,7.24132144,7.47685154,7.24132144,7.38163757,69064836
1998-06-26,7.36660196,7.41671509,7.12606025,7.19872379,63260709
1998-06-29,7.19120875,7.35157015,7.11603870,7.32901907,39429409
1998-06-30,7.36159331,7.36159331,7.16615236,7.19371510,79295756
1998-07-01,7.06592676,7.21125456,7.00328582,7.12856770,56259906
1998-07-02,7.11102765,7.28892848,7.02834146,7.13608456,67963389
1998-07-03,7.13858838,7.16364529,6.94314816,6.99576712,48541377
1998-07-06,7.06342091,7.21375969,7.02333039,7.19371510,42251997
1998-07-07,7.20874832,7.30145714,7.15612935,7.18870306,67696605
1998-07-08,7.31649169,7.40168304,7.27138953,7.31148005,48881684
1998-07-09,7.34154617,7.44177177,7.27639942,7.31398344,63350338
1998-07-10,7.36159255,7.53698822,7.35658157,7.50692034,87972187
1998-07-13,7.52195296,7.73743845,7.32901787,7.40168142,83065042
1998-07-14,7.36660256,7.45430106,7.30396164,7.40168142,50045450
1998-07-15,7.56705689,7.63721531,7.37412242,7.41170645,60575364
1998-07-16,7.45680782,7.58960716,7.40418884,7.56204510,48055424
1998-07-17,7.56705595,7.61466327,7.42172882,7.48436975,57168792
1998-07-20,7.58710136,7.58710136,7.27890633,7.31148005,44508107
1998-07-21,7.32651421,7.38414349,7.04086960,7.06843233,79669674
1998-07-22,7.14109560,7.20874818,7.02082471,7.05840874,67297480
1998-07-23,7.08095957,7.08847705,6.77276524,6.80032730,76766560
1998-07-24,6.78779937,6.89053081,6.67755045,6.71262932,70514993
1998-07-27,6.76524888,6.81536203,6.51969546,6.55226851,55063930
1998-07-28,6.55978589,6.76524879,6.54224645,6.73267508,73167427
1998-07-29,6.76524878,7.00829637,6.68005609,6.94064379,78314047
1998-07-30,6.96069101,7.04087073,6.79030628,6.84292459,47829253
1998-07-31,6.86296983,6.94064437,6.79030559,6.81285667,32756309
1998-08-03,6.76775374,6.76775374,6.60739301,6.63746023,31122695
1998-08-04,6.62493202,6.74019191,6.62493202,6.67755032,44467495
1998-08-05,6.61491000,6.68757424,6.51969601,6.63245010,60496940
1998-08-06,6.69007903,6.70260682,6.50466073,6.52971697,69610308
1998-08-07,6.56479698,6.57732610,6.49714506,6.52470779,63951127
1998-08-10,6.50215551,6.50215551,6.33678247,6.34680510,57364854
1998-08-11,6.34179476,6.34179476,6.19396180,6.22653484,86423299
1998-08-12,6.11378002,6.20398301,6.01856538,6.11378002,69926107
1998-08-13,6.11378055,6.23906242,6.05615060,6.16389370,57538508
1998-08-14,6.16389351,6.19396073,6.01605990,6.03610516,75680518
1998-08-17,6.10876961,6.16389441,5.98348706,6.00854397,57642841
1998-08-18,6.00102637,6.00353219,5.71788823,5.73542833,105618441
1998-08-19,5.75797794,5.86321521,5.28942154,5.48736763,210072415
1998-08-20,5.55251451,5.92836175,5.48736742,5.92585659,156903281
1998-08-21,5.92836312,6.14886033,5.76549587,5.81310320,207838712
1998-08-24,5.80057389,5.93337321,5.52244679,5.73292065,85819709
1998-08-25,5.76298974,5.88827160,5.72791087,5.78303432,111176090
1998-08-26,5.78303432,5.78303432,5.78303432,5.78303432,0
1998-08-27,5.85820467,5.90581133,5.66526955,5.69784260,102959004
1998-08-28,5.66527058,5.66527058,5.37712075,5.40217733,123102243
1998-08-31,5.41219758,5.48235631,5.30194934,5.36709642,66178528
1998-09-01,5.35707457,5.35707457,5.11152116,5.16163397,101085214
1998-09-02,5.31197289,5.32700684,5.21174693,5.25935459,63243904
1998-09-03,5.23680367,5.48235743,5.22176973,5.32450151,121776726
1998-09-04,5.35958040,5.75046095,5.35958040,5.74795580,205755556
1998-09-07,5.85820467,5.95592447,5.77551781,5.87323761,155376101
1998-09-08,5.89829343,5.89829343,5.73292041,5.84818029,99037769
1998-09-09,5.95842986,6.09874600,5.86321522,5.91332769,165801682
1998-09-10,5.89077822,6.08371335,5.82813728,5.99852133,190962701
1998-09-11,5.96344125,5.96344125,5.83064191,5.89578867,118251817
1998-09-14,5.92836008,6.18894768,5.92836008,6.15637398,175759516
1998-09-15,6.13633098,6.13883681,6.01856592,6.04612732,124121764
1998-09-16,6.13883710,6.14885973,5.97847569,6.00353193,85479402
1998-09-17,5.99852140,6.13382591,5.96845351,6.02608347,128005886
1998-09-18,6.01355271,6.04863224,5.93838334,6.01104689,77779779
1998-09-21,6.05865578,6.25159090,6.05865578,6.14134264,138668842
1998-09-22,6.15637655,6.18644377,6.01606040,6.06617355,126544527
1998-09-23,6.13883798,6.22403001,6.11127524,6.16138840,84826797
1998-09-24,6.20899449,6.32676021,6.20899449,6.29919815,109968210
1998-09-25,6.27915379,6.42448093,6.27915379,6.34430122,124609117
1998-09-28,6.38188480,6.40694104,6.26411974,6.27915335,79287353
1998-09-29,6.28667083,6.35682857,5.99100424,6.05113935,120818124
1998-09-30,6.03861024,6.07368978,5.95091308,5.97596931,111993247
1998-10-01,5.97596931,5.97596931,5.97596931,5.97596931,0
1998-10-02,5.97596931,5.97596931,5.97596931,5.97596931,0
1998-10-05,5.94089157,5.94089157,5.49989748,5.49989748,82924998
1998-10-06,5.41219847,5.55251495,5.31447834,5.47985172,107058094
1998-10-07,5.56253763,5.76298954,5.56253763,5.74043846,100016677
1998-10-08,5.78804684,5.82563154,5.41219919,5.44226742,165968334
1998-10-09,5.46231140,5.70786481,5.42472705,5.53998661,169606679
1998-10-12,5.58759417,5.66777420,5.32199484,5.37210798,104322333
1998-10-13,5.32951166,5.32951166,5.15161118,5.18418455,135456932
1998-10-14,5.29192927,5.53748309,5.24682709,5.49488640,123857781
1998-10-15,5.41721006,5.45730057,5.30195015,5.33201838,83863294
1998-10-16,5.36709671,5.45980552,5.29443283,5.36960220,79749499
1998-10-19,5.39716402,5.39716402,5.27438800,5.28691578,29780372
1998-10-20,5.29192727,5.29192727,4.99124909,5.07644176,109856174
1998-10-21,5.07644176,5.07644176,5.07644176,5.07644176,0
1998-10-22,5.14158872,5.37461436,5.14158872,5.31197309,105235420
1998-10-23,5.33953448,5.40217608,5.25183731,5.34705162,147341072
1998-10-26,5.40718768,5.77551746,5.40718768,5.77551746,97624725
1998-10-27,5.86321526,5.90330577,5.69784221,5.77802324,114369095
1998-10-28,5.91834054,5.91834054,5.67529224,5.71037245,92564932
1998-10-29,5.65274111,5.69283029,5.57506524,5.66526890,84179793
1998-10-30,5.63770776,5.72540494,5.51242488,5.54750443,102306398
1998-11-02,5.51743619,5.59260524,5.41721023,5.53748178,102622198
1998-11-03,5.53748028,5.53748028,5.42723138,5.44477081,99157507
1998-11-04,5.44477081,5.44477081,5.44477081,5.44477081,0
1998-11-05,5.51242482,5.59010037,5.47985211,5.57506609,98155492
1998-11-06,5.58508987,6.00854491,5.58508987,5.93588066,245471356
1998-11-09,6.01355428,6.27915296,6.01355428,6.14134264,200914933
1998-11-10,6.13382587,6.18644418,6.04863451,6.12881422,125555115
1998-11-11,6.21400701,6.22653479,5.97597036,6.02357769,113206729
1998-11-12,5.96344057,6.38940062,5.85068717,6.25910711,277402106
1998-11-13,6.27664681,6.33177093,6.09373433,6.15387011,260143774
1998-11-16,6.07118395,6.07118395,5.88827147,5.92335033,133786206
1998-11-17,5.91082159,6.07118296,5.88827051,6.03109312,149670005
1998-11-18,6.03861014,6.12630798,6.03861014,6.09373426,91709263
1998-11-19,6.07118460,6.23655766,5.97346479,5.98849773,265329606
1998-11-20,5.96594761,6.08872500,5.93337456,5.99852133,150923399
1998-11-23,5.96344162,5.97346492,5.85820501,5.88075542,94873559
1998-11-24,5.91332806,5.95592441,5.85569811,5.85569811,99721885
1998-11-25,5.85569811,5.85569811,5.85569811,5.85569811,0
1998-11-26,5.81310137,5.92334961,5.67028009,5.68531370,125298834
1998-11-27,5.68030447,5.72290082,5.56253938,5.61014605,123057429
1998-11-30,5.52244736,5.62517881,5.48987399,5.62517881,79217331
1998-12-01,5.59761712,5.65775224,5.57256088,5.62016821,96679427
1998-12-02,5.67278570,5.78052879,5.62016740,5.66526890,141104909
1998-12-03,5.67278583,5.67529099,5.60262743,5.61265039,70440769
1998-12-04,5.61014408,5.70034774,5.59260465,5.68781996,73264758
1998-12-07,5.68531404,5.82312434,5.66777393,5.80558491,94619379
1998-12-08,5.78804639,5.83314789,5.74043907,5.81811428,75845770
1998-12-09,5.90330575,6.02357662,5.86321523,5.92335033,162705307
1998-12-10,5.96845252,6.03359928,5.93838463,5.98599195,111169087
1998-12-11,6.01856636,6.02858832,5.95843058,6.00603724,79072386
1998-12-14,5.99852072,6.03861057,5.90080025,5.92084551,67080412
1998-12-15,5.88827154,5.93587886,5.77551746,5.77551746,138273918
1998-12-16,5.78303491,5.84317069,5.74545088,5.84066486,60307180
1998-12-17,5.63770697,5.77050630,5.59511096,5.61265039,85716077
1998-12-18,5.61014361,5.68781948,5.59761583,5.64522314,64542113
1998-12-21,5.72540491,5.85319327,5.71287712,5.84317064,83915810
1998-12-22,5.85319260,5.94339626,5.73793270,5.92335033,127633369
1998-12-23,6.01355469,6.01355469,5.84317064,5.84317064,91144885
1998-12-24,5.81811444,5.86822759,5.79556335,5.83064222,62204777
1998-12-25,5.83064222,5.83064222,5.83064222,5.83064222,0
1998-12-28,5.91332746,6.08371214,5.88827122,6.03860998,120220136
1998-12-29,6.03610601,6.05865642,5.94089135,5.97847605,80851646
1998-12-30,6.07869879,6.24156596,6.06867617,6.15637398,121616376
1998-12-31,6.15386874,6.15386874,5.99350739,5.99350739,73801127
1999-01-01,6.01355468,6.13633140,5.99350942,6.12380362,92105588
1999-01-04,6.16389287,6.27664627,6.13131916,6.18894911,126563432
1999-01-05,6.20147772,6.21400618,6.12881349,6.16389370,86519930
1999-01-06,6.27664640,6.29669165,6.19897186,6.21400547,99531425
1999-01-07,6.23655589,6.60238011,6.22903909,6.51468229,237430025
1999-01-08,6.66502270,7.03585863,6.58484167,7.03585863,249879243
1999-01-11,7.31649021,7.59962828,7.27138805,7.27138805,233185289
1999-01-12,7.15362443,7.25886171,6.97321776,7.09599447,138880309
1999-01-13,7.19121074,7.25635684,6.87800398,6.94565725,175433913
1999-01-14,6.73518053,6.96569965,6.70260681,6.82287836,119214620
1999-01-15,6.91558721,6.92560984,6.69007906,6.76775360,108959192
1999-01-18,6.86046239,6.86046239,6.46457022,6.79030466,201381280
1999-01-19,6.69007936,6.69007936,6.48962744,6.51718950,139560923
1999-01-20,6.51718950,6.51718950,6.51718950,6.51718950,0
1999-01-21,6.53973934,6.67755032,6.35181656,6.67755032,120108101
1999-01-22,6.71513478,6.95317137,6.69508953,6.77025890,124151173
1999-01-25,6.66502305,6.75522605,6.51969526,6.67504501,114612071
1999-01-26,6.67504501,6.67504501,6.67504501,6.67504501,0
1999-01-27,6.80283301,6.94064400,6.74019275,6.82788992,96001614
1999-01-28,6.79030473,6.86547412,6.63996597,6.64247179,66867545
1999-01-29,6.74019333,6.74019333,6.58985387,6.64748383,50308033
1999-02-01,6.58985342,6.65249502,6.43951464,6.43951464,46323079
1999-02-02,6.41445862,6.45454914,6.24407391,6.28416443,78162799
1999-02-03,6.38940016,6.47709799,6.32926506,6.47709799,66360585
1999-02-04,6.48712151,6.51468357,6.26411918,6.29418707,65990168
1999-02-05,6.29418728,6.32926615,6.12881356,6.13883686,57560915
1999-02-08,6.11378020,6.16389335,5.93086706,5.93838453,48882384
1999-02-09,5.91833956,6.02858782,5.84317018,6.02858782,75249182
1999-02-10,6.03861050,6.17892731,5.96845276,6.16389370,73022482
1999-02-11,6.18894854,6.23906101,6.10626237,6.11879015,62590598
1999-02-12,6.13883540,6.20899313,6.10876752,6.11879015,45684478
1999-02-15,6.11879088,6.13883614,5.96594630,5.97095728,41364118
1999-02-16,5.93587935,6.04111663,5.91833991,6.00353193,66955772
1999-02-17,6.05364467,6.23405132,6.00854317,6.10626364,94623580
1999-02-18,6.16389244,6.59486341,6.11879029,6.59486341,155099514
1999-02-19,6.73517886,7.12355413,6.72014459,7.08596945,228103090
1999-02-22,7.16114125,7.16114125,6.56479645,6.56479645,180761890
1999-02-23,6.54224722,6.91308254,6.51468448,6.90556574,161297864
1999-02-24,6.96570062,7.14610797,6.85545303,7.06091595,236486828
1999-02-25,7.02082317,7.20373494,6.92811437,7.00077724,196071509
1999-02-26,7.03836481,7.11102838,6.92811655,7.01080275,120762807
1999-03-01,7.26637745,7.34154683,7.10100509,7.26637745,176989803
1999-03-02,7.26637745,7.26637745,7.26637745,7.26637745,0
1999-03-03,7.51193145,7.78003595,7.39166057,7.54199934,232731546
1999-03-04,7.74245044,7.76750668,7.49439056,7.59712267,131536398
1999-03-05,7.69734873,7.89028450,7.59211146,7.65224791,175151024
1999-03-08,7.76750840,7.86272305,7.51944913,7.65725946,132261126
1999-03-09,7.64974281,7.69233849,7.46683097,7.51694345,133489312
1999-03-10,7.60463989,7.60463989,7.12856670,7.21626520,111106068
1999-03-11,7.22127456,7.26637672,6.99576712,6.99576712,69427550
1999-03-12,6.99827311,7.05089141,6.82788909,6.89554167,95054916
1999-03-15,6.94565486,7.15111774,6.86547383,6.97822857,81838256
1999-03-16,6.93563294,7.00328620,6.69008017,6.69008017,88734027
1999-03-17,6.79030485,6.95818305,6.59486458,6.61490917,80436415
1999-03-18,6.61490924,6.67755084,6.54976315,6.67504501,59986479
1999-03-19,6.69007964,6.96570028,6.60739344,6.63996649,108058709
1999-03-22,6.56980708,6.61490857,6.34930993,6.43450260,52939461
1999-03-23,6.43450358,6.46457080,6.33928893,6.41195250,81858563
1999-03-24,6.49213294,6.80533892,6.16890366,6.39691830,114405506
1999-03-25,6.36434431,6.42949106,6.21901653,6.24156761,47087719
1999-03-26,6.19145576,6.27414196,6.05113961,6.11127472,58422187
1999-03-29,6.11127472,6.11127472,6.11127472,6.11127472,0
1999-03-30,6.00603705,6.19145536,5.88326100,6.19145536,103332921
1999-03-31,6.46457060,6.63746045,6.41946977,6.53472900,65478279
1999-04-01,6.55978606,6.72014679,6.48962765,6.57983065,66402262
1999-04-02,6.57983065,6.57983065,6.57983065,6.57983065,0
1999-04-05,6.31423213,6.39190734,6.05364509,6.05615091,64547616
1999-04-06,5.96344158,6.45956011,5.90080065,6.31673813,82499964
1999-04-07,6.27664596,6.39942264,6.19145396,6.28666925,56447173
1999-04-08,6.29919740,6.40693981,6.19145431,6.22903967,59092634
1999-04-09,6.21901752,6.24908541,5.98849769,6.04362249,46079668
1999-04-12,6.01355460,6.10876925,5.91583480,6.04362249,34040093
1999-04-13,5.97847488,6.13633044,5.97847488,6.03860998,53060123
1999-04-14,6.03860998,6.03860998,6.03860998,6.03860998,0
1999-04-15,5.81560871,5.94590223,5.81560871,5.87824965,38340552
1999-04-16,5.91332638,6.34930897,5.91332638,6.34930897,37784143
1999-04-19,6.16138748,6.60488701,6.09122974,6.47208834,107966896
1999-04-20,6.52470586,6.66502197,6.42698540,6.64998770,85774769
1999-04-21,6.64748313,6.69759628,6.48211008,6.53222322,55643110
1999-04-22,6.52470759,6.64998946,6.21400672,6.31423235,110777552
1999-04-23,6.37687388,6.41445858,6.18895040,6.33928919,81511561
1999-04-26,6.11377990,6.16389304,5.97095728,5.97095728,92581990
1999-04-27,5.97095728,5.97095728,5.97095728,5.97095728,0
1999-04-28,5.99350832,6.22653325,5.99350832,6.21400547,55481527
1999-04-29,6.22653350,6.71262932,6.22653350,6.71262932,151664428
1999-04-30,6.78529192,6.91308026,6.68256117,6.79782104,117325887
1999-05-03,6.83791215,6.90806988,6.72766324,6.73768520,69425240
1999-05-04,6.76274103,7.27890396,6.75271841,7.27890396,104142236
1999-05-05,7.16615426,7.60965391,7.16615426,7.37662888,160732044
1999-05-06,7.40669408,7.55953867,7.26637794,7.53698826,129847312
1999-05-07,8.04520642,8.22329112,7.91164378,7.96664000,133303166
1999-05-10,8.11329515,8.16305391,7.96401885,8.07924938,89925115
1999-05-11,8.11853232,8.72611237,8.07924913,8.72611237,200446331
1999-05-12,8.85182021,8.87539041,8.03211038,8.32804394,239199608
1999-05-13,8.58992809,8.92252635,8.49826779,8.87800503,200207976
1999-05-14,8.91729298,9.59034634,8.78634872,9.59034634,304092056
1999-05-17,9.43321159,9.63748411,8.86753376,9.37297726,274513038
1999-05-18,9.53272755,9.99627010,9.37821383,9.66105270,248775430
1999-05-19,9.53272835,9.87056414,9.42797338,9.61129475,223301315
1999-05-20,9.59034536,9.73700261,9.19751263,9.19751263,189930100
1999-05-21,9.37559595,9.40702265,8.64230907,8.75230217,168277829
1999-05-24,8.60302801,8.95657691,8.46946468,8.74968529,148619296
1999-05-25,8.79944366,9.12680325,8.69992542,8.90419865,186176190
1999-05-26,8.95657549,9.07442581,8.40922900,8.58731365,208450172
1999-05-27,8.49827120,8.74706505,8.07663155,8.07663155,138774268
1999-05-28,8.19709954,8.21543161,7.65237214,8.11853313,187063271
1999-05-31,8.41708426,8.76801395,8.38827663,8.76801395,141729030
1999-06-01,8.80467805,9.18965420,8.66849710,8.69730473,189259247
1999-06-02,8.82563040,9.13465854,8.64754648,9.12156391,185597626
1999-06-03,9.26822334,9.47249588,9.18179973,9.32322025,196463436
1999-06-04,9.58510836,9.71343355,9.45940223,9.63748550,173599910
1999-06-07,9.58510779,9.62701007,9.33107649,9.46987724,127590586
1999-06-08,9.42797513,10.21363926,9.28393624,10.21363926,157396699
1999-06-09,9.95175061,10.05650558,9.75009646,9.84437656,174542687
1999-06-10,9.88889668,10.08269432,9.82604398,9.90460968,221248927
1999-06-11,9.90984859,9.92294253,9.51439748,9.56677532,148956326
1999-06-14,9.42273586,10.27387237,8.91991074,9.28131676,127806576
1999-06-15,9.22108200,9.48035140,8.96705003,9.07180500,161321448
1999-06-16,9.26560376,9.66367394,9.06918774,9.54320526,168935448
1999-06-17,9.64795875,9.84699451,9.55891748,9.66367245,173672817
1999-06-18,9.68724332,9.74223952,9.55891815,9.59296322,121421742
1999-06-21,9.66367288,9.97793918,9.64010338,9.85747051,152864186
1999-06-22,9.93341645,10.03293397,9.66629059,9.76580811,141189650
1999-06-23,9.85223387,9.86794688,9.44892554,9.51963615,157938837
1999-06-24,9.43320968,9.62962566,8.98800061,9.46201801,164589040
1999-06-25,9.52748917,9.65843409,9.27083957,9.30750370,135100505
1999-06-28,9.36512213,9.49344661,9.28917408,9.31798172,107781645
1999-06-29,9.32322137,9.36250388,9.12418625,9.16870689,138767069
1999-06-30,9.24465169,9.34678758,9.04037850,9.29440975,145817168
1999-07-01,9.28131604,9.29702904,9.08490005,9.13465881,109978237
1999-07-02,9.18965536,9.55106066,9.18703630,9.44892406,203595419
1999-07-05,9.51701551,9.86532688,9.51701551,9.79199791,126089467
1999-07-06,9.72390545,9.89675122,9.71342989,9.80509090,106616002
1999-07-07,9.84699410,9.88889566,9.65319648,9.70295525,109173053
1999-07-08,9.68986168,9.78937922,9.44368760,9.49082661,170700480
1999-07-09,9.43321228,9.55368096,9.19751305,9.43321228,181030733
1999-07-12,9.57724866,9.84699359,9.57724866,9.80770969,137290038
1999-07-13,9.84699566,10.46505134,9.82342546,10.01722240,275183051
1999-07-14,10.10626480,10.23982741,9.95436943,10.16649914,179650402
1999-07-15,10.23982722,10.39172259,9.54320446,9.72390747,184973954
1999-07-16,9.80247249,9.96746247,9.63748251,9.70557404,135255086
1999-07-19,9.78675992,9.89413395,9.64534013,9.70819283,104692777
1999-07-20,9.58772575,9.65843636,9.27084175,9.33369446,129188601
1999-07-21,9.32322038,9.63486697,9.19227543,9.50392342,115196503
1999-07-22,9.52487030,9.64795731,9.40702072,9.45677948,82375703
1999-07-23,9.44106779,9.50130212,9.27084105,9.30488682,89314215
1999-07-26,9.29440886,9.29702793,8.99585701,9.05347157,64150914
1999-07-27,8.99847641,9.13989621,8.91205352,8.94609928,100172687
1999-07-28,9.03252519,9.30488930,9.01419312,9.16870689,115161394
1999-07-29,9.26560227,9.49344497,9.09013742,9.41749763,141625103
1999-07-30,9.32059834,9.47511277,9.19227318,9.38083267,107800803
1999-08-02,9.32845482,9.32845482,9.16608390,9.23417473,78074026
1999-08-03,9.16608385,9.23417467,9.01156944,9.09013653,107603327
1999-08-04,9.23417759,9.44368896,9.06395082,9.39392948,94065897
1999-08-05,9.42797443,9.70295685,9.34416989,9.38607216,119487145
1999-08-06,9.37297477,9.37559383,9.22893663,9.26036263,59233574
1999-08-09,9.26036452,9.34940718,9.17656138,9.24727058,65957538
1999-08-10,9.21846111,9.21846111,9.01418933,9.08228016,78264233
1999-08-11,8.95657471,9.11108915,8.87800831,8.99847698,60507737
1999-08-12,8.93562358,9.08228081,8.81777399,8.86491299,50864470
1999-08-13,8.95133600,8.97752456,8.74706352,8.76801395,48798050
1999-08-16,8.79420338,9.05871019,8.78896595,8.93562317,75207505
1999-08-17,8.97490745,9.03514179,8.88062804,8.94348145,63876679
1999-08-18,9.13989735,9.28655460,9.07442558,9.19751263,103898923
1999-08-19,9.24465193,9.39654659,9.09013750,9.13203907,79410634
1999-08-20,9.11370890,9.23155922,9.02728598,9.14775467,42206455
1999-08-23,9.32321819,9.88104016,9.32321819,9.80247307,198189647
1999-08-24,9.78152164,9.79461557,9.61915072,9.70295525,123695204
1999-08-25,9.92032457,9.92032457,9.01419177,9.38345432,79790924
1999-08-26,9.58510834,9.58510834,9.37821673,9.48035336,47683453
1999-08-27,9.53272702,9.76318875,9.53272702,9.69509792,62784924
1999-08-30,9.73700225,10.03031674,9.73176412,9.87580299,127964069
1999-08-31,9.83390077,10.20578166,9.74747787,10.13507175,134150194
1999-09-01,10.23720902,10.28696779,9.82080747,9.93603802,107843531
1999-09-02,9.80770810,9.80770810,9.58510360,9.62438679,61382886
1999-09-03,9.60343728,9.74223799,9.55891665,9.59819984,71706361
1999-09-06,9.68986346,9.78152451,9.61653518,9.71867180,59369739
1999-09-07,9.74223842,9.76842698,9.59296213,9.61653233,63516500
1999-09-08,9.75271434,10.09578825,9.73176320,9.96222496,151640369
1999-09-09,9.99888919,10.49647683,9.95174949,10.44148064,259053405
1999-09-10,10.43886223,10.48862171,10.27649268,10.35767746,146987376
1999-09-13,10.35767746,10.35767746,10.35767746,10.35767746,0
1999-09-14,10.42315005,10.47028976,10.12197835,10.16126156,120661751
1999-09-15,10.30267981,10.30267981,9.92817920,9.96222496,92616006
1999-09-16,9.98055435,10.00412454,9.72128503,9.77104378,56556561
1999-09-17,9.72652483,9.98841256,9.68986000,9.93341637,82183661
1999-09-20,9.94913166,10.06698127,9.75533471,9.77890491,68195400
1999-09-21,9.74485694,9.74485694,9.55891654,9.61915016,78449610
1999-09-22,9.74224132,9.94127713,9.66367490,9.78938103,54897095
1999-09-23,9.84175608,10.30791701,9.71604929,10.13768959,170993774
1999-09-24,10.33410602,10.94954328,10.30006096,10.94692421,239673195
1999-09-27,11.15119530,11.77972636,10.94954121,11.28475857,199690808
1999-09-28,11.11191408,12.12542145,11.03858512,11.79282379,240419896
1999-09-29,11.99447916,12.59158447,11.88972487,12.51825619,271076847
1999-09-30,12.55229990,13.09440894,12.45540142,12.55753803,224485681
1999-10-01,12.55491539,12.65967103,12.09923008,12.48420620,210565566
1999-10-04,12.51825155,12.52348969,12.02852118,12.09399223,106171236
1999-10-05,12.02328499,12.57063071,11.87662845,12.44492531,153512212
1999-10-06,12.45540222,13.01060523,12.04685716,12.46587849,301253502
1999-10-07,12.49992135,13.27772953,12.49992135,12.99750900,275415244
1999-10-08,13.07869357,13.14678511,12.59682031,12.67276764,181652318
1999-10-11,12.67015087,12.79847676,12.41611956,12.56277752,154564783
1999-10-12,12.51825521,12.70157730,12.36374146,12.44754601,168513663
1999-10-13,11.62783347,13.02631559,11.62783347,12.68062401,201468961
1999-10-14,12.72776783,13.07869624,12.67800836,12.73300457,94761916
1999-10-15,12.68324287,12.78014274,12.17779939,12.26945972,82773765
1999-10-18,12.36111908,12.47634960,12.15422685,12.22493744,123515821
1999-10-19,12.22493744,12.22493744,12.22493744,12.22493744,0
1999-10-20,12.78014258,13.20440059,12.52610991,13.12845325,235407187
1999-10-21,13.66532209,14.08958144,13.26201528,13.88530827,299256824
1999-10-22,13.66008461,13.91935398,13.36415110,13.74127007,151540433
1999-10-25,13.81459924,13.81459924,13.43748029,13.50557041,101586207
1999-10-26,13.49247450,13.57627761,13.33534174,13.37724400,111997266
1999-10-27,13.53961720,13.56056833,13.02107980,13.16511726,93603485
1999-10-28,13.19916141,13.19916141,12.65443478,12.75133324,76168166
1999-10-29,12.72776655,12.77490556,12.22232163,12.33231544,109439529
1999-11-01,12.31398151,12.36112191,11.34761444,11.41046715,114373142
1999-11-02,11.26119134,12.32445756,11.13024710,12.27208042,129022957
1999-11-03,12.59158447,12.59158447,11.64355006,11.80853939,175844467
1999-11-04,11.72473404,12.07042568,11.58069516,11.84258366,122838876
1999-11-05,11.83734250,12.35064449,11.83734250,12.17779732,131084769
1999-11-08,12.17779732,12.17779732,12.17779732,12.17779732,0
1999-11-09,12.15161120,12.22232040,11.87924646,11.99709606,86587669
1999-11-10,12.09399405,12.39778477,12.01019092,12.33493137,102012011
1999-11-11,12.36111749,12.67276393,12.20398473,12.36897469,149253920
1999-11-12,12.30088778,12.30350684,12.05209322,12.09923363,79148388
1999-11-15,12.23017485,12.24064972,11.99709337,12.07565975,61299406
1999-11-16,11.99447656,12.02066583,11.87400790,11.92114830,80545607
1999-11-17,12.01542756,12.30350528,11.89757796,11.90019703,123075999
1999-11-18,11.94209994,11.95781294,11.57807557,11.71425724,76528247
1999-11-19,11.73259028,11.96043300,11.70116357,11.72735214,55197504
1999-11-22,11.68807004,11.80853872,11.68021353,11.73259068,73807401
1999-11-23,11.73259068,11.73259068,11.73259068,11.73259068,0
1999-11-24,11.87924753,12.14113603,11.79806206,12.06256962,88599794
1999-11-25,12.04161901,12.17518163,11.97876560,12.03114414,55765985
1999-11-26,12.09661510,12.17256244,11.76401739,11.81901360,70838662
1999-11-29,11.83734385,11.88710331,11.58593165,11.62259579,52377520
1999-11-30,11.65140587,11.70378441,11.42618220,11.51784325,63924098
1999-12-01,11.66973946,11.82949136,11.51260592,11.68545246,59220354
1999-12-02,11.68021117,11.80329819,11.45498755,11.54141045,59243181
1999-12-03,11.57545909,11.72211635,11.32404545,11.36594772,98030600
1999-12-06,11.41832406,11.53879203,11.32928209,11.39999199,54260959
1999-12-07,11.43927550,11.80853802,11.39737323,11.71687698,115597337
1999-12-08,11.99447528,12.65443378,11.87400663,12.17779732,280267701
1999-12-09,12.25636755,12.46587892,12.12542399,12.39516830,100346313
1999-12-10,12.39778380,12.77490276,12.30874254,12.36635780,124489198
1999-12-13,12.35588270,12.38207196,11.85567597,11.94209957,60152095
1999-12-14,11.84258297,11.98138371,11.64354859,11.70901966,98386088
1999-12-15,11.78496451,11.78496451,11.52569517,11.66973400,61810931
1999-12-16,11.73258890,11.83996293,11.63045300,11.72473240,30255514
1999-12-17,11.75616144,11.93686446,11.63831113,11.68283176,57563436
1999-12-20,11.68282803,11.76925162,11.52307620,11.54402733,32392782
1999-12-21,11.53879136,11.65140352,11.44975009,11.49950886,54545416
1999-12-22,11.82424994,12.42135512,11.78496674,12.41349792,139424142
1999-12-23,12.13327828,12.60729716,12.05209280,12.16994381,48251696
1999-12-24,12.04685700,12.14637455,11.79806244,11.85044098,42032730
1999-12-27,11.81901357,11.88710511,11.57545854,11.66188145,38946173
1999-12-28,11.77972901,11.85829541,11.62783434,11.71425724,56899221
1999-12-29,11.85043791,12.57062935,11.78496545,12.40825844,62403290
1999-12-30,12.46325719,12.70157545,12.15946647,12.20660686,50106719
1999-12-31,12.20660686,12.20660686,12.20660686,12.20660686,0
2000-01-03,12.43968666,13.18344975,12.43968666,13.18344975,62409578
2000-01-04,13.53437742,14.23885727,13.16249659,14.23885727,132872110
2000-01-05,13.44271909,15.07952101,13.44271909,14.79668140,375789847
2000-01-06,15.13713545,15.74995364,15.13713545,15.41735458,219621124
2000-01-07,15.45140148,16.65085003,15.34664581,16.47538376,278281260
2000-01-10,16.62466043,16.69275056,15.99089110,16.15849876,187897934
2000-01-11,16.12969424,16.28682706,14.86739213,15.11094856,175675797
2000-01-12,15.13713473,15.97517581,14.77834782,15.80233002,169586471
2000-01-13,16.02755687,16.57228499,15.92803933,16.33396530,239139851
2000-01-14,16.21087548,16.84726380,16.21087548,16.56704330,188507616
2000-01-17,16.66918033,16.91273531,16.08255005,16.17159271,150255809
2000-01-18,16.18468513,16.70584290,16.00398217,16.45704842,141210936
2000-01-19,16.91011586,17.01749058,16.56180523,16.73988914,160790093
2000-01-20,16.76084295,17.01749329,16.26587433,16.38634300,216069957
2000-01-21,16.37848434,17.20081383,16.34182021,17.09343910,239994540
2000-01-24,17.04891558,17.38151458,16.86559494,17.08296204,184344232
2000-01-25,17.02534583,17.03844116,16.66917942,16.75822067,136584272
2000-01-26,16.75822067,16.75822067,16.75822067,16.75822067,0
2000-01-27,17.23224579,17.64079091,16.90226709,17.54389381,210269961
2000-01-28,17.59364704,17.90791265,17.36842270,17.72197151,164331247
2000-01-31,17.51769546,17.59888091,17.10391102,17.18771553,142723553
2000-02-01,17.32651984,17.67483190,17.17986331,17.49674797,149956451
2000-02-02,17.96029063,18.16980198,17.73244861,17.81625175,139355731
2000-02-03,17.91314891,17.99171530,17.61983307,17.89481544,94831223
2000-02-04,18.01790676,18.19337023,17.89743809,18.02576256,99528064
2000-02-07,17.86601043,18.30336377,17.70625856,17.99695396,114747088
2000-02-08,18.09646871,18.16979837,17.86338861,17.93409920,90057597
2000-02-09,18.27979305,18.57572658,18.05980685,18.35312271,160165902
2000-02-10,18.26931906,19.05498309,18.06504585,18.63334274,151143675
2000-02-11,19.06546078,19.58923637,18.85856849,19.02879524,114214724
2000-02-14,18.80356946,18.90308699,18.33216967,18.44216347,71806185
2000-02-15,18.43692551,18.56263230,17.91576905,18.03623772,113776526
2000-02-16,18.33217184,18.53120692,17.97076720,18.23527336,110304203
2000-02-17,18.21170342,18.68834140,18.20122855,18.57049179,107425289
2000-02-18,18.69357480,18.74857239,18.22741457,18.30336189,70451511
2000-02-21,18.24836702,18.43692582,17.89481682,18.10432816,41234633
2000-02-22,18.12265588,18.17503300,17.41555845,17.51245689,100723088
2000-02-23,18.05456850,18.05456850,17.14319779,17.27414131,67665446
2000-02-24,17.43651420,17.84505921,17.24795399,17.63816833,79319185
2000-02-25,17.88172386,17.96029026,17.08034682,17.21129036,54786600
2000-02-28,17.01487757,17.66436006,16.23706919,17.44699287,70386208
2000-02-29,17.69840335,17.95767276,16.05112652,16.28158760,139625441
2000-03-01,16.49894992,17.27675793,15.66090898,16.59322929,150769883
2000-03-02,16.70061008,16.86560010,15.26808123,15.28117657,175562684
2000-03-03,14.98523851,14.98523851,14.06077385,14.06077385,64935300
2000-03-06,14.06077524,14.86739040,12.93727542,13.30129910,146075956
2000-03-07,13.46105216,13.56580784,12.57063239,12.69110107,133888438
2000-03-08,12.93203911,13.12059794,12.04685743,12.20137119,101621246
2000-03-09,12.35588080,12.69633560,11.74044364,12.11494350,77665531
2000-03-10,12.25636460,12.29826687,11.24023890,11.35808849,92389443
2000-03-13,11.51784179,12.02066692,10.49124039,10.64313507,150763063
2000-03-14,10.76360255,11.49688938,10.32624924,11.48117638,141532996
2000-03-15,11.73258709,12.40040207,11.31356590,12.40040207,79982280
2000-03-16,12.54444114,12.97917679,12.05209163,12.30088615,147946692
2000-03-17,12.30088615,12.30088615,12.30088615,12.30088615,0
2000-03-20,12.30088615,12.30088615,12.30088615,12.30088615,0
2000-03-21,12.50777704,12.71728837,11.92114814,12.46063805,95762643
2000-03-22,12.83251994,13.01584201,12.63348486,12.74871540,69064318
2000-03-23,12.84561286,12.87442119,12.49468314,12.62038994,60024739
2000-03-24,12.52873064,12.72514667,12.44754656,12.60206032,36941526
2000-03-27,12.72776525,13.61032772,12.72776525,13.61032772,58001578
2000-03-28,13.78055616,14.69978428,13.78055616,14.69978428,98405624
2000-03-29,14.91714711,15.18427227,14.08958098,14.21004963,143934962
2000-03-30,14.08958123,15.34664345,13.52914024,15.34664345,240432206
2000-03-31,15.55615602,16.57490158,14.67097586,16.57490158,275945423
2000-04-03,17.16153229,17.47841697,16.66132553,17.21129036,299036394
2000-04-04,17.07510587,17.07510587,15.83637428,15.83637428,189486468
2000-04-05,15.89137441,16.34182314,14.57407751,15.83114147,352720260
2000-04-06,16.24319176,17.50029685,16.21906794,17.48421478,227418526
2000-04-07,17.67988675,18.88338470,17.67988675,18.88338470,163657523
2000-04-10,19.82956334,20.37100274,19.27204043,19.54276085,309647520
2000-04-11,19.19162333,19.24523214,18.57513346,18.96379089,136676715
2000-04-12,19.13801987,19.29884347,17.92648170,18.11678886,241770257
2000-04-13,17.74957450,17.74957450,16.66937637,16.66937637,3153974
2000-04-14,16.66937637,16.66937637,16.66937637,16.66937637,0
2000-04-17,15.33721755,16.12525482,15.33721755,15.99659538,223113571
2000-04-18,15.92690614,16.55947963,15.76072137,16.08505058,122899571
2000-04-19,16.49515166,17.37163973,16.24855509,16.87844658,228183965
2000-04-20,16.77927331,18.22936786,16.57824380,18.10606956,271517327
2000-04-21,18.10606956,18.10606956,18.10606956,18.10606956,0
2000-04-24,18.54833425,19.33101050,17.31535275,18.06318283,246733265
2000-04-25,17.27782608,18.19988119,16.70690173,17.80050278,221403241
2000-04-26,18.22669069,19.22647873,18.22669069,19.18895340,238053151
2000-04-27,19.34172935,19.62049006,18.13555096,18.52956963,413796521
2000-04-28,18.62875037,18.86462611,18.24277333,18.49741173,188028343
2000-05-01,18.49741173,18.49741173,18.49741173,18.49741173,0
2000-05-02,18.65554869,19.01204061,17.43596879,17.64503860,230017702
2000-05-03,17.52978427,17.89699858,16.57556347,17.58339310,192704191
2000-05-04,17.74421574,18.38482959,17.74421574,18.07658386,158631859
2000-05-05,18.14627472,18.30977892,17.58875183,17.97740936,156073814
2000-05-08,17.74421741,18.06586466,17.27782862,17.36896133,82504670
2000-05-09,17.23494325,17.78978564,17.06875844,17.60215759,85940035
2000-05-10,17.69060915,17.95328784,17.33143657,17.43597221,93165917
2000-05-11,17.37164728,17.37164728,16.83288826,16.98031044,90033846
2000-05-12,17.13308903,17.28855151,16.79535967,16.93474007,57913070
2000-05-15,16.72834713,17.40648635,16.43082229,17.12772560,81188494
2000-05-16,17.15453045,17.25638551,16.88649060,17.01515007,43882418
2000-05-17,17.20277562,17.60483609,16.95349988,17.09288025,109270328
2000-05-18,17.04731402,17.14112733,16.46298810,16.62381172,75382294
2000-05-19,16.51123561,17.10360334,16.47103114,16.91865730,111574963
2000-05-22,16.77926994,16.98834117,16.56483897,16.74978638,43662227
2000-05-23,16.74174500,16.94009389,16.53803493,16.87308502,58389850
2000-05-24,16.81411679,17.04195068,16.61844704,16.76586914,56605367
2000-05-25,16.74174265,17.03658681,16.67741294,16.76854706,36653287
2000-05-26,16.87576792,17.04731244,16.67205783,16.96422005,49082689
2000-05-29,17.07411615,18.62606419,17.04731174,18.19720078,165326988
2000-05-30,18.26688717,18.54028665,18.07121888,18.43039131,79692753
2000-05-31,18.81637438,19.12730071,18.33926328,18.43575859,118366163
2000-06-01,18.33926218,18.54297227,18.02029555,18.18379974,75363108
2000-06-02,18.38751019,18.54833380,17.91039910,18.08998680,81875438
2000-06-05,18.10338794,18.86194033,18.03369704,18.18379974,151857297
2000-06-06,18.11947655,18.37947614,18.01762147,18.16236305,54887782
2000-06-07,18.22132449,18.46255989,18.02565616,18.11678886,52545769
2000-06-08,18.22132480,18.49472578,18.13287268,18.27225304,64426688
2000-06-09,18.32853903,18.90750508,18.17575720,18.29101372,172161391
2000-06-12,18.35534070,18.53224633,18.14895008,18.19451714,57726882
2000-06-13,18.17307946,18.57245936,18.06854525,18.14627647,95747252
2000-06-14,18.57513977,18.57513977,18.01761683,18.08462715,62793550
2000-06-15,18.28029108,18.28029108,17.55658496,17.76833534,85105386
2000-06-16,17.66648200,18.00421124,17.63699700,17.81122208,63843153
2000-06-19,17.89163562,18.01225475,17.70132846,17.76297760,43452959
2000-06-20,17.87823194,17.90503634,17.61287274,17.70668602,58093559
2000-06-21,17.90503809,17.90503809,17.59679238,17.64503860,29007035
2000-06-22,17.70937081,18.75204366,17.32875360,18.49472618,268082760
2000-06-23,18.55369567,19.01204269,17.95864744,18.10606956,224036672
2000-06-26,17.95864177,17.99080734,17.59678875,17.75225258,48525944
2000-06-27,17.76297178,18.22131861,17.69596149,17.93183708,106940541
2000-06-28,17.95864621,18.06318184,17.82462701,17.89163589,24433854
2000-06-29,17.97741227,18.53225467,17.95328844,18.34730721,106685828
2000-06-30,18.44111723,18.47864255,18.01225384,18.26957130,88865990
2000-07-03,18.11947324,18.86730342,18.11947324,18.66359329,137988774
2000-07-04,18.68771310,18.74132192,18.44379712,18.51616859,75354482
2000-07-05,18.70915933,19.31760909,18.58050129,18.98524094,189904178
2000-07-06,18.81636850,19.56151778,18.76275970,19.42481804,200669996
2000-07-07,19.53471703,19.61512883,19.29884281,19.36317253,111604092
2000-07-10,19.45966854,19.88853199,19.22647488,19.75451279,131908677
2000-07-11,19.82956093,20.24770199,19.64997469,20.15388870,170025705
2000-07-12,20.05471370,20.14316581,19.72770535,19.83760071,70757129
2000-07-13,19.87781234,20.03863453,19.45966977,19.60709190,83264045
2000-07-14,19.63389148,19.85904624,19.27739957,19.36317253,89678274
2000-07-17,19.45430816,19.56152294,19.16482509,19.47574997,86145914
2000-07-18,19.37925514,19.45966694,19.10049443,19.19966888,52104364
2000-07-19,19.21843153,19.43286251,18.89678433,18.98255730,58511199
2000-07-20,18.91822736,19.34172959,18.60193990,19.17018509,124658147
2000-07-21,19.13802161,19.13802161,18.34730503,18.43575859,143754403
2000-07-24,18.28297942,18.28297942,17.37700609,17.50298500,84256775
2000-07-25,17.29122761,18.03637705,17.16524874,17.89967728,92498453
2000-07-26,18.17307599,18.17307599,17.36895802,17.45473099,54349425
2000-07-27,17.47617584,18.80565118,17.26710457,18.44379807,120640983
2000-07-28,18.65555023,18.76276502,18.18380031,18.25081062,83819180
2000-07-31,18.11946927,18.27493313,17.98545008,18.05513954,28100305
2000-08-01,18.01225727,18.32854334,17.99081402,18.14627647,52276716
2000-08-02,18.08730130,18.21059955,18.01225068,18.17307281,20395290
2000-08-03,18.21596071,18.42771251,18.02833416,18.10070419,46686143
2000-08-04,18.14627923,18.15968072,17.64504419,17.69597244,45818822
2000-08-07,17.63700160,17.79782522,17.37700349,17.70401192,34608868
2000-08-08,17.77906012,17.87019426,17.66380215,17.73617363,31546244
2000-08-09,17.85143456,18.11947299,17.75226008,17.88895988,33540780
2000-08-10,17.79782153,17.99885102,17.59143086,17.66648293,23807997
2000-08-11,17.66380165,17.79782227,17.56730778,17.65040016,27325498
2000-08-14,17.63699334,17.78977658,17.27782094,17.65575600,37143638
2000-08-15,17.65575600,17.65575600,17.65575600,17.65575600,0
2000-08-16,17.79246273,18.26957384,17.70401060,18.08730698,67496889
2000-08-17,18.17307845,18.51617035,17.98545185,18.10606956,86149527
2000-08-18,18.06854400,18.21864527,17.99349336,18.06318283,25684195
2000-08-21,18.02297280,18.16771430,17.96400425,18.03905487,20282583
2000-08-22,18.14627570,18.34730522,18.04978181,18.13555336,39891989
2000-08-23,18.31782030,18.54833337,18.14895494,18.20256233,75956629
2000-08-24,18.17307772,18.26689245,17.90503933,17.99081230,46216771
2000-08-25,18.03906079,18.14091585,17.75761944,17.88359833,23180851
2000-08-28,17.87822979,17.95864157,17.77637477,17.80854034,16676686
2000-08-29,17.76030096,17.93184694,17.65308473,17.71205330,30320186
2000-08-30,17.94524646,18.16235806,17.77638109,18.06050301,42939124
2000-08-31,18.14627414,18.26957242,17.96132671,18.04173851,38384652
2000-09-01,18.04173851,18.04173851,18.04173851,18.04173851,0
2000-09-04,18.16771987,19.12461987,18.13287514,18.97183800,110294526
2000-09-05,19.13802282,19.27740320,18.88338589,19.07101250,50895798
2000-09-06,19.08441070,19.61512767,18.86997829,19.49183083,136969141
2000-09-07,19.36048686,19.88316340,19.30419890,19.39801216,105721037
2000-09-08,19.40606141,20.10296469,19.35513460,19.88317108,83416875
2000-09-11,20.09224691,20.74626386,20.05472159,20.53987312,98805506
2000-09-12,20.63904447,20.89636199,20.43533435,20.55595207,60658354
2000-09-13,20.68996458,20.68996458,19.94213467,20.12976265,82885772
2000-09-14,20.15924842,20.40584496,19.97966218,20.14048576,58814450
2000-09-15,20.15656948,20.21821862,19.46770804,19.61780930,53200335
2000-09-18,19.45966071,19.45966071,18.39554500,18.55904770,73399060
2000-09-19,18.45183711,18.86729756,17.90503664,18.09802437,68148598
2000-09-20,18.29369732,18.80297257,18.09802754,18.62874603,53619277
2000-09-21,18.65019226,18.76276823,18.35266882,18.65019226,48372162
2000-09-22,18.60193940,18.60193940,18.00957326,18.13823128,58990275
2000-09-25,18.33658180,18.54833219,18.11946880,18.33122063,48547973
2000-09-26,18.44111439,18.44111439,18.12214641,18.29637146,40011530
2000-09-27,18.28297722,19.01472532,17.92648522,18.86462402,92628316
2000-09-28,19.03080581,19.03080581,18.41431575,18.52689171,68963290
2000-09-29,18.64482678,18.75740416,18.28297368,18.36070633,37998621
2000-10-02,18.36070633,18.36070633,18.36070633,18.36070633,0
2000-10-03,18.22937069,18.52153296,18.13287679,18.39555550,41961280
2000-10-04,18.54833474,18.68235394,18.43575878,18.58317947,25417691
2000-10-05,18.50276576,18.61802373,18.15699474,18.23472595,24047388
2000-10-06,18.12215381,18.32318335,18.04174199,18.24813271,29197467
2000-10-09,18.28029419,18.57513843,18.17575999,18.25081062,34534659
2000-10-10,18.28297342,18.30709725,17.87287268,17.96936798,30007286
2000-10-11,17.85142896,17.92647958,17.56194594,17.70668602,27186770
2000-10-12,17.55658568,17.93184168,17.29122647,17.54854393,69082160
2000-10-13,17.43597195,17.43597195,16.35577221,17.06339645,53499189
2000-10-16,17.20813845,17.92648505,16.36381439,16.63453484,68052387
2000-10-17,16.35845326,16.70958552,15.93495094,16.18690872,82261245
2000-10-18,16.05556565,16.21638925,15.77412435,15.99391651,37969127
2000-10-19,15.91082419,16.53267679,15.38546691,16.25123405,70267297
2000-10-20,16.57824283,16.80607675,15.87597985,15.98051548,88156261
2000-10-23,15.97515140,15.97515140,15.18979618,15.32381535,49541306
2000-10-24,15.33186031,15.79824911,15.25144850,15.69103432,69908756
2000-10-25,15.76072310,16.57020379,15.72319778,16.35309219,76804722
2000-10-26,16.50854987,16.61844521,16.29947866,16.37989044,18928903
2000-10-27,16.45494577,16.53803816,16.08773146,16.24051476,48728952
2000-10-30,16.32360672,16.58628539,16.08773104,16.13597870,40934463
2000-10-31,16.08505396,16.28340291,15.77680818,16.19762993,42509931
2000-11-01,16.64256737,16.76854620,16.32628000,16.54071236,72480301
2000-11-02,16.55947759,17.04730950,16.55947759,16.92401123,74858151
2000-11-03,17.06875735,17.19473624,16.87576958,16.92133522,58610896
2000-11-06,16.99102322,17.14916623,16.72566400,16.76318932,55849367
2000-11-07,16.62649478,16.89989583,16.62649478,16.78999901,36376364
2000-11-08,16.97762120,17.28318634,16.88648850,17.07143593,78714125
2000-11-09,17.02051135,17.29927356,16.94009953,17.10896492,53307147
2000-11-10,17.07143958,17.14112906,16.63185516,16.68010139,49235533
2000-11-13,16.62112983,16.62112983,16.14402017,16.21102905,32680643
2000-11-14,16.19226523,16.72030309,16.19226523,16.67473602,51493926
2000-11-15,16.93741885,17.01515007,16.62381192,16.78463554,42863682
2000-11-16,16.88648973,16.90793298,16.58360516,16.70690346,45646036
2000-11-17,16.67205657,16.69618039,16.48442856,16.66401482,47502852
2000-11-20,16.64793403,16.75783083,16.56752223,16.62917137,23524883
2000-11-21,16.76587792,16.76587792,16.48979767,16.57020950,52537002
2000-11-22,16.61845013,16.69886194,16.48979210,16.51927567,16058756
2000-11-23,16.45762860,16.75247289,16.36381529,16.68010139,35718227
2000-11-24,16.75247093,16.98834519,16.72566652,16.79803658,47203872
2000-11-27,16.83287878,17.14916477,16.80607437,17.08483505,43128757
2000-11-28,17.15184869,17.70401044,17.00710716,17.66380310,94755530
2000-11-29,17.58338903,17.81926323,17.36895663,17.54050255,72628314
2000-11-30,17.52977962,17.70400612,17.44936784,17.59142876,43866453
2000-12-01,17.52978038,17.70400688,17.39576121,17.58874893,50742057
2000-12-04,17.63163954,17.98009119,17.63163954,17.82998848,68788347
2000-12-05,17.93184198,18.21596242,17.92111965,18.15699387,52905486
2000-12-06,18.47864549,18.47864549,18.04442086,18.07926559,43719127
2000-12-07,18.03369731,18.24544915,17.99885257,18.09534645,30523740
2000-12-08,18.11946509,18.32853629,18.07389803,18.19451714,59695425
2000-12-11,18.27493530,18.59926312,18.22668765,18.54565430,84918820
2000-12-12,18.60194495,18.61266729,18.41431832,18.45720482,33331820
2000-12-13,18.54833384,18.73864245,18.46256087,18.62338448,57066266
2000-12-14,18.65018795,18.91286659,18.49472551,18.56441498,88461585
2000-12-15,18.49472547,18.49472547,18.02833674,18.11678886,56209434
2000-12-18,17.95864225,18.38214441,17.69328308,18.29637146,53342732
2000-12-19,18.40090632,18.47327778,18.12482626,18.19451714,49308314
2000-12-20,18.49472634,18.49472634,18.08730615,18.32586098,29325971
2000-12-21,18.23204800,18.49204607,18.04173939,18.34998512,59473245
2000-12-22,18.46792302,18.60194222,18.07926547,18.13019371,49839151
2000-12-25,18.13019371,18.13019371,18.13019371,18.13019371,0
2000-12-26,18.06854453,18.32854262,17.50566044,17.58339310,53423649
2000-12-27,17.47617367,17.95864443,17.36895746,17.85410881,56125604
2000-12-28,18.00153939,18.23741515,17.84071573,18.16236305,56613447
2000-12-29,18.14359240,18.26421009,18.06854177,18.17039680,37622350
2001-01-01,18.22668613,18.42235590,18.17307731,18.32049942,42128577
2001-01-02,18.24545397,19.24524204,18.24009280,18.99328423,92764775
2001-01-03,19.03080471,19.38997867,18.92358992,19.30152512,123856212
2001-01-04,19.25059336,19.66873435,19.09512953,19.18090248,83784183
2001-01-05,19.11121914,19.66338094,19.11121914,19.52936172,104474953
2001-01-08,19.43286672,19.69822743,19.15142536,19.30956841,95828393
2001-01-09,19.26668464,19.39534269,19.14338632,19.18895340,63211442
2001-01-10,19.22111329,19.37657573,18.71719922,18.85389900,66251757
2001-01-11,18.89678663,19.15410413,18.81637482,19.07369232,57008778
2001-01-12,19.13534330,19.21307454,18.97720026,19.00668526,33646611
2001-01-15,18.97987378,19.11121237,18.86997700,19.06028557,27697623
2001-01-16,19.06028788,19.85636553,19.06028788,19.74914932,145605043
2001-01-17,19.89389240,19.91265506,19.36585451,19.40874100,58317336
2001-01-18,19.45966306,19.64729104,19.37120953,19.55347633,38235547
2001-01-19,19.57224209,20.03863079,19.57224209,19.78667450,91923124
2001-01-22,19.78131242,20.15120724,19.73306621,20.07615662,106260122
2001-01-23,20.08956437,20.59883969,20.08956437,20.45945930,115872538
2001-01-24,20.60687780,20.61223754,20.29059032,20.38976479,76479540
2001-01-25,20.45141107,20.55862727,20.19141304,20.46213341,62876484
2001-01-26,20.46213341,20.46213341,20.46213341,20.46213341,0
2001-01-29,20.37100308,20.37100308,19.35245257,20.24502563,71061907
2001-01-30,20.29327081,20.96068907,20.29327081,20.88831902,147232440
2001-01-31,21.71120063,21.71120063,20.42461172,20.61759949,82628245
2001-02-01,20.55863406,20.83203367,19.97966925,20.70069504,178438559
2001-02-02,20.61223397,21.22336414,20.58275041,21.14831352,141852072
2001-02-05,21.07326853,21.46996642,20.92048523,21.39759636,149430501
2001-02-06,21.44316412,21.57718477,21.24213457,21.32790756,84708376
2001-02-07,21.20996861,21.33326692,21.01429882,21.09203148,50935108
2001-02-08,20.97141108,21.30646123,20.93388576,21.22604942,66988585
2001-02-09,21.28233980,21.55037821,21.13491767,21.38419342,97611280
2001-02-12,21.24212653,21.78624783,21.18851915,21.47264099,92278010
2001-02-13,21.55037997,22.08109854,21.30914452,21.98192406,119497901
2001-02-14,22.23923669,22.37593647,21.95511481,22.27676201,125432815
2001-02-15,22.24727906,22.80480051,22.14006285,22.66005898,205960791
2001-02-16,22.72438916,23.01655281,22.51531933,22.64665794,177636541
2001-02-19,22.67614087,22.89325243,22.43490548,22.80211830,89147661
2001-02-20,22.72974835,22.86644812,22.56892476,22.66541862,100213930
2001-02-21,22.67882207,22.77531738,22.09181705,22.19903183,110495812
2001-02-22,22.14006397,22.46171120,21.90418972,22.22851753,109056397
2001-02-23,22.24996256,22.54748598,21.95779888,22.04893303,108219311
2001-02-26,21.98996202,22.13470356,21.61738798,21.77821159,87129836
2001-02-27,21.84522153,21.93903483,21.29841952,21.55573845,78573731
2001-02-28,21.55037623,22.51531931,21.47800618,22.19903183,154742009
2001-03-01,22.30088571,23.90912313,22.30088571,23.49098206,223194307
2001-03-02,23.58747561,24.17716407,22.25531969,22.46707153,187886955
2001-03-05,22.54212650,22.78336195,21.57718467,21.90687370,132200024
2001-03-06,21.90687370,21.90687370,21.90687370,21.90687370,0
2001-03-07,22.08645439,22.76727409,21.36810794,22.08645439,105663297
2001-03-08,22.16418533,22.52335783,21.92830967,22.16150475,62047073
2001-03-09,22.03820942,22.03820942,21.37079113,21.95243645,54988278
2001-03-12,21.93099310,22.08645698,21.55037731,21.87202454,51412616
2001-03-13,21.49944656,22.43490601,20.12440424,20.80522537,73733177
2001-03-14,20.85347218,21.70583778,20.64708009,21.41099358,47229178
2001-03-15,21.06790242,21.52088962,20.80522381,21.29573631,34790561
2001-03-16,21.12151167,21.40295297,20.32275485,20.58543205,44860430
2001-03-19,20.42460977,20.79986436,20.13512673,20.50502014,31633267
2001-03-20,20.58543408,20.62564142,19.86172782,20.01451111,25515540
2001-03-21,20.18337453,21.61738543,19.58028461,21.51284981,46522683
2001-03-22,21.72996559,21.91491305,20.96069218,21.08935165,40167819
2001-03-23,21.12150855,21.47800186,20.06543298,20.34687424,49623609
2001-03-26,20.37100372,20.72481654,20.16193244,20.59615707,24811230
2001-03-27,20.53182543,21.14295570,20.46213597,20.94460678,41114839
2001-03-28,21.17511709,21.71119666,21.10006647,21.55037308,37356183
2001-03-29,21.51016702,21.75676357,21.12150956,21.25284958,53399898
2001-03-30,21.12687538,21.26625575,20.72749692,20.88295937,34400048
2001-04-02,20.71945715,21.11079533,20.07884320,20.96337318,39069902
2001-04-03,20.90708062,21.17511899,20.69264963,20.95264626,21535935
2001-04-04,20.37904455,20.78378416,20.27718950,20.53718758,20329316
2001-04-05,20.53718758,20.53718758,20.53718758,20.53718758,0
2001-04-06,20.53182457,21.06522360,20.42460979,20.51842308,16347064
2001-04-09,20.38172686,20.56935490,18.85658157,19.15142441,68517838
2001-04-10,19.04152535,19.04152535,17.49225653,17.61555481,51180311
2001-04-11,17.69060617,18.09534576,16.43886209,17.38236046,79577889
2001-04-12,17.04730802,17.04730802,15.65886447,15.94030571,91028313
2001-04-13,15.94030571,15.94030571,15.94030571,15.94030571,0
2001-04-16,15.68567257,16.77927375,15.54629220,16.51927567,63144487
2001-04-17,16.45762299,17.25102000,16.40401560,16.89720726,55346202
2001-04-18,16.83287851,17.68524406,16.24319157,17.54050255,92069344
2001-04-19,17.68792900,20.29595472,17.68792900,19.82152557,148974490
2001-04-20,19.82956361,20.09760345,18.92895023,19.23719597,80686282
2001-04-23,19.03080352,19.48111017,18.80297104,18.98255730,45602314
2001-04-24,18.82709299,18.92358685,18.46791908,18.73327827,37334378
2001-04-25,18.76276329,19.45966650,18.65554852,19.22647285,69473779
2001-04-26,19.72836971,20.02666158,19.25493281,19.42186737,71457307
2001-04-27,19.21114418,19.21114418,18.20406332,18.90190506,72373573
2001-04-30,19.08526343,19.34250735,18.28069415,18.74592209,46574990
2001-05-01,18.74592209,18.74592209,18.74592209,18.74592209,0
2001-05-02,18.71855824,18.96485490,18.40110852,18.73497772,31688179
2001-05-03,18.66382212,19.09073745,18.58993372,18.82528305,32772960
2001-05-04,18.78149759,18.93748487,18.66382147,18.81159973,17594955
2001-05-07,18.77328783,19.01411082,18.58446012,18.65834999,15749006
2001-05-08,18.63645687,19.05789859,18.61182838,18.94296074,30808142
2001-05-09,18.99221841,19.58333152,18.96758992,19.25219917,62306141
2001-05-10,19.26040734,19.52312343,19.18925430,19.43828773,30532185
2001-05-11,19.50944121,19.77489414,19.38355608,19.44923401,31238931
2001-05-14,19.43008101,19.81594694,19.41092470,19.69279861,24879040
2001-05-15,19.53954612,20.38242810,19.05516183,20.29485703,65107625
2001-05-16,20.39337427,20.51378576,19.98561669,20.08413506,46455448
2001-05-17,20.19086166,21.07479446,20.19086166,20.93796349,81220452
2001-05-18,21.05563583,21.06384630,20.41526437,20.51651955,42258187
2001-05-21,20.36052896,20.88048889,20.33863730,20.61503601,40671474
2001-05-22,20.68071423,20.88048772,20.56303960,20.65882111,29510899
2001-05-23,20.63692994,20.97627269,20.62598411,20.85585976,26407985
2001-05-24,20.85312864,21.58654491,20.85312864,21.50444603,94556989
2001-05-25,21.56190784,21.76715643,21.40318378,21.54001617,59731991
2001-05-28,21.56465022,21.99703772,21.56465022,21.82736778,36493007
2001-05-29,21.83831714,22.27344154,21.72885293,22.07914162,42811487
2001-05-30,22.22144045,22.25975453,21.34298282,21.43055534,54700207
2001-05-31,21.32382325,21.55370034,20.96258739,21.47160149,42893875
2001-06-01,21.52359962,21.57833317,20.69440045,20.81207657,43078103
2001-06-04,20.90785907,20.95985434,20.31948430,20.51104736,31130355
2001-06-05,20.40157979,20.67797999,20.27843149,20.41252708,28362650
2001-06-06,20.51926030,20.57946605,19.91446451,20.00750923,39624813
2001-06-07,20.08686661,20.11149656,19.54775039,19.93361473,52703851
2001-06-08,19.97740414,20.43989377,19.94182835,20.27296066,50362650
2001-06-11,20.25106461,20.38515873,20.03760699,20.28937721,37387314
2001-06-12,20.24558852,20.32221373,20.11422978,20.25379753,19314752
2001-06-13,20.30579837,20.62872019,20.25380164,20.54662132,32180868
2001-06-14,20.46179009,20.70534990,19.81868173,19.91720009,65138602
2001-06-15,19.81867857,19.81867857,19.32608392,19.57238197,47495514
2001-06-18,19.43555311,19.53954512,18.55983075,18.64192963,55464526
2001-06-19,18.60908458,19.04694562,18.58992828,18.98400307,36523999
2001-06-20,18.33542776,19.21115015,18.33542776,18.87454414,26094230
2001-06-21,18.86906596,19.18104193,18.60908671,18.66929245,47233211
2001-06-22,18.71855106,18.81706939,18.40110146,18.74044418,31187017
2001-06-25,18.64740233,18.77876112,18.36552991,18.68845177,24725145
2001-06-26,18.63645155,19.09346893,18.55435269,18.98126793,28403417
2001-06-27,18.93748769,19.69827226,18.76234261,19.59975243,44329523
2001-06-28,19.59427530,20.05676639,19.51217643,19.82962608,38544176
2001-06-29,19.84057126,20.43989330,19.70921395,20.16896820,26944326
2001-07-02,20.29485373,21.61938150,19.28229904,19.62985229,14112521
2001-07-03,19.13452446,19.26588180,17.73336839,18.02892494,65799036
2001-07-04,17.67863903,18.14386707,17.62390692,17.85378265,39504767
2001-07-05,18.17122584,18.41204878,17.95503285,18.15754318,28086259
2001-07-06,17.73336793,18.02345083,17.56917018,17.82641411,17151702
2001-07-09,17.73336707,18.06176257,17.30097957,17.90851212,35909821
2001-07-10,18.14386500,18.32995444,17.89756689,18.26427650,24974270
2001-07-11,18.17122628,18.65013681,18.01250219,18.42299652,16015356
2001-07-12,18.52698142,18.75685844,18.45582841,18.62002754,17476842
2001-07-13,18.70486654,19.19746113,18.18764492,18.82801628,28580447
2001-07-16,18.54888187,18.71855325,18.06176086,18.17122650,21472159
2001-07-17,18.00702850,18.41204917,17.79357232,18.22595978,16188394
2001-07-18,18.28343107,18.36005630,17.78810099,17.88388252,20781490
2001-07-19,17.78809619,17.86745822,17.56916493,17.73883629,16907479
2001-07-20,17.84282742,17.84830106,16.99447215,17.18056297,25611498
2001-07-23,16.96711364,17.29550920,16.41978819,17.13131142,1948391
2001-07-24,16.48546654,17.32287487,16.48546654,17.20520020,13896909
2001-07-25,17.21340274,17.26539946,16.89595461,17.00541878,17154376
2001-07-26,16.85764271,17.09846712,16.57303351,16.68523598,30470005
2001-07-27,16.61134440,16.85490560,16.41978137,16.75091362,17946522
2001-07-30,16.71807807,17.18604285,16.60040340,17.12310028,21004692
2001-07-31,17.22709073,17.55548622,16.61955820,17.45149422,55492156
2001-08-01,17.56643075,17.63758378,17.09025703,17.26813889,26261387
2001-08-02,17.18603991,17.56369381,16.94248013,17.39402390,22788924
2001-08-03,17.37760456,17.57464273,16.98353113,17.36118507,48046979
2001-08-06,17.35024145,17.76894635,17.25445991,17.68958282,25558407
2001-08-07,17.57190823,18.06176471,17.57190823,18.01524162,32886578
2001-08-08,17.78262314,18.11649221,17.65400121,17.97692299,24997699
2001-08-09,17.84283194,18.59540590,17.78809985,18.37921143,32633546
2001-08-10,18.49962426,18.68845197,18.28616660,18.59814262,35529952
2001-08-13,18.58171808,18.65834475,17.76620319,17.87293053,27804630
2001-08-14,18.04534205,18.04534205,17.49527991,17.57190514,41322595
2001-08-15,17.57190514,17.57190514,17.57190514,17.57190514,0
2001-08-16,17.67863787,18.14112759,17.56917220,17.89209557,40314418
2001-08-17,17.89756767,17.99608605,17.30919280,17.38034439,37882790
2001-08-20,17.24076989,17.61842521,17.21613994,17.39675713,27714988
2001-08-21,17.40496755,17.66221141,17.40496755,17.45422745,25945335
2001-08-22,17.45422745,17.45422745,17.45422745,17.45422745,0
2001-08-23,17.50896482,18.49962503,17.30098079,17.35024071,24387653
2001-08-24,17.40497258,17.41865670,17.19698855,17.24898529,20928018
2001-08-27,17.40497087,17.50896287,17.13678113,17.25719261,18360044
2001-08-28,17.18056920,17.38855323,17.08752303,17.12310028,14452184
2001-08-29,17.07657226,17.52811597,17.07109861,17.42686081,48566417
2001-08-30,17.36392235,17.59106267,17.24077404,17.46517754,27727662
2001-08-31,17.42686583,17.45970480,16.94248303,17.03005409,39395546
2001-09-03,17.02184443,17.24077428,17.02184443,17.11488914,16171687
2001-09-04,17.12583667,17.31740269,16.89322414,17.20520020,22366089
2001-09-05,17.13130928,17.29550704,16.95616569,17.03005409,11804371
2001-09-06,17.40497817,17.40497817,16.93975152,17.05468941,16967446
2001-09-07,17.16962255,17.16962255,16.75091913,16.84122849,20467497
2001-09-10,16.80291224,16.93427103,16.59766506,16.64692497,12647198
2001-09-11,16.72081074,16.80290960,16.58397979,16.69618225,14673580
2001-09-12,16.14612171,16.50188399,15.10893848,16.30484581,34785814
2001-09-13,16.41978368,16.58398142,15.76572811,15.88887787,20201511
2001-09-14,15.96550608,15.96550608,14.30163383,14.30163383,31589350
2001-09-17,13.80629583,14.53150270,13.19055310,14.37551403,100059643
2001-09-18,14.23047887,15.24303357,13.68315355,13.85556030,87037267
2001-09-19,14.23047780,14.31257667,13.30823398,13.51348114,54005126
2001-09-20,13.23981811,13.43685627,12.68701917,13.13035393,61146786
2001-09-21,12.78827384,12.80743014,11.81950695,11.85781956,73484375
2001-09-24,11.90434429,12.41609461,11.74562017,12.10411930,101903813
2001-09-25,12.32031028,12.53376644,11.14355870,11.30775642,99719112
2001-09-26,11.48837794,12.44072562,11.48837794,12.43251514,91794116
2001-09-27,11.76477546,13.39854465,11.76477546,13.22887325,134391056
2001-09-28,13.35475906,14.55340326,13.05372886,14.48225021,145786541
2001-10-01,14.44941091,14.85990529,13.86377149,14.20584965,204260754
2001-10-02,14.20584965,14.20584965,14.20584965,14.20584965,0
2001-10-03,14.28521244,14.33447234,13.25076607,13.49706268,99945731
2001-10-04,13.63116015,14.00060662,13.33013137,13.65305328,149091469
2001-10-05,13.62842063,14.06628178,13.33286555,13.71872997,71438233
2001-10-08,13.24529121,14.00881094,13.16319235,13.81177425,103922801
2001-10-09,13.95681332,14.11006373,13.63936375,13.85282135,103584608
2001-10-10,13.79261972,14.43846496,13.79261972,14.12922573,90542542
2001-10-11,14.23047879,14.70665253,14.23047879,14.52603531,79497826
2001-10-12,14.62181619,14.93105533,14.50961374,14.61634254,87830406
2001-10-15,14.53698191,15.14451295,14.39467585,14.97484303,66342603
2001-10-16,15.04599460,15.15546024,14.86811421,14.97484303,45376787
2001-10-17,15.05147037,15.69184192,14.94200472,15.57416725,59714247
2001-10-18,15.30871130,15.35249756,15.00220895,15.10346413,42306432
2001-10-19,15.07883572,15.24303346,14.96937007,15.13356781,38912730
2001-10-22,15.14725579,15.51122865,14.77781074,14.93106270,42206273
2001-10-23,15.14451215,15.19650887,14.95568593,15.04599380,26546026
2001-10-24,15.21566779,15.21566779,14.48225008,14.55613995,47907075
2001-10-25,14.72307144,14.75043675,14.32625980,14.44393444,27738810
2001-10-26,14.44393444,14.44393444,14.44393444,14.44393444,0
2001-10-29,14.55887875,14.79970177,14.07175761,14.25511169,30511794
2001-10-30,14.01154918,14.10459389,13.74609626,13.82272148,34700611
2001-10-31,13.90208237,14.14564212,13.58736960,13.92397404,107369902
2001-11-01,14.06628367,14.38920703,13.97050212,14.26879406,54707587
2001-11-02,14.25784641,14.72307435,14.23321646,14.39194202,44285269
2001-11-05,14.41657167,14.41657167,14.07996570,14.31257820,34339311
2001-11-06,14.50414630,14.61361198,14.16206806,14.36731529,33712838
2001-11-07,14.53150768,14.58623977,14.02796721,14.18121910,22285087
2001-11-08,14.17574934,14.36457707,13.78441121,14.26879406,41576201
2001-11-09,14.42204198,14.58350288,14.24689842,14.45214558,34613167
2001-11-12,14.49866789,14.74496300,14.41109538,14.56981945,27757758
2001-11-13,14.55887613,14.75043919,14.41109787,14.69297028,32125312
2001-11-14,14.88179744,15.03778471,14.84074801,14.95295048,12335502
2001-11-15,14.94200266,15.30871074,14.88727057,15.21840286,31320535
2001-11-16,15.21840286,15.21840286,15.21840286,15.21840286,0
2001-11-19,15.54953577,16.74270622,15.54953577,16.70713043,71040018
2001-11-20,16.96710804,17.02184159,15.76299188,15.92992496,44342547
2001-11-21,15.98192059,16.54292993,15.73562402,16.11327934,40602096
2001-11-22,16.14612232,16.33221321,15.87793256,15.97645092,31503531
2001-11-23,15.98192457,16.22822120,15.58511284,15.97645092,36048423
2001-11-26,16.18443462,16.51283012,16.10507257,16.34315872,36689979
2001-11-27,16.52924760,16.68797315,15.91624293,16.04760170,27767645
2001-11-28,16.04760166,16.10507057,15.61521274,15.90256023,32388329
2001-11-29,15.87245773,15.97097608,15.65352643,15.86972237,24401629
2001-11-30,15.86972237,15.86972237,15.86972237,15.86972237,0
2001-12-03,15.93266193,16.07496653,15.65352491,15.89708614,26789941
2001-12-04,15.98192426,16.47451751,15.92719216,16.33768654,34449596
2001-12-05,16.70166195,17.28456469,16.63871936,17.14773369,45707249
2001-12-06,17.51443820,17.76073484,16.75365516,16.96437454,48654406
2001-12-07,16.96710868,17.28455831,16.96710868,17.07657433,30398723
2001-12-10,17.02184452,17.51170096,17.02184452,17.24351120,20566620
2001-12-11,17.24076883,17.39675606,16.91511025,16.99173546,23066337
2001-12-12,17.13130522,17.50896056,16.91784906,17.02184105,25557637
2001-12-13,17.11762257,17.45970066,16.18169468,17.02184105,57676438
2001-12-14,17.02184457,17.07657666,16.70713172,16.98353195,18745655
2001-12-17,16.98353195,16.98353195,16.98353195,16.98353195,0
2001-12-18,16.96710725,17.21614065,16.56208660,16.92058563,21648727
2001-12-19,17.18056717,17.18056717,16.80291178,16.89595795,35696394
2001-12-20,16.88501213,17.07657666,16.56209027,16.98353195,24662041
2001-12-21,16.69344550,17.04920774,16.69344550,16.98626518,14107101
2001-12-24,16.74817638,17.09846492,16.69344284,17.00541878,13869867
2001-12-25,17.00541878,17.00541878,17.00541878,17.00541878,0
2001-12-26,16.96163879,17.13130873,16.60587504,16.79196739,9321039
2001-12-27,16.69344998,16.77281351,16.32126962,16.54293633,35795461
2001-12-28,16.41978311,16.68797283,15.82867012,16.52377510,29663225
2001-12-31,16.63871372,16.90416663,16.34315721,16.75912666,16250994
2002-01-01,16.68797493,16.90690477,16.56208979,16.69344711,9645367
2002-01-02,16.64145697,16.74818584,16.47452235,16.61682701,9579602
2002-01-03,16.69345210,16.80018096,16.15980925,16.22548866,22102484
2002-01-04,16.47451623,17.82914904,16.31031849,17.57190514,62707885
2002-01-07,17.45970126,18.09186368,17.36665657,17.51443481,42526568
2002-01-08,17.57190213,17.78809656,17.27361030,17.39675713,23035569
2002-01-09,17.51443902,18.36279463,17.30098134,17.97145653,87376887
2002-01-10,18.06723179,18.31626518,17.60200398,17.76893997,34331917
2002-01-11,17.89756349,18.33542461,17.40770711,17.88661766,42278396
2002-01-14,18.11649701,18.82802159,17.63758640,17.82641411,65636529
2002-01-15,17.78262553,18.00155536,17.53359211,17.66494942,23187797
2002-01-16,17.79356863,17.87019383,17.30097407,17.52811432,18179387
2002-01-17,17.35023458,17.67589317,17.27087109,17.44327927,27352232
2002-01-18,18.05629722,18.05629722,16.88501795,17.05468941,32497955
2002-01-21,17.13130774,17.27908601,17.02184356,17.09846878,14862513
2002-01-22,17.07657653,17.44875830,16.91511561,17.10941696,27447966
2002-01-23,17.07657720,17.34476697,17.00816098,17.22161865,16462461
2002-01-24,17.26814011,17.35023898,17.04920881,17.16141129,11791529
2002-01-25,17.23803689,17.24077372,17.07657597,17.22982788,8558065
2002-01-28,17.29550470,17.73336582,17.11215066,17.21067047,32907556
2002-01-29,17.29550773,17.42960335,17.18056988,17.32834816,21020125
2002-01-30,17.23530056,17.40497048,16.92332310,17.18877602,19921605
2002-01-31,17.56917283,17.56917283,16.28842955,16.42526054,94887745
2002-02-01,16.45536232,16.71534309,16.31579451,16.45536232,62540337
2002-02-04,16.77554463,16.77554463,16.23642834,16.57303429,26850286
2002-02-05,16.31032002,16.52924987,15.98739816,16.08591652,45867165
2002-02-06,16.14612477,16.28295723,15.89161763,15.96550751,61498409
2002-02-07,15.98192440,17.39949989,15.97918757,16.85490990,113657573
2002-02-08,16.85764230,17.21340453,16.75912542,17.03278732,59848718
2002-02-11,17.18604813,17.35024594,16.80839258,16.89049149,34021971
2002-02-12,16.96711467,17.21341136,16.84123097,16.92332840,40477289
2002-02-13,16.96711349,17.13131127,16.92606405,16.96711349,47407776
2002-02-14,17.09846781,17.31739910,16.97258269,17.05194473,28104451
2002-02-15,17.13130691,17.50348864,17.03005173,17.27361298,69678425
2002-02-18,17.40497069,17.61295469,17.31192599,17.44602013,49775515
2002-02-19,17.52538352,17.67863544,17.43233881,17.56096077,40018084
2002-02-20,17.37760434,17.42960107,17.13951819,17.35297585,25876728
2002-02-21,17.42686280,17.56916740,17.10394099,17.20793152,19779727
2002-02-22,17.13130661,17.25992855,17.10941494,17.23530006,11669172
2002-02-25,17.25171720,17.33655434,17.13130573,17.22435188,12099948
2002-02-26,17.37213060,17.73336502,17.27361225,17.58832359,40451157
2002-02-27,17.73336626,18.07544586,17.41865489,17.82914925,101030821
2002-02-28,17.88661701,18.02618479,16.69618346,16.84943390,83680802
2002-03-01,16.85764235,17.77167713,16.70712874,17.64031982,63239227
2002-03-04,18.28069382,18.60908932,17.07657603,17.16688538,158828803
2002-03-05,17.45970213,17.48159526,17.08204676,17.17235756,61248668
2002-03-06,16.85764775,17.59653921,16.77007667,16.83849144,46666285
2002-03-07,16.96711218,17.09847098,16.78375811,17.03826523,30686653
2002-03-08,17.07109740,17.21340197,16.72901934,16.80017090,25543031
2002-03-11,16.93700840,16.93700840,16.25832427,16.33494949,55717669
2002-03-12,16.35957722,16.38967935,15.95455508,15.99560452,36594497
2002-03-13,16.03665550,16.34315786,15.98192341,16.07223129,38789212
2002-03-14,16.25832331,16.33221171,16.10780823,16.28295326,22150267
2002-03-15,16.32399930,16.93700539,16.32399930,16.86038017,58963177
2002-03-18,17.00542508,17.12036439,16.69892268,16.78649521,28846110
2002-03-19,16.80291663,16.84123072,16.32400593,16.39789581,22878230
2002-03-20,16.47451544,16.68523625,16.33768449,16.62503052,33074349
2002-03-21,16.52924855,16.67428998,16.47999010,16.61408424,16132181
2002-03-22,16.41431181,16.67155573,16.26105989,16.62776947,26800906
2002-03-25,16.62776947,16.62776947,16.62776947,16.62776947,0
2002-03-26,16.55113994,16.55661359,16.35410326,16.41978264,17638257
2002-03-27,16.57851249,16.60587781,16.13791443,16.42526054,32848472
2002-03-28,16.47451370,16.59766199,16.28568604,16.43620110,42148435
2002-03-29,16.43620110,16.43620110,16.43620110,16.43620110,0
2002-04-01,16.51009545,16.87406825,16.38147493,16.53746223,35258574
2002-04-02,16.44714968,16.65239832,16.44714968,16.61408424,21033737
2002-04-03,16.60861230,16.60861230,16.28568900,16.36231422,14761709
2002-04-04,16.44714970,17.50896283,16.44714970,16.71260262,138320973
2002-04-05,16.76185790,17.02183856,16.69344170,16.73175430,46535736
2002-04-08,16.81659449,16.86858976,16.53198383,16.58398056,24111052
2002-04-09,16.61134590,16.64692314,16.37599660,16.42799187,19790832
2002-04-10,16.41978770,16.54019921,16.11328528,16.21454048,37386600
2002-04-11,16.31853147,16.44441662,16.16254272,16.23095894,11311359
2002-04-12,16.24737799,16.40883892,16.17622641,16.32400322,14316453
2002-04-15,16.31032158,16.41157677,16.05581445,16.11602020,9075948
2002-04-16,16.09138442,16.16527427,15.72741322,15.82045937,21118198
2002-04-17,15.97371962,16.00382323,15.79857597,15.87520123,13138234
2002-04-18,15.98191754,16.18716464,15.92718546,16.00107384,27042174
2002-04-19,16.01202621,16.36505312,15.44828138,15.58237553,26920238
2002-04-22,15.59879270,15.84235393,15.33881346,15.72194099,24606472
2002-04-23,15.77393837,16.12422696,15.66173590,15.93813610,51300609
2002-04-24,16.03665509,17.50348891,15.81772526,15.85330105,16814924
2002-04-25,15.89982410,15.92171723,15.60974123,15.70825958,23665824
2002-04-26,15.73563215,15.92172309,15.63164012,15.79036427,15820877
2002-04-29,15.81772539,15.81772539,14.92284683,15.06788826,66095201
2002-04-30,15.05147200,15.30871450,14.97210994,15.23482609,23646232
2002-05-01,15.23482609,15.23482609,15.23482609,15.23482609,0
2002-05-02,15.54132499,15.65352600,15.40723085,15.56321812,18346250
2002-05-03,15.59879584,15.86972389,15.58237635,15.75478458,24265829
2002-05-06,15.76572496,15.92718730,15.74383330,15.85603428,19012565
2002-05-07,15.81773001,16.10781296,15.71647480,16.04487038,16862118
2002-05-08,16.09138756,16.16801425,15.79583250,15.86972237,24711295
2002-05-09,16.00928834,16.13243810,15.83140794,15.95181942,16979041
2002-05-10,15.96003319,15.99834581,15.60427086,15.76573181,18418596
2002-05-13,15.87246244,15.87246244,15.61521845,15.65353107,11945493
2002-05-14,15.75204186,15.81224758,15.48932583,15.52763844,12623769
2002-05-15,15.58237167,15.70825678,15.33607511,15.48385334,15197303
2002-05-16,15.54406473,15.56048421,15.05968043,15.21019554,18686347
2002-05-17,15.27039766,15.73288871,15.08430680,15.36891747,40395769
2002-05-20,15.85603624,15.86150989,14.91463470,15.11714649,34081238
2002-05-21,14.92010977,14.96115920,13.60652787,14.35362816,79381407
2002-05-22,14.30984185,14.36731077,13.95681643,14.16206360,29677090
2002-05-23,14.12101589,14.21953425,13.72146733,13.90482140,28533504
2002-05-24,14.24689796,14.99673354,14.24689796,14.81064415,44689282
2002-05-27,15.03505012,15.03505012,14.50961645,14.74223042,25100939
2002-05-28,14.65739259,14.65739259,14.12648680,14.23047733,33161820
2002-05-29,15.05146850,15.05146850,14.07996474,14.52056122,24699489
2002-05-30,14.24963396,14.75864809,14.24963396,14.30984116,30406943
2002-05-31,14.38920579,14.55887719,13.99513087,14.42204475,30189483
2002-06-03,14.64370610,14.88453047,14.35088794,14.79695797,37182360
2002-06-04,14.80517607,15.04599909,14.67381725,14.94200706,29704678
2002-06-05,14.94200195,15.18829854,14.88726986,15.01862717,26497907
2002-06-06,15.05147046,15.16093612,14.79970018,15.06515312,25395900
2002-06-07,14.99673799,15.10346684,14.84622435,15.03778744,22927609
2002-06-10,15.16640585,15.59879331,15.16640585,15.53858757,26647796
2002-06-11,15.76299543,15.94908486,15.68910556,15.82867336,31196526
2002-06-12,15.78762229,15.78762229,15.56595562,15.66994762,15428095
2002-06-13,15.70826140,15.81499024,15.54406365,15.57416725,11627649
2002-06-14,15.53858784,15.54406149,15.29229124,15.42638683,18098386
2002-06-17,15.64805581,15.64805581,15.46196492,15.59332371,11055527
2002-06-18,15.65352384,15.81772302,15.45101498,15.50848389,11623742
2002-06-19,15.48932866,15.80677828,15.26766202,15.68910217,34474440
2002-06-20,15.70278630,15.77941298,15.51122324,15.68362999,17168227
2002-06-21,15.70825895,15.70825895,15.43186021,15.53858757,11569671
2002-06-24,15.59879095,15.59879095,15.38807163,15.53311157,10577837
2002-06-25,15.16093991,15.41271026,14.66834505,14.93106270,142002298
2002-06-26,14.77780344,14.85443011,14.50414009,14.61634254,43979035
2002-06-27,14.75043879,14.95842280,14.56161110,14.87358856,40186683
2002-06-28,14.88726778,14.88726778,14.64370659,14.74496174,25290083
2002-07-01,14.78054363,14.99673666,14.69844475,14.87085152,12190220
2002-07-02,14.83801185,14.88453493,14.57803257,14.61908054,13464775
2002-07-03,14.61360640,14.94200185,14.56434650,14.67654896,33192882
2002-07-04,14.72307401,14.82980284,14.58624158,14.61360836,14491018
2002-07-05,14.66834095,14.71212721,14.35362956,14.41109848,29980061
2002-07-08,14.23047787,14.98578861,14.23047787,14.87905979,64437136
2002-07-09,14.89000651,15.24850410,14.78327770,15.15545940,51260501
2002-07-10,14.99673634,15.26766438,14.99673634,15.18009186,38031783
2002-07-11,15.10619626,15.13903521,14.48771810,14.53971481,35976076
2002-07-12,14.69570625,14.74222933,14.46856595,14.52056122,21813909
2002-07-15,14.61360938,14.61360938,14.23048030,14.55066681,14793471
2002-07-16,14.55887527,14.63002684,14.01702215,14.11554050,31603760
2002-07-17,14.07996526,14.14838001,13.78167192,13.89661121,52119237
2002-07-18,13.95681723,14.25237375,13.91029414,14.19490337,24984143
2002-07-19,14.01154990,14.35910172,14.01154990,14.21953392,31751913
2002-07-22,14.06627992,14.11553983,13.90208366,14.05533409,19612164
2002-07-23,13.93492334,14.21953256,13.83093135,14.05259800,32536594
2002-07-24,14.03891475,14.06080788,13.68862616,13.76798820,30787149
2002-07-25,13.95681463,14.21132021,13.68588810,13.78166962,84576776
2002-07-26,13.78714246,13.78714246,13.34928142,13.43138027,40847663
2002-07-29,13.38486203,13.71325903,13.07014916,13.56000710,60666477
2002-07-30,13.75977923,13.83640445,13.42591154,13.50800896,43537882
2002-07-31,13.40675273,13.56000463,13.19329655,13.37391376,47786651
2002-08-01,13.49158968,13.62842065,13.28634249,13.41222763,27319742
2002-08-02,13.25076537,13.38212414,13.08383081,13.29181480,27827682
2002-08-05,13.40948918,13.44232814,13.23434415,13.35202026,30377086
2002-08-06,13.30002467,13.35201993,13.16866590,13.22066116,23542179
2002-08-07,13.35475779,13.51074506,13.11940701,13.20424271,34574487
2002-08-08,13.23161213,13.28360740,12.66239211,12.76091194,51285484
2002-08-09,12.81290254,12.89773822,12.56660597,12.84300613,47182515
2002-08-12,13.01267920,13.31644475,12.82385295,13.18782425,62182944
2002-08-13,13.27265762,13.35475648,13.20697823,13.27539444,21763829
2002-08-14,13.25076456,13.32738978,13.03457011,13.05646324,33857699
2002-08-15,13.05646324,13.05646324,13.05646324,13.05646324,0
2002-08-16,13.19055795,13.34928350,13.15224534,13.28907776,27666323
2002-08-19,13.36023323,13.50253934,13.36023323,13.42317581,28777811
2002-08-20,13.49158986,13.71051971,13.43138411,13.62294865,45786682
2002-08-21,13.63115718,13.74062284,13.39854468,13.42043781,27886990
2002-08-22,13.51895816,13.65031697,13.46422606,13.55453396,25102704
2002-08-23,13.67767693,13.70778053,13.49705975,13.66946793,19770288
2002-08-26,13.68589474,13.83640841,13.63937164,13.73515320,23081504
2002-08-27,14.23047888,14.23047888,13.46422372,13.49706268,18730054
2002-08-28,13.43685480,13.51895366,13.36570178,13.44780064,13400495
2002-08-29,13.40948940,13.68315278,13.38759627,13.66125965,28821799
2002-08-30,13.72146626,14.03344227,13.62842009,13.98418236,47353033
2002-09-02,14.23048044,14.66834163,14.23048044,14.51782799,57789944
2002-09-03,14.58076672,14.60813350,14.29068533,14.46582890,30057968
2002-09-04,14.33994484,14.82980272,14.28521274,14.73949337,69110182
2002-09-05,14.77780662,14.82432971,14.50414321,14.55613995,29739969
2002-09-06,14.55887111,14.69022839,14.40835608,14.53971481,35214586
2002-09-09,14.49866898,14.55887471,14.10732949,14.28247452,34598449
2002-09-10,14.28247452,14.28247452,14.28247452,14.28247452,0
2002-09-11,14.28521203,14.34541777,14.03891542,14.08817387,28936173
2002-09-12,14.11006667,14.43025313,14.09364719,14.25784492,39028575
2002-09-13,14.29342446,14.50140851,14.10459673,14.17574978,51848098
2002-09-16,14.23048144,14.29616084,14.06628367,14.12375259,29624055
2002-09-17,14.13469729,14.39194120,14.13469729,14.31805134,18710406
2002-09-18,14.23048078,14.32900061,14.12101658,14.15659237,17194639
2002-09-19,14.20037805,14.20037805,13.98418355,14.12648964,21151150
2002-09-20,13.95681704,14.08817436,13.85008822,13.98418236,24616387
2002-09-23,14.06627961,14.33720615,13.95681543,14.23047733,25511899
2002-09-24,14.17574688,14.30163201,13.91850297,13.98418236,33851622
2002-09-25,13.90755881,14.00881400,13.79261950,13.97597504,16970345
2002-09-26,14.06628308,14.07175673,13.94313475,13.99513149,8181500
2002-09-27,13.99786512,14.20311228,13.89113631,14.11827660,26125096
2002-09-30,14.07996779,14.23048144,14.07175731,14.12375259,31576774
2002-10-01,14.01702032,14.09364553,13.63115452,13.68315125,29068668
2002-10-02,13.68315125,13.68315125,13.68315125,13.68315125,0
2002-10-03,13.62841973,13.65578650,13.16319328,13.25076580,68501677
2002-10-04,13.19602918,13.23708007,12.86489695,12.92510414,55472424
2002-10-07,12.86216204,13.22613324,12.84026746,13.14403439,28380996
2002-10-08,13.17139916,13.34380733,13.12487755,13.26444530,18650971
2002-10-09,13.28634207,13.32191786,13.00994185,13.04825592,20233315
2002-10-10,12.97163061,13.10298940,12.87584907,12.96615696,20938059
2002-10-11,13.73788557,13.73788557,13.03183469,13.11393356,18031444
2002-10-14,13.19055904,13.32191782,13.13582694,13.25623989,14663623
2002-10-15,13.25623989,13.25623989,13.25623989,13.25623989,0
2002-10-16,13.32739192,13.53263911,13.28907931,13.36570454,27546599
2002-10-17,13.32739133,13.39854437,13.22613616,13.33560181,16907675
2002-10-18,13.39307212,13.53811357,13.22066389,13.29455376,19903470
2002-10-21,13.35475950,13.36570533,13.20150757,13.25350285,11103912
2002-10-22,13.30549534,13.31644117,13.08382872,13.13308716,15611777
2002-10-23,13.47809705,13.47809705,13.34206863,13.37324238,19106437
2002-10-24,13.31939147,13.43274691,12.98498883,13.03033161,40213040
2002-10-25,13.00766385,13.08701298,12.55707153,12.64208889,66184858
2002-10-28,12.62792027,12.72994081,12.35869837,12.45788479,40337021
2002-10-29,12.78095062,13.17769778,12.70159998,13.06717491,79943964
2002-10-30,13.18336746,13.37040536,13.18336746,13.28538799,53997354
2002-10-31,13.43558420,15.26912562,13.43558420,15.04808140,509674504
2002-11-01,15.06508626,15.17277503,14.26875621,14.60882568,317726453
2002-11-04,14.90922017,14.98006696,14.75335452,14.92055511,72357384
2002-11-05,15.01974171,15.01974171,14.71934685,14.80436420,71797712
2002-11-06,14.80436420,14.80436420,14.80436420,14.80436420,0
2002-11-07,14.93472527,15.37964936,14.60032405,14.71651363,125825680
2002-11-08,14.39628292,14.85821018,14.39628292,14.62299538,95745571
2002-11-11,14.62299578,14.64566566,14.42745554,14.50963879,40732533
2002-11-12,14.39628088,14.83270257,14.37644208,14.78169155,78121220
2002-11-13,15.28896483,15.28896483,14.75902339,14.89788437,114265630
2002-11-14,14.93472558,15.05941752,14.86387879,15.01407623,70839937
2002-11-15,15.13876527,15.27479365,15.08208754,15.20111275,68736475
2002-11-18,15.18977880,15.68854808,15.13876777,15.40799046,92854473
2002-11-19,15.40799046,15.40799046,15.40799046,15.40799046,0
2002-11-20,15.44483211,15.75089527,15.35981473,15.49867725,104343003
2002-11-21,15.60069317,15.69988109,15.49017031,15.56952095,60963594
2002-11-22,15.67154014,16.34601068,15.67154014,16.17314339,189851549
2002-11-25,16.12496834,16.53305349,15.96910418,16.24115944,132548622
2002-11-26,16.41969377,16.76543139,16.41119143,16.57272530,193997106
2002-11-27,16.52172131,16.60390458,16.21849224,16.28367233,98332241
2002-11-28,16.43669762,16.60389821,16.38852223,16.48204041,99033736
2002-11-29,16.57839535,16.70592292,16.08246173,16.31767654,111038342
2002-12-02,16.43102762,16.84194528,16.32334040,16.69458199,82730519
2002-12-03,16.88728790,17.10266537,16.40835758,16.51321220,109562264
2002-12-04,16.60673356,16.68324858,16.25532767,16.57839394,128405068
2002-12-05,16.70308640,16.88445758,16.57839448,16.68608475,91548576
2002-12-06,16.72575694,16.94680265,16.60956586,16.78526878,51392478
2002-12-09,16.94680600,17.24436678,16.50754860,16.60390091,114266106
2002-12-10,16.48771067,16.67758268,16.32901089,16.62657166,64414715
2002-12-11,16.71442294,16.82777992,16.47070731,16.58689690,58044992
2002-12-12,16.60673413,16.69458561,16.44520175,16.65491104,56106320
2002-12-13,16.32334403,16.92980051,16.32334403,16.83061409,53087418
2002-12-16,17.11684019,17.11684019,16.72009296,16.75976753,93511658
2002-12-17,16.79377459,16.87879196,16.55289304,16.66908264,69258811
2002-12-18,16.69458662,16.77110316,16.36018538,16.43103218,49761007
2002-12-19,16.40836169,16.45937120,16.20148500,16.38568878,54218315
2002-12-20,16.38001989,16.59822998,16.38001989,16.48204041,51132080
2002-12-23,16.54722649,16.55006061,16.35452032,16.41686630,35336537
2002-12-24,16.39419312,16.56422787,15.99461177,16.52455330,51955287
2002-12-25,16.52455330,16.52455330,16.52455330,16.52455330,0
2002-12-26,16.59256259,17.15651030,16.57839203,17.03181839,153328642
2002-12-27,17.14517645,17.36622218,16.84478160,16.94113541,144942117
2002-12-30,16.83344856,16.95530790,16.66908205,16.86178970,58407328
2002-12-31,16.99780998,16.99780998,16.83627765,16.88728714,53121742
2003-01-01,17.04882614,17.08850071,16.83911533,16.87878990,47412411
2003-01-02,16.93830168,16.93830168,16.58406169,16.63507271,40149278
2003-01-03,16.72575805,16.73992711,16.27233166,16.32050705,72746595
2003-01-06,16.30350740,16.34884868,16.10513153,16.14197350,48579301
2003-01-07,16.21281862,16.30066856,16.11363070,16.15613937,37957980
2003-01-08,16.17314667,16.48771060,16.16181021,16.37718773,35951905
2003-01-09,16.46503748,16.88445602,16.45086691,16.79660606,79905158
2003-01-10,16.93546915,16.94680561,16.55005690,16.83628273,61297754
2003-01-13,16.83345082,16.85045550,16.69175568,16.73426437,36967854
2003-01-14,16.60106551,16.72008919,16.52171487,16.69174957,40219496
2003-01-15,16.55005459,16.63507194,16.28933431,16.48204041,55546606
2003-01-16,16.48204040,16.60389820,16.34317943,16.51888084,34454833
2003-01-17,16.57839371,16.64924201,16.47070647,16.56989288,26453471
2003-01-20,16.58123367,16.66058434,16.36585609,16.42820358,20736760
2003-01-21,16.43669799,16.60673269,16.32334252,16.55572319,26085071
2003-01-22,16.57839925,16.86179256,16.51038656,16.77960777,54271252
2003-01-23,16.83344685,17.00348309,16.52738525,16.58973122,45986007
2003-01-24,16.62940548,16.62940548,15.94076577,16.02011490,57131232
2003-01-27,15.99744221,16.14763964,15.32580420,15.49300480,68346732
2003-01-28,15.32297395,15.85291549,15.26346209,15.79340363,73657273
2003-01-29,17.57026818,17.57026818,15.37965213,15.48167419,43454178
2003-01-30,15.48166883,15.63753295,15.11325981,15.21244621,72634279
2003-01-31,15.13309968,15.84157821,14.92339039,15.58936024,172248779
2003-02-03,15.98327543,16.01161506,15.67437968,15.94643497,57143318
2003-02-04,16.10796621,16.22982402,15.88408636,15.94926643,62720447
2003-02-05,15.85291426,16.09663142,15.73672466,16.01444817,47109930
2003-02-06,16.03994981,16.20148216,15.98893879,16.15613937,41533991
2003-02-07,16.18165198,16.25533291,15.72255719,15.91243076,55241688
2003-02-10,15.90958965,16.03428156,15.81323585,15.96343327,40877745
2003-02-11,15.99461237,16.08813058,15.88692360,16.00878143,34483696
2003-02-12,15.95776453,16.03428105,15.78772983,15.93792725,36870328
2003-02-13,15.93792725,15.93792725,15.93792725,15.93792725,0
2003-02-14,15.96626846,16.14763962,15.88125110,16.10229683,51934645
2003-02-17,16.28933909,16.57839757,16.27517003,16.53872299,44307312
2003-02-18,16.60673836,16.65208116,16.36869090,16.41686630,32597597
2003-02-19,16.49621373,16.59823427,16.39702730,16.45653915,26041994
2003-02-20,16.43670320,16.48771424,16.26950255,16.37435722,21668977
2003-02-21,16.38852523,16.77110339,16.38002289,16.71442413,63267726
2003-02-24,16.84194927,17.21602658,16.84194927,17.15651321,133025346
2003-02-25,17.00348447,17.09133596,16.70592368,16.75126648,69502586
2003-02-26,16.81360915,16.88445745,16.52171661,16.58406258,55005461
2003-02-27,16.51038094,16.83344568,16.45370321,16.74276161,59556978
2003-02-28,16.83344569,17.16218018,16.58122774,16.70592117,103736766
2003-03-03,16.72009147,17.07149738,16.62090505,16.76543427,91988609
2003-03-04,16.66907867,16.81927610,16.49337725,16.56138992,37515217
2003-03-05,16.46787332,16.48771060,16.04845322,16.37718773,80031001
2003-03-06,16.32617340,16.35734713,16.11079592,16.17314339,34455800
2003-03-07,15.75656096,16.03428445,15.75656096,15.92659569,47100939
2003-03-10,15.92092806,15.96060414,15.56102131,15.69704819,55878146
2003-03-11,15.58652200,16.28933212,15.53551099,16.16180611,57681003
2003-03-12,16.15330934,16.20148626,15.67437887,15.77356529,35543046
2003-03-13,15.75656298,15.92092950,15.60919963,15.75372887,50097000
2003-03-14,15.75372887,15.75372887,15.75372887,15.75372887,0
2003-03-17,15.75656038,15.92092687,15.60069471,15.84441185,56266796
2003-03-18,15.84441185,15.84441185,15.84441185,15.84441185,0
2003-03-19,15.98327056,16.19298133,15.95776506,16.15613937,49358268
2003-03-20,15.86991774,16.77110238,15.86991774,16.62657166,71416106
2003-03-21,16.52738396,16.71725595,16.17030985,16.63507271,57333596
2003-03-24,16.60106979,16.60106979,15.95776975,16.03145218,55710051
2003-03-25,15.81323624,16.24965945,15.70838161,16.19298172,49120571
2003-03-26,16.23832799,16.33184619,16.01728223,16.12496948,39091133
2003-03-27,16.03428277,16.07679144,15.82457349,15.89825439,35038397
2003-03-28,15.92092960,16.23266099,15.87842091,16.17881584,42733749
2003-03-31,15.93226329,16.02861559,15.62053196,15.76222706,47005639
2003-04-01,15.64320230,16.02578040,15.64320230,15.92942810,37292645
2003-04-02,16.01444753,16.20998626,15.92659605,16.00027847,35008078
2003-04-03,16.03995315,16.26666562,15.98610801,16.18164825,31214340
2003-04-04,16.21848284,16.66907501,16.21848284,16.63223457,68828778
2003-04-07,16.73425851,17.11683660,16.72008946,17.01198196,69034657
2003-04-08,16.89012341,16.93546620,16.69174909,16.78526878,42376062
2003-04-09,16.61523105,16.71441744,16.29499900,16.34317589,44544841
2003-04-10,16.31767408,16.35168041,15.98893961,16.16747665,40775373
2003-04-11,16.23266068,16.66341426,16.01161491,16.59823418,48412956
2003-04-15,16.60673497,16.61807143,15.53834968,16.00027847,81870746
2003-04-16,16.14763646,16.17314197,15.89258294,16.08528900,42340057
2003-04-17,16.08529589,16.08529589,15.65170819,15.76506519,43485772
2003-04-18,15.76506519,15.76506519,15.76506519,15.76506519,0
2003-04-21,15.86991672,15.98327219,15.69988201,15.83024216,30275806
2003-04-22,15.79340156,15.80190390,15.51567807,15.72255325,54292231
2003-04-23,15.95493667,16.12213730,15.28896676,15.37115002,221434793
2003-04-24,15.47317088,15.69988488,15.39948845,15.51851368,91042471
2003-04-25,15.41649025,15.56385357,15.13309856,15.20111275,77478908
2003-04-28,15.18978077,15.51284712,15.00557695,15.42782974,68354743
2003-04-29,15.47316966,15.52134657,15.34564361,15.46466732,44208217
2003-04-30,15.45900086,15.61486653,15.36264703,15.55535316,34076588
2003-05-01,15.55535316,15.55535316,15.55535316,15.55535316,0
2003-05-02,15.56385734,15.58086052,15.37681942,15.49867725,32469961
2003-05-05,15.58652815,15.64320589,15.27479677,15.33430862,38689864
2003-05-06,15.30313546,15.45333291,15.18411024,15.29746723,43159791
2003-05-07,15.09909111,15.23228538,15.01974198,15.05091572,41165255
2003-05-08,15.01974124,15.07358637,14.62299409,14.71084404,73358559
2003-05-09,14.57482212,14.93472894,14.57482212,14.79586792,42949991
2003-05-12,14.84970573,14.90638346,14.63716236,14.78169155,29654949
2003-05-13,14.84404025,14.89788387,14.72218093,14.83553791,23843344
2003-05-14,14.83553809,15.14443378,14.83553809,15.10475922,39668478
2003-05-15,15.11326237,15.21244879,15.02541089,15.15293694,27808776
2003-05-16,15.24645318,15.29179597,15.12742800,15.22661591,30535756
2003-05-19,15.24928725,15.36831245,15.16143730,15.25212288,35908071
2003-05-20,14.99140416,15.46183376,14.99140416,15.42215919,41338854
2003-05-21,15.45616429,15.51851025,15.26345819,15.40515327,36113543
2003-05-22,15.33714270,15.59786151,15.27479522,15.56385517,42077642
2003-05-23,15.86061311,15.91328733,15.74941476,15.81672001,21376271
2003-05-26,15.80209227,16.44588135,15.74356656,16.35516548,42413692
2003-05-27,16.33467733,16.64486649,16.28785614,16.41368866,54396662
2003-05-28,16.44587577,16.93164355,16.44587577,16.85556030,71745714
2003-05-29,16.94335403,17.25939473,16.76777535,17.18331146,60641367
2003-05-30,17.20671965,17.67492997,17.14819395,17.47594070,88124611
2003-06-02,17.49934794,17.58128421,17.16867319,17.23890495,36886055
2003-06-03,17.11308040,17.26524850,17.04577513,17.09844780,18522495
2003-06-04,17.12185533,17.71589657,17.08966675,17.59591866,64238469
2003-06-05,17.85051092,18.42406977,17.82710188,18.28945923,140731145
2003-06-06,18.43576791,18.54404130,18.18410447,18.34797859,77948350
2003-06-09,18.69621503,18.69621503,17.89147832,18.00267982,60458441
2003-06-10,17.92074022,18.36261339,17.66029719,17.76564407,70590574
2003-06-11,17.73638333,18.07290967,17.73638333,18.01145744,49155694
2003-06-12,18.06412426,18.19580823,17.97340844,18.02608109,37202694
2003-06-13,18.12850924,18.40065525,18.12265620,18.31579399,72191082
2003-06-16,18.44455220,18.55282562,17.92659415,17.98219490,108127036
2003-06-17,18.12850693,18.89812680,18.06705472,18.79277992,128219790
2003-06-18,18.88935200,18.88935200,18.53526809,18.61135292,73870841
2003-06-19,17.62518056,19.07955741,17.62518056,19.01517868,100688903
2003-06-20,18.84545572,19.76724373,18.84545572,19.63263321,196668208
2003-06-23,19.57410564,19.57410564,18.96835835,19.03566360,62150902
2003-06-24,19.03566469,19.21124335,18.66987477,18.74888611,91338804
2003-06-25,18.84545750,19.25514057,18.84545750,19.01225662,81563686
2003-06-26,19.07955956,19.42486385,18.91861193,19.02981186,103622672
2003-06-27,19.11760517,19.19661652,18.81912200,19.00640678,65064967
2003-06-30,19.02103172,19.32536783,18.88056818,19.01517868,78672602
2003-07-01,19.08248878,19.22002583,18.91861461,19.06785774,82959281
2003-07-02,19.18783613,19.54777307,19.07956271,19.22587776,106131604
2003-07-03,19.29903160,19.63263135,19.15564310,19.35755730,115325848
2003-07-04,19.49216972,19.74090669,19.37219180,19.48631668,83165944
2003-07-07,19.54776979,19.75261052,19.17320187,19.24050713,57341354
2003-07-08,19.26098969,19.37218960,19.00054823,19.09419060,49463749
2003-07-09,19.31366028,19.31366028,18.91860836,19.11759758,42943059
2003-07-10,19.24928891,19.64141602,19.11760488,19.55362511,59663355
2003-07-11,19.54776762,19.75260833,19.29317765,19.35463142,57970502
2003-07-14,19.48924442,19.92818952,19.48924442,19.88429642,91666830
2003-07-15,19.95745535,20.18570827,19.58874043,19.76139259,84122767
2003-07-16,19.70871941,20.27349709,19.60629747,20.11840248,78125562
2003-07-17,20.19155676,20.30275667,19.66482082,19.82869339,80737902
2003-07-18,19.80820888,20.48418634,19.54776744,19.85503006,78313837
2003-07-21,19.96915587,19.98671343,19.55361831,19.64726067,65664832
2003-07-22,19.65604422,19.65604422,19.27562324,19.55069733,73585039
2003-07-23,19.66481952,19.69408158,19.16149264,19.30195618,62402827
2003-07-24,19.37804111,20.25008288,19.26098972,20.00427246,78868454
2003-07-25,20.19156005,20.54271740,20.03353893,20.46078110,113136735
2003-07-28,20.51637995,20.73877981,20.10377039,20.20326424,67780254
2003-07-29,20.07743007,20.42566084,20.01012482,20.34665108,71057439
2003-07-30,20.13303273,20.69195730,19.31366357,20.40225220,68998595
2003-07-31,20.54272030,21.17772982,20.30861433,20.94655037,224892341
2003-08-01,21.05189070,21.05189070,20.69488040,20.77974319,74671095
2003-08-04,20.68902963,20.93484006,20.63050394,20.77096748,51695702
2003-08-05,20.81193633,21.30355719,20.17107392,20.36421013,113417159
2003-08-06,20.10961971,20.85875550,20.10961971,20.51930428,121809328
2003-08-07,20.66854790,20.89387427,20.40517989,20.80901146,78509311
2003-08-08,21.06360459,21.32989759,20.89387737,21.26259232,100474328
2003-08-11,20.98166417,21.36208515,20.98166417,21.14553833,65362813
2003-08-12,22.75500731,22.75500731,20.80900952,20.88216782,53918173
2003-08-13,21.64886094,21.64886094,20.82071381,21.12505150,63463283
2003-08-14,21.18650566,21.38841988,20.90265359,20.98751640,67262847
2003-08-15,20.98751640,20.98751640,20.98751640,20.98751640,0
2003-08-18,21.01092466,21.32989180,20.77681875,21.14260864,78071589
2003-08-19,21.22454868,21.73958020,21.10749570,21.60204315,82301606
2003-08-20,21.77176755,21.92978867,21.51132607,21.59033585,49097940
2003-08-21,21.94734427,21.94734427,21.60496499,21.71909142,59203324
2003-08-22,21.84200537,22.51798469,21.77177357,22.33947945,116788342
2003-08-25,22.59113619,24.85610128,21.48498841,22.15804100,132404097
2003-08-26,22.23997453,22.94228911,22.12877462,22.86327934,112114301
2003-08-27,22.82524000,23.23784954,22.82524000,23.04763985,73505914
2003-08-28,23.06226836,23.26418411,22.73744818,23.04178429,70642923
2003-08-29,23.35197938,23.68850571,23.04471668,23.45147324,92274019
2003-09-01,23.30807921,24.25327925,23.30807921,24.00746727,84452781
2003-09-02,24.28839643,24.67466885,24.09233369,24.49909019,135259343
2003-09-03,24.35570220,24.51664826,23.76458747,23.87578583,77420832
2003-09-04,23.81432850,24.17133879,23.70898163,23.95479202,88695220
2003-09-05,24.06014538,24.65711318,24.06014538,24.57225037,81359053
2003-09-08,24.70392992,25.60230721,24.70392992,25.49403381,109846273
2003-09-09,25.58475136,25.89201401,25.28919323,25.53500366,123502517
2003-09-10,25.45892249,25.48525960,25.20140596,25.43843842,71159685
2003-09-11,24.87365778,25.70473145,24.87365778,25.09020615,96604041
2003-09-12,25.04923500,25.37698326,24.34692040,24.53127861,85145047
2003-09-15,24.52249905,24.56932023,23.50706879,23.67679596,121887277
2003-09-16,23.76165783,24.09525759,23.03593263,24.00454330,136987095
2003-09-17,24.46397886,24.46397886,23.53633771,23.81433678,100901406
2003-09-18,23.93724469,23.93724469,22.98033983,23.13836098,122191943
2003-09-19,23.12079745,23.86993326,22.94229071,23.64753342,153707700
2003-09-22,24.10696440,24.10696440,23.41635429,23.58900642,74664260
2003-09-23,23.41928095,24.34106891,23.27881740,24.14500618,70971760
2003-09-24,24.38789107,25.23652233,24.12744959,25.10776329,118908427
2003-09-25,25.04923656,25.31260611,24.34692192,24.47567940,140227855
2003-09-26,24.62784958,25.01704853,24.40544817,24.94974327,101622465
2003-09-29,29.84838908,29.84838908,25.03460414,25.41795158,68963038
2003-09-30,25.53207820,26.06466562,25.45891990,25.97395134,109159721
2003-10-01,25.81007855,26.06466698,25.34479479,25.49988937,64365531
2003-10-02,25.49988937,25.49988937,25.49988937,25.49988937,0
2003-10-03,25.69302883,26.33681785,25.63450313,26.25195503,92937113
2003-10-06,26.24902281,26.91036924,24.72734072,26.77575874,68364182
2003-10-07,26.80502568,26.98060435,26.34559648,26.44216537,75842045
2003-10-08,27.21471184,27.21471184,26.25780863,26.64408112,64480381
2003-10-09,26.86355385,27.09765980,26.45972226,26.63822746,76156360
2003-10-10,26.81672883,27.62439190,26.81672883,27.56001472,107329947
2003-10-13,27.55709093,28.32671254,27.24397830,28.15406036,77883650
2003-10-14,28.38523388,28.55495950,27.22348698,27.40491867,85021682
2003-10-15,27.45759184,28.26232836,27.29371614,28.01358986,89588449
2003-10-16,29.14022395,29.14022395,28.12772011,28.59300232,230880962
2003-10-17,28.50228240,29.08754558,28.42327264,28.65152550,94173184
2003-10-20,28.85344188,28.97049328,28.09260001,28.19794846,62736510
2003-10-21,28.38523257,28.38523257,27.18544410,27.40199089,96531807
2003-10-22,26.93671227,27.76485792,26.93671227,27.44296265,77285479
2003-10-23,27.49563920,27.50734528,26.69382904,26.85184860,82339194
2003-10-24,21.65472001,27.74145039,21.65472001,27.54538918,88147102
2003-10-27,27.79997073,27.85849799,26.75527835,26.86355019,69776288
2003-10-28,26.92207658,27.50733979,26.80502206,27.17373848,104009852
2003-10-29,27.34638964,27.79704233,27.06839220,27.64780235,56545862
2003-10-30,27.53952543,28.09259688,27.42540057,27.91994476,65836288
2003-10-31,28.09260248,28.54618175,27.98140412,28.47009850,66083410
2003-11-03,28.49936284,29.31580558,28.49936284,29.15192986,122814579
2003-11-04,29.38603195,29.61428484,28.51106518,28.76565361,110392949
2003-11-05,28.50228963,28.91782730,28.12187019,28.59593201,91124985
2003-11-06,28.79492095,29.35091903,28.62519531,28.84466553,134300335
2003-11-07,28.88563873,29.08169992,28.07504901,28.21843910,73031669
2003-11-10,29.84838935,29.84838935,27.57171680,28.26525497,55228187
2003-11-11,28.10138246,28.38523611,27.83508794,28.13064766,64012424
2003-11-12,28.67786258,28.76272539,28.21550693,28.32963181,79398058
2003-11-13,29.25727856,29.25727856,27.86142865,27.96677399,64241396
2003-11-14,27.58050536,27.79997875,27.05084272,27.20886230,81935027
2003-11-17,27.34054837,27.94044441,27.21471737,27.79705429,74009302
2003-11-18,27.66243427,27.90239323,27.21470806,27.27323532,51950120
2003-11-19,27.16496348,27.31712998,26.84014171,27.01572037,74266857
2003-11-20,27.04498299,27.26738284,26.27828803,26.38363647,63214173
2003-11-21,26.11441243,27.03327379,26.11441243,26.88988686,84509135
2003-11-24,27.03034944,27.09765312,26.57677025,26.68211555,43968181
2003-11-25,26.68797796,27.44296699,26.68797796,27.33469200,69262438
2003-11-26,27.33469200,27.33469200,27.33469200,27.33469200,0
2003-11-27,27.34053487,28.11015622,27.34053487,27.87019730,101487224
2003-11-28,27.91701928,28.67200805,27.91701928,28.50520897,75895178
2003-12-01,28.68371837,28.95879245,28.56666697,28.80954933,57749723
2003-12-02,28.86222527,29.55576041,28.43205814,29.23972130,87905736
2003-12-03,29.55575316,29.55575316,28.84465908,29.14021873,117920738
2003-12-04,28.70420929,29.93618669,28.70420929,29.77231407,180083321
2003-12-05,29.84839425,29.96544566,28.74810098,28.85637283,82536782
2003-12-08,28.62811934,28.92660559,27.93751072,28.08675385,113699628
2003-12-09,28.17161535,28.58129683,28.17161535,28.47887802,79302128
2003-12-10,28.53155223,29.40651904,28.44961280,29.12266541,143958545
2003-12-11,29.32751059,29.49723623,28.63104580,28.85929871,104076611
2003-12-12,29.03194565,29.03194565,28.53447178,28.75394821,69546938
2003-12-15,28.79491794,29.39773715,28.79491794,29.20459938,83497793
2003-12-16,29.19290049,29.69915089,28.83296358,29.54405785,126819545
2003-12-17,29.61428735,29.69622365,29.26898304,29.42407608,87187086
2003-12-18,29.25142526,29.92447791,29.25142526,29.66988945,95790063
2003-12-19,29.73134179,30.60630864,29.73134179,30.47462463,149458524
2003-12-22,30.50095696,31.01891337,30.50095696,30.87552643,60150274
2003-12-23,25.45892068,31.00721057,25.45892068,30.57411385,64460943
2003-12-24,30.44242833,31.07743922,30.44242833,30.89600754,60846840
2003-12-25,30.89600754,30.89600754,30.89600754,30.89600754,0
2003-12-26,31.08622705,31.17694292,30.85797412,31.03062630,48164588
2003-12-29,31.19450820,31.54273917,31.14768699,31.44324684,46395159
2003-12-30,31.42860293,33.94523176,31.32618412,32.93272781,172494262
2003-12-31,32.89176050,34.10910836,32.89176050,33.52677155,160650273
2004-01-01,33.94523652,33.94523652,33.19317397,33.39801788,57015472
2004-01-02,33.62333683,34.46611194,33.39801046,34.24956512,113656354
2004-01-05,34.23786497,34.52464202,33.47702297,33.94815826,85438299
2004-01-06,34.00375419,34.44270083,33.01173290,33.50042725,81160289
2004-01-07,33.37166949,34.09154323,33.18438475,33.95400620,83254466
2004-01-08,34.23786332,34.99285224,34.12958834,34.53634644,74777472
2004-01-09,35.11575881,35.44643054,33.66138163,33.86622238,122696325
2004-01-12,33.82818039,34.17348472,33.25462315,33.43312836,78266908
2004-01-13,33.55017324,34.50122634,33.49164911,34.37831879,82240687
2004-01-14,34.53050461,35.05724081,34.53050461,34.94018936,71562438
2004-01-15,35.32060374,35.46106733,33.62919387,33.83403778,94167303
2004-01-16,34.23786980,34.34321514,33.47702769,34.00961685,112840401
2004-01-19,34.01253469,34.47196385,33.30729352,34.22322845,78038244
2004-01-20,34.47196169,34.98699469,33.38044816,33.62040710,84740222
2004-01-21,33.43312208,33.92766944,32.04897539,32.36209106,90635839
2004-01-22,32.36501688,33.64674162,30.85796579,31.32617760,143108982
2004-01-23,31.54564526,32.84785553,31.12133127,32.64886475,130190728
2004-01-26,32.64886475,32.64886475,32.64886475,32.64886475,0
2004-01-27,32.89469276,34.14422942,32.79519732,33.98328018,99040724
2004-01-28,34.41343912,34.48659586,33.33362849,33.69356537,117000341
2004-01-29,34.00376672,34.29054384,33.08490495,33.44776535,207142637
2004-01-30,33.50628051,33.91011205,32.65764928,32.80689240,86396915
2004-02-02,32.80689240,32.80689240,32.80689240,32.80689240,0
2004-02-03,32.89175848,33.05563108,32.12506347,32.40599060,96821782
2004-02-04,32.50255141,33.65259208,32.16310022,33.44189835,103232089
2004-02-05,33.62333646,33.85743927,32.73373705,33.04392624,101116472
2004-02-06,33.28681114,33.76965251,33.01466356,33.67601013,91705860
2004-02-09,33.85744118,34.53049381,33.85744118,34.45441055,69893883
2004-02-10,34.64754707,35.02211660,34.27298067,34.72070694,123921417
2004-02-11,36.28627296,36.28627296,34.00960369,34.37246704,86968029
2004-02-12,34.54512477,34.81727233,34.17933484,34.39588165,82921203
2004-02-13,34.30515486,34.96357465,34.18517697,34.84652328,65429166
2004-02-16,34.99869994,35.23280272,34.54512073,34.70314026,79718871
2004-02-17,34.65338841,35.40837713,34.53048400,35.04258728,129142680
2004-02-18,35.22401923,35.73027261,35.12452697,35.39960098,158050718
2004-02-19,35.41424412,35.64249705,33.94816076,34.08277130,116966506
2004-02-20,34.00960932,34.82312548,33.97449421,34.38125229,140573064
2004-02-23,34.47196172,34.76459489,32.78055551,33.08781815,131518794
2004-02-24,32.51133623,33.27802805,32.18944097,33.11122894,175812789
2004-02-25,33.35996549,33.35996549,32.32112608,32.49377823,97507816
2004-02-26,32.42355311,33.02637246,31.54565651,31.73879433,146810711
2004-02-27,31.92900389,32.57571788,31.89681529,32.46451950,115704849
2004-03-01,33.30143785,33.32777339,32.55815511,33.20194244,87320408
2004-03-02,33.20194244,33.20194244,33.20194244,33.20194244,0
2004-03-03,33.31022424,34.17348506,33.19024318,33.99497986,119271800
2004-03-04,33.82817777,34.17933511,33.39508414,33.57358932,59517947
2004-03-05,33.41848405,34.38416646,33.41848405,34.30515671,57935295
2004-03-08,34.41344724,35.05723477,34.37832900,34.86702347,68029504
2004-03-09,35.11576034,35.11576034,33.85744429,34.19689560,63969584
2004-03-10,34.00375192,34.06227918,33.37166755,33.57651138,57012251
2004-03-11,33.47702141,33.82817876,32.95028539,33.11708450,78134847
2004-03-12,33.03807757,33.30144561,32.48500282,32.92687607,75771967
2004-03-15,33.18731835,33.34826757,31.60418359,31.89974022,92765349
2004-03-16,31.60417887,32.47329578,31.34081087,31.71245384,119208906
2004-03-17,31.89681121,32.30649267,31.32032752,31.62759018,112189995
2004-03-18,31.72123362,31.84413806,30.16150811,30.38098145,156637254
2004-03-19,30.25807706,30.93405626,30.25807706,30.62386703,109745049
2004-03-22,29.79572339,30.60631318,29.58795609,29.71378708,90124832
2004-03-23,29.78986220,30.28733609,29.57038889,29.95081139,92984770
2004-03-24,29.96544450,30.15565577,29.60258107,29.98300362,99235162
2004-03-25,30.02689526,30.45120930,29.86594607,30.08542252,134606290
2004-03-26,30.31367461,31.03647492,30.31367461,30.76725388,105696165
2004-03-29,30.79358854,31.28813594,30.73213788,30.94868469,79964214
2004-03-30,31.02476777,31.41104021,30.78773846,30.85211563,89126542
2004-03-31,30.84626640,31.60418189,30.71165587,31.49005699,76872069
2004-04-01,31.54565013,32.64009336,31.54565013,32.53181839,108451994
2004-04-02,38.04207081,38.04207081,32.52596881,33.11415863,99771768
2004-04-05,33.18438619,34.02423788,33.18438619,33.65845108,90699433
2004-04-06,33.71112837,34.08569476,33.04685528,33.67601013,100026761
2004-04-07,33.93645591,33.99790970,33.35997209,33.59407806,58225817
2004-04-08,33.35996041,33.92766760,33.09659245,33.53261566,64967034
2004-04-09,33.53261566,33.53261566,33.53261566,33.53261566,0
2004-04-12,33.68186531,33.68186531,32.69862339,32.87712860,53650059
2004-04-13,33.00881302,33.70527787,32.50548910,33.55310822,56786920
2004-04-14,33.55310822,33.55310822,33.55310822,33.55310822,0
2004-04-15,33.88084860,34.01545910,32.92686896,33.08781815,83348366
2004-04-16,33.12586400,33.52091601,32.99125347,33.13464355,42428943
2004-04-19,32.97955136,33.32485571,32.22456235,32.34161377,57064585
2004-04-20,32.45281156,32.45281156,32.07238901,32.32698059,49194696
2004-04-21,32.19236987,33.32777821,32.18944335,33.26340103,66400273
2004-04-22,33.24291335,33.58236460,32.97954535,33.28680801,45343596
2004-04-23,33.24291059,33.64088907,33.07611150,33.20194244,50254004
2004-04-27,32.77470611,32.77470611,31.44908652,31.57199097,93593864
2004-04-28,31.60710454,32.13091401,31.43737892,31.62759018,92191757
2004-04-29,31.54566109,31.83829438,30.81408413,30.97795677,231388636
2004-04-30,33.06733681,36.58476647,30.56241418,30.81114960,104126789
2004-05-03,30.84333315,31.09499817,30.18198671,30.92819595,115360046
2004-05-04,31.36421403,37.05003658,30.96623562,31.06280136,67022825
2004-05-05,31.13597353,31.22083636,30.84626682,31.01891899,59745925
2004-05-06,31.31154479,31.79731259,31.26179709,31.63344002,82542006
2004-05-07,31.13596521,31.51638455,30.94868049,31.15937424,62266887
2004-05-10,31.00136240,31.00136240,30.15273105,30.38683701,89515010
2004-05-11,29.88350427,29.90691330,28.30622294,28.69249535,102120168
2004-05-12,28.32671053,29.22801609,28.32671053,29.06707001,87466922
2004-05-13,28.09260526,30.68824703,27.74144789,29.93325806,183148451
2004-05-14,29.84839176,30.30489441,27.57757207,27.92287636,172382661
2004-05-17,27.50733851,27.61853686,22.33946992,23.66216278,131182688
2004-05-18,25.16628859,26.79917225,24.00161520,25.38283539,189088981
2004-05-19,26.00029103,27.27323801,26.00029103,26.48020744,161330985
2004-05-20,27.65410369,27.75564223,26.28931628,26.47148705,131601070
2004-05-21,26.39384772,26.39982095,25.68606921,26.25049973,94462978
2004-05-24,26.87764010,27.35546347,26.58198592,27.10759354,94626507
2004-05-25,27.05682620,27.46895044,26.08027150,27.21809387,112127997
2004-05-26,27.47492634,27.95274979,27.20017683,27.43311691,95857508
2004-05-27,26.99709688,27.32858564,26.67456317,26.82089615,79936738
2004-05-28,26.70144508,26.93139853,25.45611408,25.84434700,124708087
2004-05-31,25.77266967,26.21465842,24.63783563,25.67113113,135183145
2004-06-01,25.98171973,26.45954470,25.81149541,25.93393707,87041132
2004-06-02,26.03547715,26.45655965,25.95782993,26.24751091,60172345
2004-06-03,26.63872623,27.00903939,25.27095381,25.58452606,100953502
2004-06-04,25.26498155,25.98171816,25.24109022,25.89212608,86150171
2004-06-07,25.98171587,26.85374683,25.98171587,26.56705093,92592591
2004-06-08,26.57900423,27.26886306,26.36995706,27.19121742,101752440
2004-06-09,27.29573938,27.37039839,26.83583249,26.92542458,71929998
2004-06-10,26.81194430,26.99710171,26.57900262,26.74026871,49251190
2004-06-11,26.69845338,26.69845338,25.68307603,25.78461456,66139259
2004-06-14,25.62334570,26.12506352,25.35457110,25.97574234,101537724
2004-06-15,25.98769684,27.02696578,25.92199607,26.91348076,95031444
2004-06-16,27.05682746,27.22406837,26.43565605,26.64768982,63774783
2004-06-17,26.84179708,27.29274398,26.22659754,27.13446617,82664096
2004-06-18,27.11655340,27.11655340,26.34904749,26.56406784,68899444
2004-06-21,26.65067717,26.75221573,25.86525304,25.95185852,81796551
2004-06-22,25.85031911,26.31022600,25.68307981,25.78760338,75524229
2004-06-23,26.01158355,26.01158355,24.43774883,24.56317711,155018820
2004-06-24,24.54824583,25.41430372,24.54824583,25.26796913,165338710
2004-06-25,25.32471092,26.07728537,25.27095662,25.77864456,115239300
2004-06-28,25.71294299,26.45655757,25.71294299,26.38189697,76022618
2004-06-29,26.28036052,26.71339106,25.95484334,26.47447777,97278354
2004-06-30,26.53122302,26.65366630,25.56362800,25.66217995,124211700
2004-07-01,26.24452378,26.27438834,25.68905317,26.19375610,69264875
2004-07-02,25.98172019,26.18479569,25.71294394,25.91601944,79491426
2004-07-05,25.94588220,26.27737418,25.63828314,25.70995712,101090115
2004-07-06,25.72488476,26.22062775,25.61140136,26.18479156,82780221
2004-07-07,26.22062775,26.45954100,25.98171610,26.18479156,102001830
2004-07-08,26.25945080,26.69248126,25.56959218,25.80253220,153627412
2004-07-09,23.89123648,26.35800702,23.89123648,26.21466064,63477442
2004-07-12,26.10117416,26.28035832,25.80850659,26.08624268,40268231
2004-07-13,25.92199276,26.20271388,25.59647400,25.71294403,32930328
2004-07-14,25.86823898,25.86823898,24.88869761,24.96634483,95971686
2004-07-15,25.12760987,25.34860347,24.80209110,25.09177208,104458217
2004-07-16,25.20525461,25.52181352,24.98426102,25.35158920,115001758
2004-07-19,25.44416663,25.61737755,25.21719981,25.31276512,86482216
2004-07-20,26.87764080,26.87764080,25.14552666,25.59647369,141001963
2004-07-21,25.74280862,26.26244303,25.67710627,25.93991089,72609926
2004-07-22,26.51927345,27.35248176,26.16090510,27.17031097,146069233
2004-07-23,27.35546123,27.99455220,27.12551101,27.84822083,123313696
2004-07-26,27.83329151,28.60975731,27.48089640,28.50821877,112749527
2004-07-27,28.66948487,28.84866905,27.62424595,27.77953720,218197562
2004-07-28,27.59437882,28.37084464,27.59437882,28.12596130,115820133
2004-07-29,28.37083777,28.40070072,28.02740258,28.34097481,73375939
2004-07-30,28.37681662,29.29663038,28.37383001,29.20106506,99586042
2004-08-02,29.14730665,29.62512998,28.97110911,29.51164818,99070652
2004-08-03,29.52060906,29.85508445,29.11147147,29.23092651,116550393
2004-08-04,29.32648836,29.53553546,28.88151464,29.46087646,94400616
2004-08-05,29.67888472,30.14476477,29.57435958,30.04322624,88993892
2004-08-06,29.97752318,30.04023571,29.34440553,29.49969673,76737417
2004-08-09,29.38622720,29.57735467,29.03681546,29.39817047,84287991
2004-08-10,29.44893561,29.83119688,29.26676483,29.66694260,65280341
2004-08-11,29.68486064,29.79237242,28.52315022,28.66649818,100072219
2004-08-12,28.68143490,28.89645531,28.14985552,28.38578224,88750034
2004-08-13,28.49030246,28.72921577,28.25139233,28.48432922,103644449
2004-08-16,28.32007493,28.75011886,28.15283722,28.60079765,70141579
2004-08-17,33.14908865,33.14908865,28.43355800,28.64559174,77742905
2004-08-18,28.47835048,28.47835048,28.03039014,28.10504913,61274982
2004-08-19,28.19165709,28.47835301,28.13790121,28.38278770,65585819
2004-08-20,28.40369217,28.43654494,27.62424299,27.67799568,72789714
2004-08-23,27.71383892,27.81537428,26.78805183,26.95230293,113176227
2004-08-24,27.02995188,27.39727691,26.91646686,27.08967781,102024265
2004-08-25,27.11655294,27.40921891,26.90451602,27.35546303,87848276
2004-08-26,27.53464395,27.85418942,27.43310861,27.51672745,91476846
2004-08-27,27.54958336,27.67799826,27.09564968,27.36741257,66799917
2004-08-30,27.54062287,27.97664003,27.54062287,27.90496445,49092898
2004-08-31,27.95573617,28.48134547,27.95573617,28.40966988,74263440
2004-09-01,28.40966430,28.63364449,28.31708560,28.43057060,46091600
2004-09-02,28.37084188,28.55002604,28.11401211,28.18867111,52386021
2004-09-03,28.23943662,28.36486487,27.98858011,28.29916573,54841722
2004-09-06,28.37681799,28.66351394,28.34396841,28.49627304,39798145
2004-09-07,28.43654932,29.04876090,28.43654932,28.95319557,88353107
2004-09-08,29.08758122,29.08758122,28.73518610,28.83075142,57944664
2004-09-09,29.07563391,29.11147010,28.74712857,29.00993156,71946537
2004-09-10,28.96812711,29.19210733,28.79790278,29.13835144,39998058
2004-09-13,29.32051688,29.55345691,28.98006828,29.32350349,61914508
2004-09-14,29.35635469,29.43698692,28.89346441,29.04875565,50156729
2004-09-15,29.08459819,29.37428080,28.93229354,29.12640762,46630531
2004-09-16,29.17717024,29.37427409,28.83373501,29.31753159,48038479
2004-09-17,29.59825856,30.46132988,29.57436564,30.41056061,116181307
2004-09-20,30.58077753,30.58077753,29.86702759,29.98648262,63388262
2004-09-21,29.92377659,30.40159999,29.72069948,30.31200790,70783527
2004-09-22,30.22241433,30.25228048,29.87300584,30.07010651,80641944
2004-09-23,29.92377742,30.09101514,29.74459324,29.86703491,69288360
2004-09-24,29.86405208,30.26721654,29.56839942,29.79536629,80391671
2004-09-27,29.62513063,29.70576605,29.36830086,29.58929443,49518324
2004-09-28,29.55943610,29.96857375,29.50568021,29.64305496,68248729
2004-09-29,29.69681694,30.84956790,29.49373979,30.71816635,114677444
2004-09-30,30.70023789,31.04367634,30.70023789,30.93317795,85039650
2004-10-01,30.94512353,31.95452936,30.59571505,31.85000420,94983970
2004-10-04,31.83508072,32.81462388,31.83508072,32.62349319,79911306
2004-10-05,32.61154548,32.71905728,32.09191255,32.24720383,53412698
2004-10-06,32.18746869,33.19388468,32.18746869,32.63244247,103549667
2004-10-07,32.84448491,33.71054298,32.68620702,33.37606430,95659486
2004-10-08,33.44773345,33.59705466,32.97886671,33.11624146,57210105
2004-10-11,33.14909515,33.34321242,32.55480005,32.66529846,35896923
2004-10-12,32.67126995,32.96692258,31.84104819,31.96050644,55923086
2004-10-14,32.07397751,32.60555665,31.87687369,32.42637253,62169500
2004-10-15,32.62946701,33.26258502,32.37562057,32.62946701,81406066
2004-10-18,32.79072296,33.17895746,32.61153878,32.89226151,58737538
2004-10-19,33.04157164,33.62093339,32.96989608,33.43876266,77133714
2004-10-20,33.86581846,33.86581846,32.65035240,32.73994446,102341073
2004-10-21,32.79968602,33.02366626,32.05009967,32.20539093,85962610
2004-10-22,32.20539093,32.20539093,32.20539093,32.20539093,0
2004-10-25,32.25317289,32.49208620,31.90675098,32.06204224,119406508
2004-10-26,35.83684651,35.83684651,32.08293662,32.95496750,89558592
2004-10-27,33.00276632,33.08937181,32.14566809,32.28901291,152264923
2004-10-28,32.42936057,32.76085250,32.05008920,32.16954422,118056469
2004-10-29,32.31289975,32.49208392,31.49163788,31.60511971,77086687
2004-11-01,31.76937236,31.93362345,31.39905756,31.64693069,68538803
2004-11-02,31.89480376,32.58167753,31.89480376,32.45624924,71018031
2004-11-03,32.54583099,32.63542305,32.14266671,32.47415543,62216919
2004-11-04,33.08936303,35.06038881,32.02620134,32.09190369,85779153
2004-11-05,32.31289354,32.47714461,32.04411733,32.27407074,44382852
2004-11-08,32.49208756,32.81163313,32.31290336,32.39353561,58939551
2004-11-09,32.54582765,32.58465045,32.16655313,32.25315857,45152968
2004-11-10,32.34874173,32.64141097,32.34874173,32.51299286,50998492
2004-11-11,32.65335059,32.95497965,32.34873812,32.60556793,80185036
2004-11-12,32.85045304,32.96692148,32.34276347,32.58466339,17702509
2004-11-15,32.58466339,32.58466339,32.58466339,32.58466339,0
2004-11-16,32.67126155,32.67126155,32.10384299,32.54284668,68620518
2004-11-17,32.61153426,32.78175856,32.32782496,32.47714615,49323579
2004-11-18,32.55181498,32.82656130,32.16955368,32.59661102,96953003
2004-11-19,31.98438752,32.43234786,31.25271789,31.49760437,123713592
2004-11-22,30.98693515,32.18149845,30.40159996,31.80819702,189682670
2004-11-23,31.83507132,31.97841929,31.18403702,31.55435181,117157022
2004-11-24,31.65587780,31.65587780,30.44339843,30.76891708,115179292
2004-11-25,30.46132509,31.25869393,29.87001674,30.06413078,247558475
2004-11-26,30.06413078,30.06413078,30.06413078,30.06413078,0
2004-11-29,29.74458881,30.64050958,29.08757812,30.44937897,284858794
2004-11-30,30.58078482,31.27960504,30.52702893,30.88241386,158185245
2004-12-01,31.23779266,32.06203790,31.23779266,31.50656891,86882028
2004-12-02,31.72159723,32.49208996,31.36322881,32.37263489,145983386
2004-12-03,31.07353199,32.72501512,31.07353199,32.47415543,104307894
2004-12-06,32.49207779,32.67126193,31.57525078,31.71262550,75261674
2004-12-07,31.96050556,31.96050556,30.55092185,30.88241386,106320902
2004-12-08,31.11833458,31.35724787,30.22540038,30.32992554,104018899
2004-12-09,30.34784683,30.75997111,29.86405015,30.59273338,94423541
2004-12-10,30.64051360,30.64051360,29.60423135,29.81626511,132904782
2004-12-13,29.80431551,30.16268383,29.04875606,30.00440598,137602477
2004-12-14,29.98349768,30.34186916,29.62512938,30.21046448,85411957
2004-12-15,30.20450170,30.20450170,29.40414289,29.57138062,97643799
2004-12-16,29.56540683,29.68187847,29.15029914,29.33246994,99023093
2004-12-17,29.26676810,29.60721997,28.58885415,28.70233917,161103721
2004-12-20,28.96812751,29.18912112,28.19763489,28.70831108,295404841
2004-12-21,28.87853421,29.36830407,28.75310593,28.96812630,154198974
2004-12-22,29.14432490,29.79237584,28.97111395,29.56839561,135207331
2004-12-23,29.78639804,30.41652919,29.71472246,30.24033165,121328109
2004-12-24,30.75995871,31.39904959,30.48222268,31.26167488,131770663
2004-12-27,31.05860892,32.67126641,30.24332033,30.87643814,260987301
2004-12-28,31.05561465,31.59615363,30.97497925,31.50954819,107505941
2004-12-29,31.60809535,32.17850045,31.45280415,31.74547005,97058344
2004-12-30,31.89778967,32.18448563,31.13028368,31.24376869,94488003
2004-12-31,31.73055305,32.00530256,31.39308780,31.87688446,66972340
2005-01-03,32.21733414,32.55181275,31.88285552,32.48312378,96188867
2005-01-04,32.85045579,32.85045579,31.63200264,31.73055458,73639782
2005-01-05,31.41697343,31.86194718,30.82865173,31.65289688,112450407
2005-01-06,31.53643315,32.04412269,31.19299469,31.42892456,91978134
2005-01-07,31.95453063,32.71307674,31.50955682,32.38755798,108134977
2005-01-10,32.56076846,32.72502274,31.72159013,31.90376091,74712197
2005-01-11,31.95452987,31.95452987,31.24376644,31.40204430,59161157
2005-01-12,31.59616177,31.65588770,30.76594009,30.95109749,104515537
2005-01-13,31.35725396,31.40205001,30.96902259,31.06458473,79849238
2005-01-14,31.27662164,31.27662164,30.52703207,30.69427299,70329448
2005-01-17,30.75996600,30.93915016,30.12684820,30.55390549,70620236
2005-01-18,30.64648261,31.20195157,30.39263627,30.51209450,89287341
2005-01-19,30.70023233,30.96303849,30.53299465,30.68231583,45571602
2005-01-20,30.46729973,30.75996570,30.11490464,30.55091858,51300805
2005-01-24,30.67037022,31.13923687,30.19852013,30.26421928,93907843
2005-01-25,30.21643784,30.45535110,29.77146408,29.95960808,114963988
2005-01-27,30.16865491,30.64050819,30.08503606,30.22838402,96741397
2005-01-28,30.28214802,31.26467448,29.26676879,31.19299889,79472072
2005-01-31,31.35724664,31.92466208,31.21987191,31.79326057,85855126
2005-02-01,31.88882419,32.67126313,31.65887078,32.42936325,112269960
2005-02-02,32.50402426,32.69216506,31.66782948,31.86791992,68624103
2005-02-03,32.24120944,32.45623290,32.01424271,32.30989838,46163680
2005-02-04,32.49208054,32.55180966,31.79923365,32.08294296,55698469
2005-02-07,35.70545656,35.70545656,31.57525741,31.67679596,36173762
2005-02-08,31.77535158,32.05905777,31.59616738,31.88286018,50453651
2005-02-09,31.90973204,32.28303343,31.89778558,32.08294296,36176185
2005-02-10,32.12774681,32.53389787,31.76639179,32.40249634,49713070
2005-02-11,32.49506502,32.96990173,32.43832253,32.69515228,77901211
2005-02-14,32.96393201,33.04456744,32.18448282,32.46520233,53840435
2005-02-15,32.47118060,32.47118060,31.98439731,32.20539093,47321985
2005-02-16,32.19642773,32.48611030,31.78131688,31.95751762,50273330
2005-02-17,32.01425527,32.11878043,31.66484679,32.00529861,47137365
2005-02-18,32.01425641,32.42041059,31.72159042,31.90674782,60691531
2005-02-21,31.90973556,32.18149844,31.75145451,31.92466545,46948572
2005-02-22,31.89479213,32.33379258,31.77832373,32.22628403,59620726
2005-02-23,32.23524947,32.85044753,32.23524947,32.74890900,77989467
2005-02-24,32.86836531,33.05949592,32.58764580,32.67126465,69616806
2005-02-25,32.85045254,32.90420843,32.14566230,32.26213074,55788518
2005-02-28,32.26511824,33.44773511,32.00530181,33.22375488,106164094
2005-03-01,33.29841572,33.29841572,32.52194983,32.70412064,68262594
2005-03-02,32.67126621,32.96691881,32.52493163,32.82954407,72767349
2005-03-03,32.86240032,33.59705675,32.86240032,33.36411667,90881098
2005-03-04,33.42085472,34.24808982,33.42085472,34.16745758,121987730
2005-03-07,33.16103284,35.26644976,33.16103284,35.05441284,101548550
2005-03-08,35.16790403,35.45758342,34.77369628,35.30527878,101433671
2005-03-09,35.54418377,35.88164896,34.88418966,35.11115646,106666278
2005-03-10,35.12011680,35.65766926,34.91106649,35.47848511,75587613
2005-03-11,35.59794798,35.88464397,34.97080330,35.11713791,82768457
2005-03-14,35.07831610,35.35306564,34.40637216,34.58257294,49492780
2005-03-15,34.64228400,34.88717046,33.99721988,34.09577179,70095617
2005-03-16,34.10772830,34.51089269,33.90166777,34.30184555,59880508
2005-03-17,33.98528482,34.33170670,33.34320716,33.59705353,65083999
2005-03-18,33.44772564,34.27794396,33.15804314,34.15550232,67256937
2005-03-21,34.22419888,34.45116571,33.32827484,33.42981339,38254691
2005-03-22,33.39397044,33.48356251,32.31886563,32.53388596,66773281
2005-03-23,32.49207867,34.03903683,32.21135599,33.01469803,191023424
2005-03-24,33.14909997,33.88972978,33.14909997,33.44774246,113013930
2005-03-28,33.56719003,34.24211733,33.53732707,33.81207657,56543733
2005-03-29,33.86582781,33.91958370,32.55778271,32.79968262,66827170
2005-03-30,32.73099793,33.13117894,32.19941857,32.44131851,81073602
2005-03-31,32.55778234,33.05352542,32.46520364,32.61452484,88299330
2005-04-01,33.26855090,33.84193965,32.72502513,33.72248459,70413811
2005-04-04,33.86582374,33.95840243,33.39397363,33.74935532,48299339
2005-04-05,33.80311567,34.03306912,33.06248604,33.21180725,54556466
2005-04-06,33.32827717,34.21822804,33.32827717,34.14057922,61530703
2005-04-07,34.21822051,34.45713057,33.65976177,33.77324677,51138382
2005-04-08,33.86582457,33.92555369,33.05352264,33.25958633,47054753
2005-04-11,33.26854380,33.26854380,32.55180723,32.69216537,26125348
2005-04-12,32.74293429,32.99080739,32.55180688,32.77280045,46659100
2005-04-13,32.91018217,33.01769076,32.43235556,32.58466339,28987919
2005-04-15,32.48610842,32.48610842,31.41996329,31.64095688,54798014
2005-04-18,31.47669979,31.47669979,30.75996321,30.97200012,62412014
2005-04-19,31.29751694,31.68575140,30.58078033,30.70023537,50673926
2005-04-20,30.85553051,31.77235761,30.76593843,31.65887260,60793889
2005-04-21,31.53642513,32.61152988,31.35724101,32.42637253,85251326
2005-04-22,32.67127076,32.83850849,32.02620640,32.70113373,77975210
2005-04-25,32.55181166,32.77877529,32.22629291,32.65334702,48498327
2005-04-26,32.37262632,32.89225911,32.31887044,32.68022537,54222699
2005-04-27,33.14909335,33.41786963,31.85299462,32.19344330,187602973
2005-04-28,32.24122387,32.85045197,31.85597917,32.48312378,105195802
2005-04-29,32.86239334,32.86239334,31.36321783,31.53941536,52691821
2005-05-02,31.62602118,31.98438947,31.33633865,31.88583755,43024214
2005-05-03,31.83505862,32.43233999,31.39008500,32.30989838,48375663
2005-05-04,32.37262727,32.55181144,32.07398487,32.33380127,29381639
2005-05-05,32.41742723,32.69516338,32.20539343,32.32186508,24326384
2005-05-06,32.25318122,32.88032604,32.25318122,32.79670715,64922192
2005-05-09,32.80565787,33.14610654,32.62348707,33.05352783,44323347
2005-05-10,33.07443005,33.19388510,32.44131226,32.50701141,31828111
2005-05-11,32.37263337,32.69814899,32.23226880,32.40249634,43816108
2005-05-12,33.03928286,33.13107559,32.71800830,32.98726654,51668659
2005-05-13,32.95360705,32.98420354,32.67822888,32.81591797,24848524
2005-05-16,32.89240683,33.26875760,32.89240683,33.06069565,33790996
2005-05-17,33.16779132,33.27182067,32.12441167,32.18560791,50494417
2005-05-18,32.31106862,32.53137057,32.01121382,32.40898132,62603483
2005-05-19,32.49464784,32.73942955,31.98366784,32.08464050,42422193
2005-05-20,32.12747534,32.24374787,31.55223915,31.84903717,59314715
2005-05-23,32.06627152,32.61397107,31.94388233,32.50381851,28727787
2005-05-24,32.62621330,32.78532222,32.22538594,32.49464417,51323478
2005-05-25,32.31104817,32.67821895,32.15805926,32.47321701,56454483
2005-05-26,32.49464796,32.64763694,32.22232973,32.45793152,108808070
2005-05-27,32.50076499,33.00868496,32.39367238,32.50994492,58721979
2005-05-30,32.52523992,32.72106527,32.12747255,32.23762512,31958688
2005-05-31,32.24985477,32.91688349,32.09074916,32.73941803,75922486
2005-06-01,32.92301244,33.30242326,32.80061996,33.10659790,61706710
2005-06-02,33.29017763,33.36973044,32.34471073,32.42426682,53623380
2005-06-03,32.31105341,34.01227851,32.31105341,33.85011292,131507128
2005-06-06,33.90213979,34.64260165,33.59616182,33.79810715,87661891
2005-06-07,33.77973419,34.01227593,33.35137043,33.52577591,58967210
2005-06-08,33.73690290,34.26930261,33.65735008,34.17444992,72495426
2005-06-09,34.31826280,34.49878828,34.06736116,34.21117020,56698538
2005-06-10,34.33049731,34.84453720,34.33049731,34.67013168,88373329
2005-06-13,34.69155213,36.71099549,34.30908459,34.85678101,45665964
2005-06-14,34.94244776,35.18722943,34.56303700,35.12909317,46370063
2005-06-15,34.74356604,35.30961894,34.74356604,35.18416977,48590532
2005-06-16,35.30961513,36.41113087,35.24842217,36.12045288,115223307
2005-06-17,36.10516175,37.05674877,35.73799084,36.73241425,126440530
2005-06-20,38.24699036,39.51372858,37.71765061,38.58356476,337512174
2005-06-21,38.67535653,39.65447667,38.00220776,39.54126740,230734168
2005-06-22,39.34850028,40.38881661,39.28730405,40.05530548,179770966
2005-06-23,40.03388906,40.08590538,39.57492546,39.81358719,89786122
2005-06-24,39.71566619,40.29701887,39.35155536,40.06142044,90283194
2005-06-27,39.65447180,41.30674377,39.48618626,39.69424820,174238637
2005-06-28,41.00077630,41.00077630,38.37856357,38.52543259,140205952
2005-06-29,38.79774239,39.59328030,38.71818958,39.27812576,123681858
2005-06-30,39.65447595,39.96963377,38.95991063,39.32096481,100769540
2005-07-01,39.34849741,39.47088660,39.01498304,39.17103195,49208211
2005-07-04,39.28731219,39.74627912,39.10372672,39.43418121,53426086
2005-07-05,39.40970421,39.65448265,38.94768058,39.04559326,65828880
2005-07-06,39.00275126,39.59328398,39.00275126,39.48313141,47018524
2005-07-07,39.25058645,39.25058645,37.28622311,37.57077789,122340039
2005-07-08,38.43056540,38.43056540,37.63502762,37.95936203,77600621
2005-07-11,37.82779500,38.92012747,37.82779500,38.79161835,57751866
2005-07-12,38.85282061,39.40969684,38.58661912,39.06088257,71883881
2005-07-13,39.16491164,39.25058439,38.49788290,38.61109543,38361489
2005-07-14,38.65394119,39.58410837,38.00833212,39.25671387,117997062
2005-07-15,39.34849447,41.00076306,39.34849447,40.79576111,99419446
2005-07-18,40.81718840,41.17518264,40.27867196,40.49897385,109784920
2005-07-19,40.63359777,41.11092118,40.45613230,40.67337418,74060628
2005-07-20,40.75598930,41.79630559,40.75598930,41.55764389,81588474
2005-07-21,41.36794957,41.99826207,41.04055505,41.50564194,69635530
2005-07-22,41.61271565,42.31034082,41.49950639,42.19712830,53589574
2005-07-25,42.31034307,42.57348129,41.89421593,42.07474136,77096196
2005-07-26,41.91870403,42.37154769,41.62496601,42.29505157,61723656
2005-07-27,42.37765615,43.13647759,42.18795406,42.76624680,105898221
2005-07-28,187.09274292,187.09274292,187.09274292,187.09274292,0
2005-07-29,42.71423155,43.56484572,42.40825695,43.04162598,106627570
2005-08-01,43.02021543,43.44245933,42.62244480,43.31089020,62404620
2005-08-02,43.56485108,45.67914358,43.50977480,45.37316895,127336266
2005-08-03,46.49610582,46.50222577,43.48836238,43.72396088,366024503
2005-08-04,43.87694962,46.24214396,43.87694962,44.62353134,202590728
2005-08-05,44.67247370,45.27830616,44.20433028,44.41239548,112590409
2005-08-08,45.88414351,48.89494629,43.27110803,43.52812958,155661566
2005-08-09,43.69335115,44.35425989,42.99572597,43.30476379,124684979
2005-08-10,44.04217442,44.22269988,43.39962212,44.02687454,102268684
2005-08-11,44.22269216,44.64187927,43.63215627,43.91365433,92569484
2005-08-12,44.04829778,44.22576328,42.96820163,43.09365082,90467352
2005-08-16,43.11201232,43.44858348,42.65916535,42.82439423,72875687
2005-08-17,42.83662817,43.93814077,42.53065027,43.75149536,98007171
2005-08-18,44.06054017,45.52922397,43.15791268,43.34761810,121478124
2005-08-19,45.89638381,45.89638381,43.02938675,43.18849564,90752944
2005-08-22,43.43022954,43.66889131,42.50618225,42.79380035,70989812
2005-08-23,43.14260452,43.23439724,41.79937018,41.92787933,92582004
2005-08-24,42.04109330,42.65304588,41.80243157,42.52147675,96855547
2005-08-25,42.80602808,42.88558416,42.40520076,42.61326599,100857642
2005-08-26,42.80296440,43.07528582,42.44497349,42.76012802,50759283
2005-08-29,43.20379412,44.36650282,42.41131623,42.85803986,63972553
2005-08-30,43.02021393,43.43634114,42.77849224,43.30171204,62999919
2005-08-31,43.57096018,44.29000187,43.34147844,44.02380371,93999740
2005-09-01,43.99933131,44.63882027,43.99933131,44.47053146,74764182
2005-09-02,44.36651568,44.83159929,44.06665768,44.70308685,69581739
2005-09-05,44.79487043,45.11920490,44.56232867,44.69390106,52224536
2005-09-06,44.67247975,44.97233769,44.39710162,44.60516357,43420875
2005-09-08,44.91726231,45.62100426,44.87748590,45.20182037,74357032
2005-09-09,45.28443005,45.59040465,44.95397565,45.38540268,57343021
2005-09-12,45.60570992,46.13504639,45.53839373,46.04937363,52799613
2005-09-13,46.07997628,46.47468368,45.89333086,46.03713989,76416716
2005-09-14,45.89638753,46.26355840,45.07330979,45.34257126,59383645
2005-09-15,45.37622381,46.75005446,44.98457318,46.55728912,76116756
2005-09-16,46.75005986,46.98872158,46.26049978,46.75617981,54661723
2005-09-19,47.38955486,51.40396173,46.38595478,46.76536560,53922696
2005-09-20,46.81430696,47.79342693,46.26355076,47.60678482,135365077
2005-09-21,47.73224119,48.03821582,45.89638690,47.86993027,160400406
2005-09-22,47.97701881,47.97701881,45.89638303,46.16870117,117798830
2005-09-23,46.99789132,46.99789132,45.22935024,45.75868988,147985891
2005-09-26,45.89638907,47.94642538,45.89638907,47.74754333,90435660
2005-09-27,48.33807045,48.71136124,47.73529789,48.22179794,99754361
2005-09-28,48.34419172,49.17950605,48.03821384,48.98368073,97726775
2005-09-29,48.95614238,49.77616012,48.95614238,49.46406555,99975589
2005-09-30,49.32331720,49.56197891,47.79343425,48.56143570,120956922
2005-10-03,48.03821478,49.12749071,48.03821478,48.60427094,67338023
2005-10-04,48.71136915,49.50078723,48.60733653,49.36309814,60690606
2005-10-05,49.44570727,49.56197978,48.83681471,49.08159637,53923117
2005-10-06,48.95614597,48.95614597,48.15449128,48.39620972,83636940
2005-10-07,48.64710414,48.64710414,47.46909882,48.24627686,111805490
2005-10-10,48.28299248,48.52165417,47.75059283,47.91276169,52026164
2005-10-11,48.16060648,48.39314823,47.24267936,48.27075577,53107808
2005-10-13,48.08105554,48.52166257,47.30999734,47.44156647,84604085
2005-10-14,47.42626326,47.57312898,46.60012562,46.74393463,102288851
2005-10-17,47.57313545,47.72000446,46.45020624,47.18148804,87172339
2005-10-18,47.57007383,47.81791548,45.80459564,46.29109573,87963924
2005-10-19,45.90555706,46.37370049,44.97845012,45.73115158,122569754
2005-10-20,46.20236361,46.86939244,45.10391095,45.78317642,106523223
2005-10-21,46.14117351,47.30388253,45.48332778,47.19373322,133090971
2005-10-24,47.13252950,47.45380401,46.14116620,46.33087158,68344505
2005-10-25,46.57258431,47.69551652,46.51138809,46.97341156,70279578
2005-10-26,47.11417724,47.42015519,46.59096063,46.72558975,59117043
2005-10-27,46.87551280,47.10805459,45.59959455,45.91474915,148738838
2005-10-28,46.20236548,46.42572733,45.13144929,45.38235092,86146124
2005-10-31,45.13144024,46.80818871,45.13144024,46.66131973,66613295
2005-11-02,46.73781375,47.69552049,46.30944997,47.59148788,72144349
2005-11-04,47.59148788,47.59148788,47.59148788,47.59148788,0
2005-11-07,46.80819088,48.38702678,46.80819088,48.22179794,71521727
2005-11-08,48.65016509,48.65016509,47.88522694,48.37172699,60874064
2005-11-09,48.46658617,49.01122254,48.16673147,48.41456985,59545592
2005-11-10,48.55225048,48.67158296,47.92194145,48.08104706,45070188
2005-11-11,48.16060465,49.21622079,48.16060465,48.67464447,70424608
2005-11-14,48.65016859,49.13972864,48.10553224,48.86129379,44978599
2005-11-16,49.01734640,50.11885914,49.01734640,50.02400970,80866742
2005-11-17,44.97845347,50.91132636,44.97845347,50.74916077,83636814
2005-11-18,50.91132359,51.09796897,50.40034377,50.55639267,52042255
2005-11-21,50.54721083,51.02759415,50.22899635,50.73385620,72091861
2005-11-22,50.76751935,51.33969214,49.87406881,50.13720703,96006908
2005-11-23,50.24124130,51.03065926,50.09743229,50.91438675,80664015
2005-11-24,50.97558459,51.91799151,50.97558459,51.65485001,82044219
2005-11-25,51.77112158,51.77112158,51.18058891,51.56611633,65803378
2005-11-28,51.77112470,52.01590310,51.57223939,51.88739395,52587586
2005-11-29,51.96695091,52.98584747,51.44067114,51.90269470,113205258
2005-11-30,52.02813800,52.34941247,50.73692014,50.95722198,88891688
2005-12-01,50.97558792,51.60589705,50.80729909,51.37641525,85128004
2005-12-02,51.52634600,51.96695303,51.09797888,51.36723709,56707221
2005-12-05,51.83231387,52.13217180,51.15916842,51.41924667,53802777
2005-12-06,51.52636037,51.82009847,50.79201839,51.20508575,70506198
2005-12-07,51.40395602,52.00978863,50.73080723,51.61507797,73922461
2005-12-08,52.01590571,52.15053481,51.11327838,51.78030396,66309469
2005-12-09,51.40395575,52.92771555,51.40395575,52.83286285,90717219
2005-12-12,53.00114636,53.44787004,52.63091552,52.82368088,37374178
2005-12-13,52.98891175,53.51518827,52.58502117,53.33772278,56156161
2005-12-14,53.24898854,53.44787058,52.38307441,52.74718857,55358288
2005-12-15,52.87264019,52.92771647,51.34888036,51.72523117,73842272
2005-12-16,52.01590403,52.26068570,51.53246391,51.97612762,67600031
2005-12-19,52.26068770,52.71965130,52.26068770,52.45345306,34209980
2005-12-20,52.61561655,53.03786371,52.15359299,52.29434204,50743906
2005-12-21,52.38920132,52.83592834,51.95777746,52.63704300,52644388
2005-12-22,52.87263636,53.22450734,52.21172750,52.38001633,80228450
2005-12-23,52.32188260,52.62785724,51.41619204,51.58142090,81345567
2005-12-26,51.40394889,51.52021813,50.60841100,50.95722198,74546889
2005-12-27,51.09797908,53.23369149,50.67879188,53.05010605,82522974
2005-12-28,53.23980662,54.45759170,53.11741742,53.39279556,151772052
2005-12-29,53.11741779,54.76968664,53.11741779,54.53102493,127220281
2005-12-30,54.95326816,55.12768020,54.17303337,54.42087173,69291357
2006-01-02,54.64729764,55.19805393,54.47288887,54.94409561,51281633
2006-01-03,55.04505589,56.53821896,54.83087727,56.29956055,68687753
2006-01-04,56.36076353,57.27869075,56.29957057,56.90233994,60512596
2006-01-05,57.09510085,57.27868627,56.29956617,56.40359879,74344078
2006-01-06,56.40359910,57.00024847,55.87731607,56.34239960,89054027
2006-01-09,56.48314232,56.63612797,55.45506278,55.69678116,87383441
2006-01-10,55.62641826,55.68761776,54.35662012,54.71461105,134444371
2006-01-12,52.81755226,54.89206796,52.81755226,54.27093887,275574236
2006-01-13,54.46064623,54.89206998,54.03839913,54.16690826,141888428
2006-01-16,54.34132100,54.34132100,52.88487744,53.42033386,215346951
2006-01-17,53.56107996,57.33988428,53.36525463,56.81972122,632289604
2006-01-18,56.81971276,71.24747313,56.81971276,67.94661713,533724706
2006-01-19,68.56371881,71.46788424,67.72136242,69.00448608,89000074
2006-01-20,69.24935123,69.48442666,68.75961130,68.97509766,33771785
2006-01-23,68.75959578,69.15139024,67.97600684,68.79387665,36528785
2006-01-24,69.54319124,69.93498578,67.48138243,67.92214966,98982821
2006-01-25,68.17191753,68.54412300,67.09449234,67.42751312,117047947
2006-01-27,68.06415597,68.87712188,68.05436144,68.43145752,54941663
2006-01-30,68.56369784,70.34635546,68.56369784,69.64602661,63495319
2006-01-31,69.38647360,70.50307685,69.38647360,69.92518616,54326385
2006-02-01,69.99374222,70.40512577,68.66164621,69.03385162,43206477
2006-02-02,69.53339667,70.12108849,68.66165676,69.41096497,43943959
2006-02-03,69.24934021,69.24934021,68.07396327,68.23068237,30004832
2006-02-06,68.07396665,70.79202883,66.94756232,70.55695343,83346920
2006-02-07,70.57653046,70.86547576,69.20035916,70.57653046,59512226
2006-02-08,70.51776573,70.71856025,69.93497779,70.17984772,59064976
2006-02-10,70.03290551,70.87036423,70.03290551,70.48346710,45202538
2006-02-13,70.03291273,70.62060439,70.03291273,70.20922089,27743423
2006-02-14,70.03292324,70.94873847,69.74887517,69.95456696,57810973
2006-02-15,69.74888420,70.41493231,68.22089722,68.74002075,67014266
2006-02-16,68.74001089,69.48441520,67.98090825,68.27475739,35513864
2006-02-17,68.85755691,69.29832416,67.58423440,67.89276886,40528581
2006-02-20,67.97603224,68.90164228,67.48629224,68.76451874,28227011
2006-02-21,68.76448552,69.15138268,68.00538954,68.34330750,29401892
2006-02-22,68.49025859,69.10243026,68.36782033,68.95061493,25688530
2006-02-23,69.05345097,69.23465644,68.07886843,68.59799194,54348189
2006-02-24,68.75960381,69.28852182,68.46575465,68.84285736,21010408
2006-02-27,68.85754201,69.13669279,68.26985684,68.57349396,47238261
2006-02-28,68.93103793,70.02315521,68.10337321,69.43057251,67553448
2006-03-01,69.34730277,69.92520012,68.76941196,69.37179565,39579019
2006-03-02,69.54318178,70.42471611,69.24933918,69.85172272,33440448
2006-03-03,70.03292635,70.32677550,69.37178209,70.10639191,36620586
2006-03-06,70.22882840,71.88415086,70.22882840,71.71764374,53639371
2006-03-07,71.82538846,72.48164208,71.40421028,71.74703217,47205302
2006-03-08,71.79599532,71.79599532,69.70480305,70.51287842,61494358
2006-03-09,70.91445873,71.37481499,69.69010908,71.18381500,40411075
2006-03-10,71.60010488,72.27594754,71.22300867,71.64418030,30233677
2006-03-13,71.64905096,72.60405064,71.60007829,72.02615356,34700724
2006-03-14,71.89394730,73.11830365,71.41889919,72.72650909,32703088
2006-03-16,72.97136643,75.42007215,72.72649651,75.27314758,77186860
2006-03-17,75.42008146,76.59056126,74.74423884,75.91471863,55913414
2006-03-20,76.07634613,76.39957241,75.46906517,76.20857239,21719690
2006-03-21,76.39955862,77.86878480,75.86084606,76.44363403,38242210
2006-03-22,76.68848720,77.03620623,74.30345280,75.66493225,44707366
2006-03-23,76.54647806,76.83542339,75.28784103,76.13999176,33847162
2006-03-24,76.00777794,76.88931250,76.00777794,76.61505890,24725660
2006-03-27,76.98724381,78.13323712,76.98724381,77.80510712,26706864
2006-03-28,77.86878184,78.06467255,77.14396005,77.46229553,16031818
2006-03-29,77.96670616,78.14301430,77.10965837,77.74632263,16167392
2006-03-30,77.96673102,79.03436816,77.18314851,77.93734741,28515650
2006-03-31,78.35362262,79.14210234,77.18314294,77.90306091,73076882
2006-04-03,78.45646129,81.59080402,78.45646129,81.17942047,44027176
2006-04-04,81.39493088,82.57030812,81.30187623,81.95812988,34384454
2006-04-05,82.57030179,82.76619907,81.78671921,82.32543182,39932982
2006-04-07,82.71720888,82.89351705,81.26267466,81.63488007,37107883
2006-04-10,81.59081258,82.44295683,80.72396999,81.90914154,40280750
2006-04-12,81.79650267,84.10807850,80.42522843,81.17453003,82064393
2006-04-13,81.29696472,83.53997217,81.02270465,82.91310883,76596896
2006-04-17,83.25592954,83.94156667,82.87392956,83.39795685,26106094
2006-04-18,83.62815212,87.73707851,83.62815212,87.30120850,71843982
2006-04-19,88.04559815,91.28768123,87.56565279,90.28861237,93268219
2006-04-20,91.58150402,97.91875075,91.58150402,97.21842194,130476958
2006-04-21,97.94815590,98.73174497,93.39356571,95.49455261,75692148
2006-04-24,95.49944135,97.89917448,94.61791354,95.71492767,58418086
2006-04-25,95.74431127,96.47892100,93.14868107,93.55027008,30839609
2006-04-26,94.03020082,96.18505700,93.26131034,95.85693359,41957400
2006-04-27,96.18510845,102.84558429,96.18510845,97.74738312,86212039
2006-04-28,96.47894082,99.02559233,95.10766643,98.81990051,54765263
2006-05-02,100.39684484,102.15011232,100.29889295,100.99922180,26648041
2006-05-03,101.00413745,102.06197348,100.01485663,101.43020630,23390951
2006-05-04,102.06197897,109.78028943,101.86608171,105.80359650,124128451
2006-05-05,106.14639873,108.62448791,105.97988510,107.66949463,52275053
2006-05-08,109.21217255,114.50137813,108.91832998,113.13010406,67921200
2006-05-09,113.61986547,114.56996166,111.26911135,113.04196167,63383719
2006-05-10,113.61986696,115.08908667,111.39153797,114.57975769,89270042
2006-05-11,115.08907799,116.00979051,107.84091227,108.74693298,106032727
2006-05-12,109.75580306,109.75580306,103.53119901,104.49598694,74881301
2006-05-15,104.80451295,104.80451295,99.07944376,100.06871796,85087660
2006-05-16,100.39195736,103.32550580,95.59739483,102.22848511,109591379
2006-05-17,104.72615677,106.95447234,103.33529356,106.39127350,51148724
2006-05-18,104.31479330,104.78494415,97.21355134,98.41831207,83552753
2006-05-19,98.92763505,103.82504706,94.17715416,95.80309296,122474060
2006-05-22,97.45841102,97.85020553,82.27644884,91.03301239,112969668
2006-05-23,91.97331162,95.98918893,90.22983851,94.72565460,73477471
2006-05-24,95.20558532,95.20558532,84.72513302,91.92922211,100243526
2006-05-25,92.50222191,94.22611235,90.35715993,93.05073547,79605105
2006-05-26,94.03024064,97.14499510,93.30052798,93.88331604,58021662
2006-05-29,94.22612635,95.79329793,93.14869467,93.63353729,32605426
2006-05-30,94.00084467,95.74432442,92.56100862,93.53559113,31027558
2006-05-31,91.87536634,94.31427110,89.32871514,93.45722961,79677166
2006-06-01,95.60555664,95.60555664,91.64263253,91.67730713,78184283
2006-06-02,92.13798933,95.30833100,91.64757820,94.92194366,49858174
2006-06-05,95.30833915,96.17027715,91.64758604,91.67730713,51169635
2006-06-06,91.14727263,91.64263734,89.16580716,89.80978394,73627018
2006-06-07,89.66117322,91.14726727,87.07040573,88.47229004,100805037
2006-06-08,87.29331022,87.67969754,79.95199747,81.80466461,104511487
2006-06-09,80.74459464,92.05874678,80.74459464,91.41972351,98846897
2006-06-12,90.94910869,93.92130304,88.50200666,89.26982117,61593736
2006-06-13,88.17507736,88.17507736,84.31122335,85.06913757,63382091
2006-06-14,85.69824771,88.47229540,83.53845570,85.04932404,75101186
2006-06-15,86.88713751,89.16581405,86.44130791,88.70512390,52498149
2006-06-16,89.95839049,93.62409708,89.95839049,91.30578613,60863192
2006-06-19,90.94912764,93.12874037,89.46303346,92.50457764,35025945
2006-06-20,92.13800388,92.73244552,90.75098001,91.64263916,39634604
2006-06-21,92.13800472,95.95232371,90.94912805,95.52135468,56845197
2006-06-22,96.10092941,98.41924058,95.82352596,96.60620117,42457577
2006-06-23,95.90277147,100.70781938,94.32751418,100.25208282,52768668
2006-06-26,100.55921582,101.43105422,96.84397408,97.21054077,61659515
2006-06-27,98.37961837,100.15302976,97.04708307,97.66133881,109435620
2006-06-28,95.32320402,99.66756218,95.32320402,99.16724396,56030177
2006-06-29,101.44095803,102.04530662,99.22172405,99.90037537,52730100
2006-06-30,101.54003403,105.41379469,101.54003403,105.00263977,52072458
2006-07-03,105.18096314,106.96923467,104.45277671,106.11721039,38339251
2006-07-04,106.00822576,107.36552833,105.81007858,106.47386932,31663257
2006-07-05,106.40453659,108.88136019,105.52773799,108.40085602,38295941
2006-07-06,106.98906228,108.08877564,106.12217073,107.32096100,37355775
2006-07-07,108.38596872,108.38596872,101.67376584,102.20381165,57829355
2006-07-10,102.63973559,104.01189198,101.37159638,103.36296844,39154175
2006-07-11,103.53139373,104.29921486,102.65955541,103.94750214,30355671
2006-07-12,102.65957658,108.98044041,100.17283926,108.78724670,64260537
2006-07-13,107.61816413,108.48505556,106.04290032,106.54817200,29174001
2006-07-14,105.51288117,107.29619953,104.10108968,105.91908264,28412300
2006-07-17,104.81934017,105.84969748,101.82237838,102.18399811,25732995
2006-07-18,102.34253846,103.03605041,97.99323316,99.50904846,55770770
2006-07-19,100.06385433,102.03541284,96.80930236,97.39383698,58942316
2006-07-20,98.77588967,100.06383642,97.61178078,98.61737061,63024777
2006-07-21,98.08238664,98.57775132,94.67426939,95.85819244,58215228
2006-07-24,95.30832526,96.59627193,93.27732504,96.24951935,46571895
2006-07-25,97.56720056,98.18144955,96.79442589,97.86441803,27579168
2006-07-26,98.08239474,99.55858189,97.20064261,99.06321716,25801706
2006-07-27,99.55858137,100.63848070,97.90901458,99.08303070,40973706
2006-07-28,99.93504017,99.93504017,96.49720231,96.99752045,31577196
2006-07-31,97.88424387,98.87497329,96.70527428,96.97277069,29046931
2006-08-01,96.49722137,98.17650922,96.49722137,97.25017548,30444199
2006-08-02,96.99256989,98.52325203,96.99256989,98.17153931,18028876
2006-08-03,98.57775108,99.86570455,97.22540192,97.88423920,34767693
2006-08-04,97.88422904,99.02357034,95.33309654,95.88294983,43700494
2006-08-07,95.90274805,95.97210385,94.31758413,94.60984802,21285415
2006-08-08,94.66436427,97.06193813,94.61482912,96.80929565,19332271
2006-08-09,96.80929346,98.71645610,96.10092104,97.88423920,29473831
2006-08-10,97.88424540,98.08239261,95.82352368,96.98763275,23640138
2006-08-11,97.67618856,100.55922013,96.59628927,100.16292572,48343496
2006-08-14,100.55920191,102.24344292,99.29106267,101.97099304,23130442
2006-08-16,102.54068924,104.52215487,102.45152597,103.68003082,36026229
2006-08-17,104.91842256,106.40452315,102.84284054,105.62184143,46844190
2006-08-18,105.81008113,106.85035220,103.92769279,104.61129761,18878851
2006-08-21,104.52212818,106.49367966,103.53139231,105.77044678,20695564
2006-08-22,106.99894217,107.48439973,104.57660790,105.49303436,27080339
2006-08-23,105.21564891,106.39461841,104.53699759,105.20574188,20861526
2006-08-24,105.01751238,110.94208157,104.22492354,109.65908813,49476974
2006-08-25,110.46652197,111.45725133,109.07949822,110.03555298,41967707
2006-08-28,110.26836451,111.34826364,109.68879013,111.16993713,18145464
2006-08-29,111.94270694,112.93343628,110.46651996,110.84795380,34556191
2006-08-30,110.46651537,112.44797397,109.68384028,111.83372498,28771180
2006-08-31,103.03602870,112.52723940,103.03602870,110.69933319,44955888
2006-09-01,110.46651823,111.79409976,110.46651823,111.20957184,18774303
2006-09-04,111.46222993,112.74027657,111.46222993,112.11116028,21722805
2006-09-05,111.45726057,112.44799002,110.56560805,111.55138397,13024825
2006-09-06,111.55634570,113.53781808,111.35820508,112.69569397,31321902
2006-09-07,112.44797619,112.44797619,110.99160329,111.52659607,24551500
2006-09-08,111.95261378,112.39349641,110.21883744,112.03188324,39334302
2006-09-11,112.15075696,112.44302089,107.29617439,107.76181793,41672348
2006-09-12,108.18784791,109.94639861,106.31536636,109.65908813,50741607
2006-09-13,110.14949060,111.48697260,110.07023437,110.58045959,35040119
2006-09-14,110.96187206,112.63621265,110.54577028,111.59098816,27713657
2006-09-15,111.65540436,113.33963897,110.39221849,113.00279999,26321350
2006-09-18,113.43872086,113.99847461,111.47211612,112.29442596,24127707
2006-09-19,112.44798903,113.47835981,109.87209515,110.74889374,26778672
2006-09-20,110.36744763,112.13095164,109.48074211,111.76932526,27366195
2006-09-21,112.26470507,113.30991646,111.97738801,112.83436584,32394562
2006-09-22,112.42322305,114.81583016,111.75447873,114.52852631,46463515
2006-09-25,114.90499403,116.41090201,114.52851373,115.23192596,37707061
2006-09-26,115.32111468,117.10441963,114.93967421,116.81711578,33132674
2006-09-27,117.50069534,118.57069402,115.94029218,116.31677246,21181864
2006-09-28,116.03441482,116.90625971,115.22201210,115.71737671,33521163
2006-09-29,117.87720878,117.87720878,115.82640056,116.08894348,17727148
2006-10-03,115.44494089,116.54466078,114.92481526,115.10314178,9095349
2006-10-04,115.42019874,115.61833935,113.24058589,113.83998108,44511779
2006-10-05,114.92481209,115.36073458,113.99352495,114.41954041,35692547
2006-10-06,115.51923894,116.35145574,114.13221535,115.20716095,23645475
2006-10-09,114.42945974,115.61832975,113.94400206,114.27589417,14470574
2006-10-10,114.92482052,115.40037115,113.64181392,114.02325439,11522501
2006-10-11,114.42945631,115.11305456,112.79474355,113.27029419,23692513
2006-10-12,113.38422807,116.21277085,113.16626021,115.79170227,34037745
2006-10-13,116.21274800,118.48647025,116.21274800,117.96633148,47385989
2006-10-16,118.39235548,120.77010830,118.29328521,120.21530151,38044671
2006-10-17,120.37383218,121.04752333,119.39299671,120.39364624,22184239
2006-10-18,119.10570993,120.91874927,119.10570993,119.72986603,21577563
2006-10-19,120.27476098,120.27476098,117.56015560,118.60043335,32234690
2006-10-20,119.46236330,120.79983862,118.88772919,119.23944855,33183754
2006-10-23,118.88773127,118.97689452,118.06543465,118.27844238,15570647
2006-10-26,117.89701436,118.29330878,115.91555549,116.40596008,21219811
2006-10-27,117.29264063,121.57259539,116.91616037,121.13667297,41792532
2006-10-30,121.36457903,122.85067317,120.09147943,122.46924591,17880493
2006-10-31,122.35531272,122.75160715,120.69583890,121.46365356,17921966
2006-11-01,120.96823714,125.62467153,120.87907390,125.26800537,48093538
2006-11-02,125.62470971,128.69596800,124.68351552,127.14548492,36317956
2006-11-03,127.80430614,127.99253966,125.62469394,127.57643127,28470721
2006-11-06,127.40803713,130.28115506,126.83836309,129.24089050,30595173
2006-11-07,129.58762658,130.37526844,127.32381099,127.93311310,31880044
2006-11-08,127.93308393,128.26992283,122.98438531,124.06427765,42717762
2006-11-09,124.43579646,125.48598094,123.22711278,124.89153290,35843381
2006-11-10,125.52562026,128.17086268,124.15345069,127.33864594,30040836
2006-11-13,127.60616979,128.39875855,127.01173483,127.34858704,9861469
2006-11-14,127.84397105,128.38887095,126.06559957,126.75415802,14216391
2006-11-15,127.01173515,127.39316238,124.64388910,125.09466553,18325127
2006-11-16,125.32749273,127.01174063,124.35163050,125.40180206,14140848
2006-11-17,125.82285117,126.02100498,124.07421428,124.75781250,10982566
2006-11-20,121.38933357,125.61480716,121.38933357,124.73305511,24385013
2006-11-21,125.52564805,126.65507586,124.74791316,126.22411346,16005333
2006-11-22,126.80368409,127.85386892,126.05073661,126.63031769,15767608
2006-11-23,126.81358028,127.78450879,125.72378065,126.01604462,16107904
2006-11-24,125.82284894,126.25877143,124.66370013,125.06494141,18410392
2006-11-27,125.03029804,125.72380341,123.90581699,124.12377167,15857501
2006-11-28,123.77203007,125.79311665,122.84074300,123.91072845,27266564
2006-11-29,124.34669287,125.39686463,123.45999374,123.77207184,15458547
2006-11-30,123.94044933,124.93117856,122.85559672,123.29151917,23547891
2006-12-01,123.35593223,125.71387119,123.35593223,124.93614960,19952019
2006-12-04,125.32750689,126.41731992,124.39621957,124.82223511,21858012
2006-12-05,126.81361037,128.24026254,125.32751600,126.76903534,32943928
2006-12-06,127.28913341,128.69102431,125.83772058,126.94733429,27990519
2006-12-07,126.91266063,129.68670801,126.91266063,128.89411926,33453887
2006-12-08,129.29039296,129.29039296,125.32746311,125.73862457,25528483
2006-12-11,126.81358744,126.81358744,121.49336715,122.85066986,39687399
2006-12-12,122.65251361,124.73305588,116.54466476,119.42272949,60181243
2006-12-13,120.36392272,123.05871401,118.98680599,122.69215393,45985404
2006-12-14,123.34603685,126.15971262,122.75654875,124.77764893,26296213
2006-12-15,125.42656841,125.82286283,123.39557440,124.20797729,21131992
2006-12-18,124.83210920,128.59688560,123.15282168,127.71513367,22069305
2006-12-19,128.57708595,128.57708595,121.85993513,124.19309998,36971040
2006-12-20,124.83208241,126.31817595,122.18682717,123.73237610,36757166
2006-12-21,124.03954455,125.58509410,123.15779244,124.97579193,20249661
2006-12-22,124.98570074,126.31822934,124.46061493,126.07550049,12273869
2006-12-26,127.29902585,127.29902585,125.42654467,126.51635742,14411909
2006-12-27,127.30897555,128.58702226,126.86315915,128.13624573,20441871
2006-12-28,128.49782379,129.09225873,125.64946712,126.28849030,35820527
2006-12-29,126.81854513,127.50710350,125.34730499,125.83772278,19637297
2007-01-02,126.31820699,127.38820572,125.85256344,126.90274811,10061125
2007-01-03,127.30894880,127.89348997,126.35290064,127.26437378,13034467
2007-01-04,127.80433054,128.79505994,126.51637703,126.86313629,26444841
2007-01-05,126.31822726,129.98393409,126.31822726,127.62104797,26660981
2007-01-08,128.20061248,128.20061248,125.48602026,126.50151062,19173370
2007-01-09,128.27989266,128.27989266,126.02102361,126.64517975,22409750
2007-01-10,126.31822777,127.89349841,125.23833506,126.13494110,42113055
2007-01-11,126.31822571,128.79506249,125.34731035,128.44830322,19496132
2007-01-12,129.65702061,133.25336552,128.29971766,132.70846558,39190014
2007-01-15,135.21495870,135.92827782,133.35237160,135.22981262,28151257
2007-01-16,135.43295209,135.92831678,133.16417626,133.44653320,15692397
2007-01-17,134.54129896,134.93759338,133.26821258,133.73385620,13686536
2007-01-18,134.24408377,137.18656437,133.64964872,135.47259521,30901337
2007-01-19,141.47643480,141.47643480,136.15125361,136.99337769,56511743
2007-01-22,137.21626961,138.20203885,135.83419274,136.11160278,13715121
2007-01-23,135.83419459,136.79520289,134.50661298,134.79393005,10620755
2007-01-24,136.16610445,136.16610445,134.76421346,135.68063354,14724968
2007-01-25,136.69117789,136.69117789,134.99207616,135.78961182,22136178
2007-01-29,135.73015487,138.09800062,135.25955121,136.94874573,14797851
2007-01-31,137.31038521,137.61255619,134.60072690,135.37844849,23624188
2007-02-01,135.53200736,137.11718478,135.14067314,136.48310852,8045902
2007-02-02,137.08747508,138.07820443,135.53697875,136.23048401,14278285
2007-02-05,136.72091017,137.81070987,135.92832134,137.44909668,8424574
2007-02-06,131.76723710,139.49494428,131.76723710,137.63237000,15368716
2007-02-07,138.50422892,138.68255546,136.84474194,138.19709778,13360974
2007-02-08,138.40018819,138.99958327,136.81997079,138.41009521,8767390
2007-02-09,138.75187621,139.37603217,135.73015343,137.88993835,13458978
2007-02-12,137.41436959,137.41436959,134.06570213,134.63537598,11095995
2007-02-13,134.34317851,137.21629691,132.95615446,135.33390808,12632180
2007-02-14,135.24964342,137.38466739,132.98086795,136.42861938,12438544
2007-02-15,136.96855866,140.05964386,136.96855866,139.39089966,17888402
2007-02-19,139.69310936,141.67456834,139.69310936,140.75814819,13674777
2007-02-20,141.57548616,143.10120839,139.71787183,140.14883423,28700335
2007-02-21,137.81072069,141.17920360,137.81072069,139.37112427,13364272
2007-02-22,140.18845843,141.27331120,138.70236437,139.89619446,32546891
2007-02-23,141.08012975,143.03186759,138.91042402,140.01509094,32824943
2007-02-26,140.68383168,141.65474706,135.97786023,139.35130310,63419942
2007-02-27,129.30032189,140.19835768,129.30032189,139.24230957,26148818
2007-02-28,133.75861699,136.72091145,131.88118857,133.99639893,61743983
2007-03-01,136.22552731,136.22552731,130.68237967,135.50724792,34581643
2007-03-02,135.82928238,135.82928238,129.58766712,130.40007019,41534412
2007-03-05,128.79503246,128.89410274,123.66304681,124.76770020,47152367
2007-03-06,126.21914734,129.47865247,125.15906878,128.58204651,31088166
2007-03-07,129.88486635,131.66818465,124.94111290,127.67058563,30188258
2007-03-08,130.67743342,132.75796227,127.80431584,132.31709290,29274218
2007-03-09,132.55980404,133.72885968,129.29039255,130.59815979,21098499
2007-03-12,131.75731673,132.22296025,129.48854127,130.35047913,18864108
2007-03-13,130.35049174,131.93565599,129.31517419,131.44525146,13837877
2007-03-14,129.68673634,129.68673634,124.95599027,127.34365082,23510172
2007-03-15,128.69594174,129.77584734,126.71448348,127.15040588,25017125
2007-03-16,127.15046250,129.36970363,126.41732897,128.80993652,22468407
2007-03-19,128.90402359,130.57835107,128.50772922,130.13748169,10332291
2007-03-20,130.57838401,132.26263217,130.38024339,131.06880188,10261183
2007-03-21,131.96529690,134.34467006,130.46569398,133.96476746,10490395
2007-03-22,134.66461050,137.95873754,134.66461050,137.48886108,21121580
2007-03-23,137.56385579,138.34365535,135.96426831,137.56884766,16677657
2007-03-26,138.26366844,138.26366844,134.96453587,136.41915894,12894448
2007-03-28,135.96424337,137.36387549,134.21970511,134.96450806,18664269
2007-03-29,136.36415672,136.86402444,134.56462760,135.68434143,23169325
2007-03-30,135.96426322,137.45388268,135.28444791,136.99400330,23147171
2007-04-02,135.46435999,135.84426257,130.49067002,131.36044312,28788942
2007-04-03,132.01527925,134.56460281,130.91557314,134.03974915,23283681
2007-04-04,134.76455185,136.85900125,134.73456060,136.28915405,17412059
2007-04-05,136.26420532,136.44416627,135.18449303,135.84931946,10617290
2007-04-09,136.46413973,138.76352321,136.16421377,138.39363098,9728896
2007-04-10,138.91345965,138.96344508,137.02395720,138.40359497,11596942
2007-04-11,138.47858599,139.80324665,137.66880865,138.62355042,14678962
2007-04-12,138.36361823,139.26338265,137.18892728,138.71351624,9616770
2007-04-13,137.48883042,141.55275897,137.48883042,141.15786743,13299955
2007-04-16,141.77272102,146.36151697,141.68773912,145.73667908,14851941
2007-04-17,146.46151705,148.76091403,145.19685205,147.54122925,33423430
2007-04-18,147.26132831,149.55071513,147.26132831,148.49600220,20053251
2007-04-19,146.48646478,149.91056663,146.02159363,149.19575500,19251241
2007-04-20,149.46070523,154.45939544,149.46070523,154.10449219,20879952
2007-04-23,154.25943229,155.95897685,152.48989479,155.38912964,21884768
2007-04-24,155.35915934,158.91822900,154.06450324,158.25340271,20824121
2007-04-25,158.15841149,159.95794036,156.25891177,159.79797363,18046358
2007-04-26,160.95771692,162.61727366,158.35839381,159.64306641,54287817
2007-04-27,161.15762632,161.15762632,153.15973019,153.87954712,27450567
2007-04-30,154.93927443,157.15869451,150.06056243,156.06398010,20872174
2007-05-03,157.45860222,162.95716014,157.45860222,162.57226562,32242197
2007-05-04,162.98216861,163.55700781,157.66856317,158.27340698,32242949
2007-05-07,160.45780129,161.75746245,159.55803689,160.60775757,24784859
2007-05-08,160.80771645,161.39755786,158.95820219,159.27311707,18773874
2007-05-09,158.95817950,159.95791463,157.30860719,159.78295898,20192089
2007-05-10,160.65772427,160.93765598,157.45856384,158.09840393,15843099
2007-05-11,155.05921350,159.95793220,153.08474240,158.86820984,29450679
2007-05-14,160.95768712,162.65723190,160.45781944,161.98242188,16711929
2007-05-15,162.00742469,162.54728078,159.30813092,159.80799866,30350894
2007-05-16,160.05790592,164.75666964,159.81796252,163.42701721,24876581
2007-05-17,164.46675397,168.93057987,164.46675397,168.48069763,24973307
2007-05-18,168.43573346,170.55516938,166.96612158,169.80036926,20283846
2007-05-21,170.95505221,176.95347767,170.37520784,176.04872131,28342277
2007-05-22,176.85348499,178.45305869,173.76929740,177.87821960,34401499
2007-05-23,177.95322833,179.73276328,174.95402202,175.56886292,14032887
2007-05-24,174.95896977,175.95371309,171.65983832,172.67457581,24716385
2007-05-25,170.08028329,173.65434177,170.06528099,172.75958252,21165870
2007-05-28,173.94426797,174.95400037,171.58488889,172.34468079,13474797
2007-05-29,172.15473754,176.75353071,171.23497891,175.64381409,20311599
2007-05-30,174.95399849,177.95320440,174.16420200,175.23892212,26982519
2007-05-31,175.45388335,177.12844215,174.65408969,175.83378601,16331017
2007-06-01,177.23339629,177.94320274,174.68906454,175.07896423,13167670
2007-06-04,176.85350094,176.85350094,173.80930142,174.14921570,12200442
2007-06-05,173.85426994,175.05396025,172.16971430,174.49411011,15844324
2007-06-06,175.05395907,175.75378175,168.18576112,169.08552551,23865990
2007-06-07,167.25604935,170.63517192,165.95640120,166.87115479,22658622
2007-06-08,166.35630148,169.74041626,164.66675337,165.66148376,30218286
2007-06-11,179.95269434,179.95269434,165.98137128,166.57121277,18858124
2007-06-12,167.44595453,171.13997753,166.22627012,169.84532166,26005430
2007-06-13,169.78538678,170.93507856,166.95613085,167.49598694,19604810
2007-06-14,168.55568424,170.25524234,168.45571337,169.56042480,17465782
2007-06-15,169.95530844,170.95504374,166.77114977,168.14578247,17472641
2007-06-18,169.73537502,169.73537502,166.60619360,167.11605835,12464749
2007-06-19,167.11606650,172.99452700,166.96611020,172.60961914,19266710
2007-06-20,172.60961047,174.83403556,172.15473638,173.24945068,17149940
2007-06-21,173.45437676,174.70403909,172.07473899,173.38938904,14187474
2007-06-22,173.45443278,173.45443278,169.82037775,170.46520996,17986039
2007-06-25,170.75508300,171.35492145,169.63536944,170.87005615,25281291
2007-06-26,170.85509547,171.95480178,169.95533091,170.28024292,12617428
2007-06-27,169.85535734,171.94480196,169.22052227,169.81036377,13754039
2007-06-28,170.85509104,171.43493544,168.59069074,169.15553284,24648261
2007-06-29,169.95532429,171.05503056,168.85561802,170.01031494,23062353
2007-07-02,170.35519085,171.15498436,167.86084467,168.38571167,23953923
2007-07-03,167.56596535,171.23999519,167.56596535,170.68515015,23453510
2007-07-04,171.05503990,173.11949855,170.85509815,171.76985168,19068174
2007-07-05,171.75486139,172.45467086,168.00584680,170.94007874,15396233
2007-07-06,171.35497758,173.00954240,168.45574191,170.94508362,13805731
2007-07-09,170.24524807,171.89981263,170.05529007,171.05003357,13210342
2007-07-10,171.45992380,171.45992380,169.45544789,170.22525024,9858905
2007-07-11,171.65488882,171.83483639,168.57070060,170.28524780,10772489
2007-07-12,170.61518465,172.46468607,170.61518465,171.88984680,12406162
2007-07-13,172.93452567,179.02292480,172.57962243,177.25839233,38976595
2007-07-16,177.95319292,178.85295731,176.67853116,177.62327576,13185327
2007-07-17,178.85297226,183.83166805,177.96320489,182.73695374,31204282
2007-07-18,183.45177564,183.85167246,180.30760508,182.21710205,26883867
2007-07-19,182.25210288,190.84985200,181.67225844,189.23027039,33599436
2007-07-20,189.85010369,191.44967768,188.05057462,189.16528320,31593917
2007-07-23,187.95062789,191.44970226,187.45074677,190.86985779,20646199
2007-07-24,191.14973428,193.04923405,190.74985083,191.20971680,20243493
2007-07-25,189.45021471,191.14975964,187.45073047,190.21000671,19721223
2007-07-26,190.94979556,194.79878059,190.54989876,194.14395142,33158301
2007-07-27,191.92953544,193.54911681,185.45123664,186.70091248,57384677
2007-07-30,188.45045804,189.83508788,183.95163567,184.82640076,24399424
2007-07-31,186.45095204,190.12998619,183.25180468,189.30020142,19654919
2007-08-01,186.15104310,187.35072005,179.20286851,179.72772217,36609150
2007-08-02,183.65169778,183.92163244,179.15288906,180.00765991,20934716
2007-08-03,181.05241921,183.81169543,179.55281605,180.06767273,26123969
2007-08-06,178.25312430,179.15288871,175.09395177,177.96820068,19342158
2007-08-07,180.95241794,182.05212407,179.17787515,180.97241211,27077163
2007-08-08,182.25207186,188.44045503,181.83218090,187.49569702,28523314
2007-08-09,188.65039859,191.19972235,183.50175229,184.53147888,32078790
2007-08-10,181.95215138,181.95215138,177.57329438,180.85743713,29431457
2007-08-13,182.15211603,183.63172494,180.70750360,182.87193298,13780410
2007-08-14,179.95268347,183.95163822,179.95268347,183.25682068,8919702
2007-08-16,179.15292545,179.15292545,172.45467641,173.85931396,35041064
2007-08-17,171.05502749,177.34338197,168.27577062,175.24392700,52133783
2007-08-20,179.95273415,184.45155784,178.05323378,179.75279236,20630590
2007-08-21,179.95267527,181.22234525,173.48438705,174.63908386,33584247
2007-08-22,174.65406875,179.33283841,171.48489909,176.57356262,37659201
2007-08-23,179.85269858,180.75246300,173.45439017,174.35414124,26753018
2007-08-24,175.50887215,178.15318861,174.16423048,177.58833313,14865687
2007-08-27,181.75220933,183.99162342,179.15290013,183.33180237,17956745
2007-08-28,183.33180123,188.95032392,182.65197267,188.20051575,28190228
2007-08-29,185.35126724,190.32996309,184.45150277,188.92033386,23266768
2007-08-30,189.95005712,192.44939541,188.05055735,191.15473938,36922515
2007-08-31,189.95003847,196.94819834,189.83506531,196.03843689,31770666
2007-09-03,196.03848155,197.84800778,193.94902352,195.74356079,17448851
2007-09-04,196.34840688,197.63307945,192.07453818,197.23817444,17767160
2007-09-05,198.64777178,199.34759454,195.04872714,196.40837097,21831606
2007-09-06,194.34889813,198.74774961,194.24892727,198.23287964,13398046
2007-09-07,198.24789986,198.94770931,195.44863534,196.23841858,16099767
2007-09-10,195.44862389,199.44756534,194.34890431,198.50781250,13639157
2007-09-11,198.94772081,200.79723545,198.44785307,198.95771790,18968079
2007-09-12,199.54752463,202.04687624,199.14762784,201.26208496,21066003
2007-09-13,202.44680438,203.44653984,201.31210156,202.69673157,17281779
2007-09-14,203.44655396,207.03560211,202.77173048,203.42155457,22388716
2007-09-17,202.94666671,205.88589049,202.04690215,202.77670288,12641000
2007-09-18,201.94691046,206.34576223,201.53702990,205.75091553,21998267
2007-09-19,213.44391179,218.22265325,207.94036144,217.33288574,28944037
2007-09-20,217.54278883,220.11711178,216.64302443,218.97241211,23858535
2007-09-21,218.34255570,229.83955045,218.09762045,227.98503113,25276339
2007-09-24,229.93958293,237.83749574,228.53993727,235.48811340,34178621
2007-09-25,231.46414927,242.53622243,231.46414927,239.89691162,29360349
2007-09-26,239.83691828,241.43650537,231.43912609,232.13395691,34436400
2007-09-27,233.00873896,236.93771426,230.48440110,231.76907349,30579013
2007-09-28,234.93820918,234.93820918,226.44044627,229.74458313,30223702
2007-10-01,230.93927895,232.83376011,226.16553026,229.15974426,38920492
2007-10-03,230.13950520,243.93588542,223.44125683,239.52702332,58659731
2007-10-04,237.93743566,243.92087203,236.13790673,242.52624512,30557209
2007-10-05,249.41447475,251.43396679,241.93643869,249.18455505,35575321
2007-10-08,250.43422764,253.13349499,238.52234267,242.05642700,32690288
2007-10-09,233.03873421,261.81616867,219.71223078,259.93167114,36199645
2007-10-10,263.42079988,268.32951716,258.15717928,261.77124023,43742833
2007-10-11,265.83014577,265.83014577,258.17216296,262.98590088,42900147
2007-10-12,263.18087977,272.39843599,254.11825841,256.50762939,87039965
2007-10-15,258.44201554,267.92950244,257.55223497,266.56488037,43056335
2007-10-16,265.43024668,269.92405083,261.83118850,265.08532715,49332781
2007-10-17,251.73383855,270.42892565,225.04084137,268.68438721,75476314
2007-10-18,274.92771261,298.82141547,252.53359935,258.24710083,66271385
2007-10-19,262.33106313,269.92906356,241.90643845,246.86512756,46568956
2007-10-22,239.93691173,248.23473385,237.11765323,240.94166565,44200234
2007-10-23,246.93507319,261.33127754,245.43545689,259.91665649,42698443
2007-10-24,263.93064326,265.00037169,255.59283186,261.43630981,37642822
2007-10-25,260.43159000,266.70994877,259.15193591,262.73599243,36587556
2007-10-26,264.93029456,271.30862135,260.46147765,269.75903320,34497805
2007-10-29,276.42736015,284.42527086,273.42815365,282.71572876,39456350
2007-10-30,283.82537255,285.36996912,273.95796794,276.87719727,38271801
2007-10-31,276.72725736,281.77590620,275.32761185,278.30682373,36337643
2007-11-01,281.92587132,283.82537112,264.93533582,267.98953247,52379007
2007-11-02,257.63228046,272.42839676,257.63228046,271.25869751,33839830
2007-11-05,271.25869559,273.42813026,263.23080765,266.04507446,38966769
2007-11-06,269.79907328,275.42757977,265.05530227,266.54992676,26487784
2007-11-07,275.42760447,280.32631074,269.92904626,277.01718140,30466913
2007-11-08,274.92768505,279.40648590,265.13024813,274.21286011,31842605
2007-11-12,264.93035079,270.39890401,260.13161573,267.48968506,39563331
2007-11-13,268.52945120,272.30845733,265.93012818,269.23925781,37113194
2007-11-14,272.92827238,289.82383006,272.92827238,288.76910400,53647963
2007-11-15,287.92425770,290.92346315,284.92502555,287.43438721,23093037
2007-11-16,284.92514624,292.72311576,282.12588129,288.08932495,22269626
2007-11-19,288.43917801,290.52361732,284.02532405,285.01507568,15561048
2007-11-20,282.92563310,285.72489763,275.94747928,278.41183472,33284548
2007-11-21,276.92725737,279.71651184,268.92934619,270.87884521,37514807
2007-11-22,276.89721607,276.89721607,266.52995622,272.40341187,30793018
2007-11-23,274.93269680,283.22552631,271.93848287,281.04608154,20879620
2007-11-26,285.54495041,290.29371371,282.73570213,288.37921143,26472035
2007-11-27,289.42388932,289.42388932,282.42574224,284.25524902,21357048
2007-11-28,285.42493179,286.80455628,276.82719804,279.15658569,20948085
2007-11-29,283.82533268,284.29520902,279.72642103,281.18103027,35395334
2007-11-30,282.42576036,288.22423080,281.25606118,285.09005737,27007770
2007-12-03,288.74408591,294.21266596,285.52494384,293.41287231,21453424
2007-12-04,294.92241610,296.48201475,284.94503164,286.17471313,23074751
2007-12-05,291.19352334,291.92332418,286.42476512,290.06381226,17131715
2007-12-06,294.92249885,298.72149900,286.44972002,287.30450439,21700398
2007-12-07,290.42368998,290.42368998,280.16139189,284.07037354,28847057
2007-12-10,284.92514160,286.80464766,280.05643931,282.22085571,16149578
2007-12-11,285.42498558,289.81881892,282.92563366,288.48916626,27847587
2007-12-12,287.02455729,290.92352792,283.92535360,288.01428223,27173714
2007-12-13,288.39418419,292.33813484,281.45599273,283.20053101,28950529
2007-12-14,280.42617770,289.92367320,280.42617770,288.78897095,31167534
2007-12-17,284.93004691,288.72402730,270.92870939,277.43701172,31451054
2007-12-18,278.42676786,279.93639455,270.23393582,272.68328857,36252011
2007-12-19,267.93450448,278.41676176,265.08526852,270.30889893,33185923
2007-12-20,271.42863799,278.32681449,269.11924429,271.29367065,21879693
2007-12-24,276.52730835,279.92143292,269.72910215,278.78173828,23564594
2007-12-26,279.92638444,291.39337555,279.72644272,289.57385254,27736485
2007-12-27,289.92384480,292.52314122,287.43450300,289.30899048,33440220
2007-12-28,288.62408327,292.92296355,285.54989269,289.40887451,15896769
2007-12-31,290.27368789,292.92298248,286.92457057,288.19421387,11211489
2008-01-01,288.92407676,289.82384132,283.43550222,284.75015259,10540548
2008-01-02,285.42501286,288.32424856,281.05616515,286.09982300,27276294
2008-01-03,285.12509040,292.92303256,282.95063701,290.29373169,30204199
2008-01-04,290.32372920,301.90067817,290.32372920,299.22140503,35463186
2008-01-07,297.40190528,302.92045882,295.92228266,301.94570923,27412209
2008-01-08,304.96978834,308.31890548,299.92111324,305.38467407,42941270
2008-01-09,304.68495458,306.91936385,301.15586231,303.28530884,22068981
2008-01-10,303.42022586,309.66857847,301.42075516,302.70040894,35935303
2008-01-11,307.86901990,313.91743020,302.42046144,312.67776489,44021961
2008-01-14,315.81704732,323.91492991,312.51792777,322.00042725,24160570
2008-01-15,329.71334170,329.71334170,314.04746515,316.47183228,33236461
2008-01-16,310.91821772,314.41730437,302.42045490,309.28366089,48600925
2008-01-17,315.81697861,315.81697861,297.53680426,299.57626343,41921623
2008-01-18,297.42181038,297.42181038,277.92693124,279.88641357,50776299
2008-01-21,277.90692878,277.90692878,234.46335634,254.01319885,72442557
2008-01-22,235.16312355,248.73457341,211.94424649,235.68299866,76700972
2008-01-23,241.93638105,282.42575603,239.93691035,255.00296021,64128524
2008-01-24,258.93189924,264.43042953,243.43596348,248.82453918,42719162
2008-01-25,257.43226256,262.43093820,252.43358692,261.47119141,26217694
2008-01-28,256.43258107,259.40180917,242.93614068,256.57254028,26471239
2008-01-29,264.43050488,264.43050488,253.96826535,257.62231445,17399346
2008-01-30,254.45312228,259.73171775,245.23554101,247.12503052,21854267
2008-01-31,247.13504724,256.90248190,237.03769536,247.82485962,49427967
2008-02-01,248.93455707,255.95771729,241.93638290,254.20816040,18456589
2008-02-04,253.53338813,264.13059514,253.53338813,259.05194092,25814077
2008-02-05,259.93166305,263.33075245,256.56255156,261.64120483,15151447
2008-02-06,255.92274881,256.93246801,250.06429525,255.18293762,19264427
2008-02-07,251.93375020,257.93218872,240.64673302,242.48123169,27417100
2008-02-08,243.44601952,246.73515458,238.93718646,242.57623291,27651544
2008-02-11,241.33660977,241.33660977,223.44130035,227.64019775,41653038
2008-02-12,228.04005521,241.93637909,225.64067439,232.42390442,35641327
2008-02-13,236.93770839,246.83009929,234.94322953,238.88720703,41541105
2008-02-14,244.93562243,253.23341810,244.93562243,251.60887146,25193638
2008-02-15,250.42414741,259.93165647,246.53516084,259.32681274,18833476
2008-02-18,259.93170064,261.43129048,253.73331941,255.30290222,11414925
2008-02-19,258.93196131,261.73122590,252.93352193,255.38789368,14075130
2008-02-20,249.95425222,254.93293413,246.13525888,248.33467102,19315507
2008-02-21,250.93403302,254.03321002,246.07531536,249.56439209,14064753
2008-02-22,244.16578798,247.93480957,241.43651674,243.38099670,17346910
2008-02-25,249.43443628,256.43261115,240.94169013,255.07797241,16217938
2008-02-26,256.42262927,258.53208172,253.14350408,257.59732056,12791606
2008-02-27,260.43152875,263.73067413,256.93746020,258.77697754,23321593
2008-02-28,257.93213880,259.93160902,251.60378433,253.25836182,24690014
2008-02-29,255.13287346,255.13287346,240.93658695,246.28018188,29196461
2008-03-03,239.91691707,239.91691707,228.89481548,230.53938293,26500060
2008-03-04,231.93903901,233.73856806,220.94192295,224.26106262,39850780
2008-03-05,223.95113256,231.93903173,222.65147124,229.21475220,25698697
2008-03-07,227.81012810,227.81012810,216.56807644,224.76591492,29082647
2008-03-10,221.03190865,228.81985341,212.17924070,227.39524841,45876779
2008-03-11,224.94084390,235.43810464,220.38205252,234.72827148,32079079
2008-03-12,241.81641731,242.77616432,235.93797024,237.39759827,27963509
2008-03-13,228.93982022,232.43888056,220.10212883,224.24604797,35443360
2008-03-14,224.94087553,233.92851079,222.97139590,232.19897461,23942995
2008-03-17,226.05056187,227.24025516,215.44334647,217.96269226,41204921
2008-03-18,224.92089071,224.92089071,211.94431021,215.04348755,34696227
2008-03-19,224.94086181,234.43836131,214.45862924,215.85325623,29746169
2008-03-24,215.94323728,220.91193646,212.48415167,219.96717834,26119935
2008-03-25,221.44181071,232.43392254,221.44181071,231.31921387,27254936
2008-03-26,233.33864743,233.54360772,226.99531581,229.88456726,20401798
2008-03-27,228.93981868,231.33917281,224.34102547,227.02032471,36296397
2008-03-28,233.33864210,236.72774780,223.10633727,235.18315125,34512259
2008-03-31,230.43941148,233.43861752,224.95086415,226.52044678,27093559
2008-04-01,229.83961428,237.43761453,224.29105706,234.46339417,26807230
2008-04-02,239.43700360,245.21547852,232.93871192,234.29335022,32063820
2008-04-03,234.93820756,241.73641250,234.53832414,239.54199219,17304422
2008-04-04,238.43735215,241.42654815,231.10925986,232.05403137,21753752
2008-04-07,225.56568400,242.90613053,225.56568400,240.42677307,23036200
2008-04-08,239.93689588,242.22130342,235.93296286,238.11238098,24671220
2008-04-09,235.43809203,243.11606729,235.04317378,241.76142883,19966184
2008-04-10,242.43628490,251.87380242,240.53678490,246.80014038,32081433
2008-04-11,253.93317875,256.63247163,246.48515064,255.08787537,37507186
2008-04-15,251.42393071,263.63073539,248.56967536,261.11138916,37333368
2008-04-16,261.93609249,266.52989318,261.46122428,264.18051147,31515766
2008-04-17,267.94958264,271.72858862,261.98114769,263.93563843,21934177
2008-04-21,262.90089217,267.92957389,262.14111354,264.29052734,18499558
2008-04-22,260.03168214,267.42974088,259.64677423,260.66650391,25134990
2008-04-23,261.13133459,263.13080519,256.73248327,257.69223022,27790487
2008-04-24,259.93160615,259.93160615,255.56775216,258.19705200,28908505
2008-04-25,258.93195395,263.33077912,256.13268944,262.38104248,29490656
2008-04-28,263.03094548,264.43056481,258.18722846,259.07199097,17866432
2008-04-29,257.93221839,267.42971821,257.93221839,265.92510986,21756290
2008-04-30,264.93034575,267.42969744,260.59147675,261.38128662,23952348
2008-05-02,302.52053773,302.52053773,262.83097294,267.40475464,21082119
2008-05-05,267.43966441,270.82876994,264.93032913,266.84982300,18407373
2008-05-06,259.93165199,268.12947591,259.93165199,264.93032837,18400969
2008-05-07,269.92903896,269.92903896,262.33103923,268.82434082,22305438
2008-05-08,269.34030292,269.94331325,266.58659778,268.05892944,16574019
2008-05-09,267.88310252,268.70218880,252.25533456,254.10453796,30690657
2008-05-12,252.36087481,257.69240971,248.94890501,256.66229248,24158943
2008-05-13,261.30039439,261.30039439,250.04437674,251.36093140,22755830
2008-05-14,253.26037991,256.78291042,249.26549873,254.34075928,17585152
2008-05-15,254.35583589,264.58675463,254.34075459,263.60687256,21878267
2008-05-16,264.41580259,266.12430949,261.60179911,264.88815308,16919206
2008-05-20,263.81290556,264.81790532,258.68740949,261.59689331,15553322
2008-05-21,259.29031931,268.83782669,256.30043881,268.10415649,29178778
2008-05-22,264.81785329,266.32536605,260.99884960,263.91839600,20887381
2008-05-23,264.31535042,265.32034991,256.27532762,256.89843750,18053839
2008-05-26,255.27031735,256.76274865,251.46137721,252.81813049,23292457
2008-05-27,257.28035167,260.27527783,249.24035494,250.75790405,15293041
2008-05-28,251.75285419,254.76785281,248.33583966,253.51159668,18875789
2008-05-29,256.82303192,256.82303192,245.72279469,247.50166321,36074351
2008-05-30,251.13975469,251.13975469,240.22043891,241.55204773,31400272
2008-06-02,244.01427471,245.22029539,235.17027514,237.05967712,23995763
2008-06-03,236.17531262,243.70275917,232.45680641,241.86863708,31603646
2008-06-04,242.10482237,245.62233419,229.64281191,231.85380554,34076759
2008-06-05,236.17535650,236.17535650,218.58783509,225.80374146,67512736
2008-06-06,231.04980022,231.04980022,222.30627033,224.96952820,43442435
2008-06-09,219.29128972,223.04999486,212.15578248,217.35163879,45759185
2008-06-10,226.12529930,226.12529930,215.57279070,220.87417603,39890958
2008-06-11,229.14028733,229.14028733,222.10529087,227.27101135,41869703
2008-06-12,226.13031816,230.64778400,216.71344322,228.86894226,45823345
2008-06-13,229.84381502,231.14027012,224.61780914,228.17550659,30620547
2008-06-16,236.17530101,236.17530101,227.35139990,229.37648010,27675956
2008-06-17,229.14535185,235.17033118,227.13030770,234.45678711,21817003
2008-06-18,236.17530359,236.17530359,229.14028050,229.85385132,25210402
2008-06-19,227.01472633,228.14034946,224.14043723,225.93939209,17822807
2008-06-20,227.13532484,227.13532484,208.56791224,210.96986389,46870019
2008-06-23,209.04026358,209.33171905,199.22643082,203.58311462,47741229
2008-06-24,205.52276527,214.36677930,202.50775347,207.30162048,52403051
2008-06-25,196.60340213,215.87431203,196.60340213,214.66830444,36568788
2008-06-26,215.57281087,227.12028379,214.66830852,225.07510376,83441319
2008-06-27,218.68827101,225.92427480,214.59289373,219.35659790,57025184
2008-06-30,219.09030806,222.79876478,208.83929101,210.56286621,52730468
2008-07-01,212.05530282,215.97480391,203.64845750,205.43736267,51852931
2008-07-02,204.99010066,219.39175980,199.99523950,215.47225952,60769519
2008-07-03,214.06526350,214.06526350,203.57305463,208.04530334,43012613
2008-07-04,208.04035581,214.18593291,206.03034289,210.83927917,35613854
2008-07-07,210.05030292,213.06028327,200.69877062,203.83436584,32556971
2008-07-08,200.79925156,202.70372157,193.99538591,198.93496704,42090551
2008-07-09,201.00028540,210.54277701,201.00028540,208.95487976,30800621
2008-07-10,208.72874361,209.51766733,204.17608297,205.68861389,25189447
2008-07-11,206.42725475,207.92470412,200.19623701,202.61830139,29313661
2008-07-14,201.00027052,208.53778050,199.99527098,205.36700439,32490063
2008-07-15,201.50277868,205.70368552,197.78427217,198.72897339,41694564
2008-07-16,200.01032898,203.51275908,192.96023829,195.32199097,33919101
2008-07-17,204.81925113,205.49260960,197.49279966,202.86453247,27019109
2008-07-18,199.99527900,213.76379473,199.99527900,212.37689209,33682872
2008-07-21,215.97480363,217.50743405,210.35182677,216.36172485,26038363
2008-07-22,213.56280695,220.99982019,213.56280695,216.29138184,24964382
2008-07-23,218.08530175,229.03979937,218.08530175,227.86396790,44183828
2008-07-24,227.12025111,234.16531069,227.12025111,231.95933533,29147884
2008-07-25,235.01448989,235.01448989,214.56774127,215.78379822,62377468
2008-07-28,216.08031532,219.99479794,211.65328322,219.08024597,29603543
2008-07-29,215.05022481,216.97480822,208.53781282,209.35186768,31092016
2008-07-30,214.86928607,218.48728156,211.05530078,217.63304138,18342355
2008-07-31,222.58769130,223.11029050,216.60291139,221.85403442,28463721
2008-08-01,218.09029215,232.45678431,216.37676695,230.90907288,33025291
2008-08-04,236.15517702,236.15517702,224.37656371,225.36145020,35839785
2008-08-05,226.79361602,229.74329799,221.60279134,228.74331665,41976693
2008-08-06,230.14530606,236.07480557,229.75335332,231.00958252,36432724
2008-08-07,230.94930609,232.84877162,227.15544685,228.39662170,24556347
2008-08-08,226.09515202,229.54230215,224.22081764,226.30618286,28902817
2008-08-11,226.24086701,234.76829482,226.24086701,233.68794250,25610677
2008-08-12,235.17031572,238.63756539,232.66786666,235.89894104,32882192
2008-08-13,234.14523385,238.78834214,231.88899622,234.85375977,28458078
2008-08-14,234.76829012,235.67279233,227.26596141,228.80865479,20978604
2008-08-18,230.14533604,230.14533604,222.12541192,223.59271240,21991145
2008-08-19,223.61278225,224.51728445,220.63798278,223.07008362,18173673
2008-08-20,223.11030875,227.13030707,222.85906557,225.75849915,19893266
2008-08-21,227.25591161,227.25591161,221.35654815,222.37159729,17102509
2008-08-22,221.05006146,227.12027127,221.00986255,225.60272217,20077470
2008-08-25,221.63795841,229.64278655,221.63795841,224.31628418,12172890
2008-08-26,223.00979404,223.00979404,215.73860885,219.02496338,30411756
2008-08-27,221.09025409,221.09025409,215.07029309,215.87429810,32314258
2008-08-28,217.88431326,217.88431326,206.30669127,208.12072754,41999424
2008-08-29,215.07028805,215.86424331,210.94977925,214.68838501,22026362
2008-09-01,213.06027315,217.62800116,211.35176603,215.23609924,20027134
2008-09-02,215.07028392,223.61279316,213.56278466,222.38166809,22061325
2008-09-04,226.12533756,226.12533756,214.26632218,216.30145264,23303097
2008-09-05,211.55280214,211.55280214,207.53279038,209.13073730,28217684
2008-09-08,220.09527666,220.09527666,213.56276698,214.38687134,25098286
2008-09-09,215.57279363,216.97979569,209.69856036,215.32656860,17241294
2008-09-10,214.06023409,214.53761620,208.23626366,209.30657959,33404610
2008-09-11,208.03525484,208.03525484,199.21637221,200.73895264,49802072
2008-09-12,203.90971942,205.02024762,192.93007914,194.23155212,59654354
2008-09-15,189.91510710,190.95025580,183.23686912,189.63873291,43957670
2008-09-16,180.90024241,194.46776328,180.90024241,193.76928711,39166941
2008-09-17,196.98025646,196.98025646,185.77448967,188.60356140,35299106
2008-09-18,181.10121111,195.77422562,177.38270550,194.79435730,76522901
2008-09-19,199.09077898,208.23126786,196.98028252,206.53784180,45121517
2008-09-22,211.05029657,212.05529612,202.63843335,204.92982483,50737652
2008-09-23,201.00027101,210.68848969,201.00027101,201.64849854,45365420
2008-09-24,200.00027523,207.52773445,200.00027523,205.63330078,47808469
2008-09-25,205.13081272,207.00011547,200.29676021,203.58311462,43038005
2008-09-26,202.80927609,204.51778337,196.59837031,197.30186462,30364929
2008-09-29,198.48775017,198.99024989,189.04073941,194.25166321,53055417
2008-09-30,189.93518259,199.49273988,181.44292304,195.90991211,59449825
2008-10-01,196.98026143,197.28175322,189.28697440,191.62359619,30413112
2008-10-03,196.87974629,196.87974629,175.43804478,177.02595520,93519208
2008-10-06,173.76468831,175.77470030,164.07648551,164.98098755,52962304
2008-10-07,166.94578273,172.05622278,162.15696074,168.30253601,56489869
2008-10-08,163.81518948,167.42314815,151.64462345,165.67947388,67137013
2008-10-10,160.77005386,160.77005386,148.43867792,153.52398682,73448501
2008-10-13,156.57919978,160.19719508,155.79529431,157.92590332,39084214
2008-10-14,163.31274247,167.63424644,161.80524295,162.91577148,40474211
2008-10-15,159.80021656,160.77004862,151.39840447,152.78028870,45259130
2008-10-16,145.72520888,147.23270826,133.16268717,139.89117432,89683073
2008-10-17,140.70017102,144.72018204,129.32355956,131.25817871,62609392
2008-10-20,133.66012871,138.69015672,128.74064766,132.75059509,61508244
2008-10-21,135.67517775,143.21268763,133.01193303,140.19265747,58829228
2008-10-22,137.94146787,138.04196514,131.20293127,132.33857727,39086690
2008-10-23,127.73566302,130.33862275,120.13785492,122.37399292,62538390
2008-10-24,120.60015838,121.58505845,99.49513469,102.45988464,80998549
2008-10-27,103.22870304,109.54513680,93.46511272,108.23863220,86584017
2008-10-29,120.60014695,122.39910158,115.47463910,120.77602386,67998730
2008-10-31,127.12762498,140.19262967,124.15281248,138.23287964,91581008
2008-11-03,144.61972665,146.22773704,140.40876923,144.89108276,61689421
2008-11-04,145.72519071,147.13219264,138.20778076,145.88598633,54802265
2008-11-05,151.27277975,151.27277975,124.44929680,127.53968811,102413467
2008-11-06,120.56999362,123.91664619,116.20829193,117.64041138,83827121
2008-11-07,117.88667440,124.60008039,115.70581639,122.68554688,62624476
2008-11-10,125.65534181,131.52957602,124.11769305,130.96174622,43389771
2008-11-11,128.65020331,129.64516642,120.00217943,121.37400055,59637607
2008-11-12,120.60013477,121.26344346,114.82641346,116.80123138,72334211
2008-11-14,119.53486365,120.09766180,109.27882184,115.24852753,98632848
2008-11-17,115.57515690,117.57510617,108.37431980,114.71085358,65078384
2008-11-18,110.75616345,115.77614239,107.57030643,114.56511688,64322213
2008-11-19,115.70077315,122.79608149,112.05764657,113.81137085,88865366
2008-11-20,109.04263197,110.44963385,104.52012786,106.13315582,67832147
2008-11-21,107.03264968,116.17816329,103.72619543,112.99733734,76070173
2008-11-24,118.24344030,118.24344030,108.03764710,115.05255127,65458351
2008-11-25,117.58516311,119.47456551,105.62564555,107.71604919,66249013
2008-11-26,107.19846612,115.27364940,107.19846612,114.45959473,74275220
2008-11-27,114.45959473,114.45959473,114.45959473,114.45959473,0
2008-11-28,112.56013492,117.55499620,109.64563395,114.01236725,63797424
2008-12-01,113.09279699,118.59015861,110.36422234,111.49485016,55672136
2008-12-02,107.53513605,108.91198879,103.01263180,107.93211365,62975613
2008-12-03,110.60542865,111.95715724,105.52514383,107.44470215,57455881
2008-12-04,108.94215619,117.58517038,105.53520452,116.48972321,81077077
2008-12-05,118.08765774,118.79115204,110.85164647,112.31894684,58443609
2008-12-08,115.79624007,118.05749544,111.25363659,112.41441345,60947625
2008-12-10,115.44452802,124.01720207,114.26868286,123.33379364,65787255
2008-12-11,125.62513059,130.41898304,119.92677615,126.52963257,79516743
2008-12-12,124.62019811,133.06221218,121.22831387,131.36375427,86870714
2008-12-15,135.57467060,136.57967005,127.85626620,134.72544861,86264860
2008-12-16,135.67516824,140.37857429,133.22799953,139.54443359,67795872
2008-12-17,139.69518939,141.40369664,133.67522853,135.81588745,77332575
2008-12-18,134.67017572,137.88618220,128.89643999,136.78068542,93671319
2008-12-19,136.70531792,138.43894290,132.91143169,135.80584717,72070062
2008-12-22,131.15270010,135.91640557,128.53969019,129.19796753,42665195
2008-12-23,128.74066094,128.74066094,125.26334855,126.60503387,33676275
2008-12-24,125.72564622,126.32864315,123.63021811,124.82114410,35923133
2008-12-26,125.62514586,128.13764421,121.00213815,121.62021637,27758079
2008-12-29,120.60015359,125.82114083,119.39415956,125.25331116,51221529
2008-12-30,126.63518980,127.93666287,123.42923325,125.67540741,39436803
2008-12-31,126.02717558,127.20302050,122.20817188,123.89154816,43146700
2009-01-02,126.60001350,130.64012430,125.82615773,129.28337097,43414060
2009-01-05,130.54963136,138.38864418,130.15769213,137.26806641,48183501
2009-01-06,136.68014403,139.69515529,133.79077444,137.77560425,52756287
2009-01-07,137.58467021,139.29317734,118.08765118,120.67552948,74375989
2009-01-09,121.60516131,121.60516131,109.91197494,115.90178680,83016869
2009-01-12,114.53998797,115.07265028,109.04263353,110.33908844,64436797
2009-01-13,110.01748107,115.17313767,107.03262548,108.29389954,57574149
2009-01-14,109.65568732,122.40915197,109.65568732,118.56501770,57312974
2009-01-15,114.75103815,116.57511027,111.30388172,114.80630493,54892324
2009-01-16,115.67566064,123.71567049,114.56010067,122.34384918,58287963
2009-01-19,123.07246886,125.62013497,121.40416056,123.60511780,37148665
2009-01-20,122.28855503,122.28855503,117.38414113,118.95697021,40660034
2009-01-21,116.58014480,118.88159906,111.55513439,112.54505920,43462384
2009-01-22,115.56511401,116.06258221,111.26370329,114.19831085,61203969
2009-01-23,120.39916011,134.16767473,112.56014523,116.19322205,70946672
2009-01-27,119.19314274,123.96187852,117.58514636,123.20812225,39227602
2009-01-28,125.42414443,129.64514949,123.25333685,128.03713989,40185450
2009-01-29,129.14268290,130.14769596,124.74581279,127.64523315,55501398
2009-01-30,124.41915213,133.74556636,124.41915213,133.02197266,48641391
2009-02-02,129.64516480,135.95656697,127.99192454,128.64015198,46945414
2009-02-03,129.64518879,134.13753777,127.94169959,131.27328491,60467187
2009-02-04,132.15765637,134.41891162,130.15770739,131.40390015,34707190
2009-02-05,133.56467751,133.56467751,127.75074294,129.52456665,35930771
2009-02-06,130.65017811,135.67517567,130.20797671,135.15760803,37982348
2009-02-09,136.17766163,140.59967513,134.77065977,139.66502380,38828552
2009-02-10,139.58462593,142.11722390,137.92134935,140.89614868,59468514
2009-02-11,137.18269691,139.62484776,136.78069440,138.81581116,36794369
2009-02-12,138.55955352,138.55955352,135.20285023,135.83097839,27513310
2009-02-13,137.38368832,141.10219471,136.78069127,139.93638611,25414398
2009-02-16,139.13741347,140.40371936,131.76573058,132.68028259,40197078
2009-02-17,130.76574265,131.35367179,126.44927097,127.36382294,33499857
2009-02-18,127.33364842,132.43904276,124.62014224,130.16271973,40022087
2009-02-19,129.64516228,131.55466379,128.85120713,130.02203369,26286999
2009-02-20,126.23321293,128.94168846,124.77596210,125.96688843,32176864
2009-02-24,124.11764521,126.99194704,120.73581213,125.95176697,39986923
2009-02-25,127.13265180,129.24316127,126.88642682,127.28842926,25854675
2009-02-26,126.42913678,130.34863646,125.75577844,129.72554016,33594353
2009-02-27,129.58490003,129.94670370,125.27847695,127.23822784,42086745
2009-03-02,123.48451717,127.00202914,122.10767767,123.17799377,43205200
2009-03-03,123.61516969,125.82114513,118.08765889,120.28358459,45821621
2009-03-04,116.11282322,122.37900887,116.11282322,121.71571350,52293436
2009-03-05,121.40414741,122.61015474,114.79625825,115.55504608,62274477
2009-03-06,113.56514953,118.28865543,112.08779940,117.57511139,39923401
2009-03-09,116.68064360,117.38413783,114.38422089,115.91181946,29283265
2009-03-12,118.69063804,122.06743969,116.37913412,120.80114746,42565853
2009-03-13,123.60512541,130.02707561,123.21317262,129.06730652,35991799
2009-03-16,129.06729677,134.06717663,127.73566104,133.42398071,39608190
2009-03-17,133.66517180,134.97167649,129.96174699,130.67027283,41608363
2009-03-18,132.16773191,136.88118811,132.16773191,133.80587769,38224746
2009-03-19,134.46915400,136.06208232,132.67019960,135.24299622,37983276
2009-03-20,134.56966800,136.67011440,132.86116092,134.58976746,44674678
2009-03-23,136.07719437,145.72521499,136.07719437,144.56443787,43499158
2009-03-24,145.73018296,148.23766303,144.72016553,145.97138977,60343381
2009-03-25,145.72517985,155.67468991,145.72517985,153.98628235,83712931
2009-03-26,155.74504977,158.68970008,153.06169234,157.33294678,71881938
2009-03-27,156.17724333,159.13194416,154.26774115,155.64961243,59012548
2009-03-30,152.87075956,154.26771188,150.24770028,152.40342712,60118929
2009-03-31,154.26769454,155.97117006,152.25769568,153.23756409,49999155
2009-04-01,153.06168428,160.19719084,150.48385582,158.91581726,41804082
2009-04-02,161.80522089,168.84023108,161.02634692,166.96589661,48027558
2009-04-06,170.85020476,175.10135942,165.38299305,167.99600220,46014129
2009-04-08,164.81519880,174.76972833,161.30271862,173.37780762,80451816
2009-04-09,175.87521759,177.66914058,171.37783788,174.44308472,45443125
2009-04-13,176.87521647,179.79474951,173.16174155,178.24201965,33290726
2009-04-15,175.87523019,184.89008971,174.18180433,183.92025757,52910376
2009-04-16,182.01577762,184.92022890,172.69439524,174.36772156,57919904
2009-04-17,175.88528063,178.95555927,171.08639537,172.55369568,56174264
2009-04-20,172.86020424,176.34756635,169.67436072,172.39790344,43137461
2009-04-21,170.34774075,174.23207453,169.31259197,171.46328735,43770744
2009-04-22,172.86021999,174.16672469,169.94571880,172.65922546,38704160
2009-04-23,172.55874871,178.37770205,170.44823880,177.25210571,37089448
2009-04-24,175.87521540,181.10122028,173.56371143,179.77964783,47905047
2009-04-27,179.99575884,181.60375550,176.98074666,179.44802856,36727750
2009-04-28,178.99073585,180.09624607,173.96573819,174.58381653,35210193
2009-04-29,175.97572284,182.91023514,175.45814181,181.52835083,37372907
2009-04-30,181.92533875,181.92533875,181.92533875,181.92533875,0
2009-05-04,186.02573478,190.44774855,184.95038722,189.65379333,37496293
2009-05-05,189.44276115,190.41761151,184.51824733,189.30708313,42684575
2009-05-06,189.84477698,194.77934123,186.93027524,189.09103394,42714525
2009-05-07,185.92522598,193.45268523,185.92522598,192.51301575,32146923
2009-05-08,192.96021133,194.16621852,188.43770114,190.98036194,34869757
2009-05-11,192.85976896,193.76427126,185.93530556,187.09106445,32877309
2009-05-12,185.92022506,198.52796273,185.22174893,196.97021484,40121823
2009-05-13,198.21138584,198.48776003,191.55324750,194.26675415,45730547
2009-05-14,191.17640152,193.71403159,188.96037616,191.84974670,35410007
2009-05-15,192.45774885,196.98025991,192.12107630,196.04560852,27591942
2009-05-18,215.77384779,254.76791133,211.17595573,237.93916321,462151
2009-05-19,246.22534572,251.25034346,221.10030332,224.20574951,91641231
2009-05-20,221.10025731,226.39661001,214.68834489,216.32147217,59032384
2009-05-21,215.57277821,218.78878461,211.30655528,212.60299683,34800216
2009-05-22,211.03017854,221.82389393,210.14578914,219.66816711,38903746
2009-05-25,221.10027784,222.60777698,216.47726971,220.57264709,27159102
2009-05-26,219.10033398,222.00478536,214.11552218,215.34162903,21734582
2009-05-27,218.28630045,221.60280435,216.32151841,219.72846985,45717213
2009-05-28,219.09029489,225.72330236,219.09029489,223.16557312,39356028
2009-05-29,225.60267499,231.92412667,222.40676841,228.32621765,55968204
2009-06-01,234.16530783,234.16530783,226.74337689,229.36140442,26050762
2009-06-02,231.16035070,231.99953642,223.51732562,229.05989075,28865737
2009-06-03,227.26095318,231.90406114,223.66304364,225.71324158,30082029
2009-06-04,223.59270796,228.01975376,217.08029678,227.30618286,33775337
2009-06-05,228.63780412,229.24081456,220.09529488,222.38166809,40927517
2009-06-08,221.80377517,227.31119951,218.68827956,220.49728394,33055905
2009-06-09,219.89429907,230.24582678,218.58780769,228.35137939,36345045
2009-06-10,230.24575888,235.16019483,229.75832712,233.18035889,34694005
2009-06-11,233.16033371,233.66282009,229.39156513,231.47694397,22236115
2009-06-12,232.15528758,239.08978603,231.67789207,237.39134216,43019175
2009-06-15,237.15017278,237.15017278,217.61292745,218.96968079,62480205
2009-06-16,216.07526354,219.58272519,213.72356061,215.40693665,44870038
2009-06-17,213.64319493,218.88930018,204.65345220,206.16096497,43046719
2009-06-18,206.82927730,208.28652791,200.00531167,203.51779175,54312001
2009-06-19,205.52275907,207.27648321,198.69879389,205.17100525,42449160
2009-06-22,205.79407726,206.02523435,194.22149048,196.22647095,40433018
2009-06-23,190.95024643,204.38710613,190.95024643,202.53790283,52029156
2009-06-24,203.51278722,204.59315303,198.19130232,201.23645020,41212516
2009-06-25,201.12084400,203.41224860,195.21646232,196.78929138,46686191
2009-06-26,197.59832653,204.71876573,197.27673528,203.93486023,34815029
2009-06-29,203.61329650,212.34675154,201.47766895,209.74380493,32603982
2009-06-30,211.05026187,211.98491318,202.06553884,203.35194397,26084929
2009-07-01,204.00521657,209.54276334,199.79426051,206.90966797,32531518
2009-07-02,219.39174177,219.39174177,200.53290346,202.14089966,33686302
2009-07-03,201.00026188,204.52782327,198.99026289,203.77909851,37909158
2009-07-06,205.82427970,206.22628221,187.03578442,190.26184082,51827829
2009-07-07,191.05077036,192.25677793,183.43286211,186.47299194,51057090
2009-07-08,186.47297594,189.94525718,180.62889208,183.88006592,50495159
2009-07-09,184.41771887,188.42766661,183.92526892,186.26692200,32268349
2009-07-10,186.22675045,187.62872088,175.37273694,178.40281677,36758916
2009-07-13,175.84508825,177.73449056,172.56878338,175.97070312,36305996
2009-07-14,178.28722650,183.41273441,177.48322158,182.31225586,32365032
2009-07-15,185.92523144,189.94524261,181.55849802,188.56838989,27771011
2009-07-16,191.05074996,197.82445353,188.94025371,194.50794983,48357416
2009-07-17,195.48279017,197.58325000,193.49289073,194.67376709,28917805
2009-07-20,196.98028733,204.91978699,195.97528771,204.34693909,36034847
2009-07-21,209.91463157,209.91463157,201.73894387,202.87460327,26978476
2009-07-22,203.51275251,206.78904355,197.24153591,198.55809021,27518674
2009-07-23,199.99525253,206.40716564,199.69374732,205.17604065,25944577
2009-07-24,206.02524918,207.77395508,199.60328675,202.69366455,37085126
2009-07-27,195.97528182,200.49777997,191.61859747,195.03559875,52651678
2009-07-28,195.67377900,196.95013467,189.50307180,191.71406555,50364983
2009-07-29,190.95023502,194.76923811,188.03573408,194.00543213,41704949
2009-07-30,192.96021133,193.50290987,189.84470282,190.98036194,26943006
2009-07-31,192.45776429,198.47772533,192.08089281,196.51797485,30553219
2009-08-03,197.87473292,204.11578811,196.78932210,202.70878601,23955323
2009-08-04,204.31675580,206.32676812,201.25150882,204.99513245,33575331
2009-08-05,204.51775950,209.44225939,204.17605540,208.67846680,33289859
2009-08-06,205.38708597,213.56277303,203.64842967,205.70365906,43022238
2009-08-07,204.66850703,207.43226219,200.01534970,200.77412415,34997614
2009-08-10,204.06049464,204.49264632,198.28675887,199.80432129,26363427
2009-08-11,200.29674270,205.82927082,198.88974089,201.04043579,27474086
2009-08-12,198.48273387,201.00026422,195.30190814,200.06561279,29958739
2009-08-13,203.51277483,205.43232630,200.69877086,203.44241333,26524147
2009-08-14,203.71377859,207.43228496,201.70377949,204.66349792,29262231
2009-08-17,201.90478134,202.00527862,193.46276874,195.16624451,30040259
2009-08-18,193.33211022,196.59836537,192.97533821,195.09086609,26014696
2009-08-19,194.97024893,195.96519868,188.03574980,189.52816772,29148426
2009-08-20,190.95023774,193.86473873,189.79951059,190.78942871,20579108
2009-08-21,189.74425609,194.46776203,187.69405808,193.84466553,26343198
2009-08-24,196.98022280,199.08066889,195.83451395,198.41737366,22140885
2009-08-25,197.50286690,204.31676953,196.53303472,203.57809448,28437053
2009-08-26,203.61828766,205.69361657,202.13088788,205.03533936,21993621
2009-08-27,204.41726873,206.92978096,203.01026671,205.25645447,25676360
2009-08-28,206.02527542,209.04027396,203.56804343,208.44732666,21877637
2009-08-31,207.43226527,207.43226527,200.49775295,201.51280212,31540641
2009-09-01,203.49265230,205.22125888,197.52295394,199.07568359,22733195
2009-09-02,197.88475426,200.78920559,196.98025208,198.10083008,23849191
2009-09-03,198.99028315,199.71387696,193.29192656,194.04566956,26446530
2009-09-04,194.76926552,200.39727369,194.46776029,199.10585022,25361664
2009-09-07,199.49275900,201.89974228,198.63850541,201.28668213,22578214
2009-09-08,202.50775952,210.48747050,201.53794078,208.59806824,52059674
2009-09-09,208.53777491,218.53753483,207.23127017,217.92951965,52578339
2009-09-10,220.10031998,225.11026322,214.32658407,215.81901550,35669728
2009-09-11,217.58276993,218.21592951,211.55277323,215.15570068,31370847
2009-09-14,214.56778367,216.98983490,212.20603081,215.02003479,19047648
2009-09-15,215.27125939,219.49225132,215.27125939,219.18070984,18872954
2009-09-16,220.69827114,222.97962598,217.44206606,219.49226379,19382756
2009-09-17,219.59278327,221.10028245,208.13575997,209.65834045,145062738
2009-09-18,209.04030731,212.35681159,208.54785720,211.30659485,25713816
2009-09-22,213.93464712,215.04014394,209.85433713,210.84426880,23011168
2009-09-23,210.74876457,213.56276835,210.04525692,211.22111511,24365231
2009-09-24,210.04527333,214.06528479,206.82928026,211.14575195,41664465
2009-09-25,209.48248523,215.86424987,208.54783376,214.56779480,31204369
2009-09-29,215.62301710,219.25107554,215.07026875,218.19079590,40254449
2009-09-30,219.49229134,222.39675638,217.58278953,221.26612854,36946165
2009-10-01,221.09025530,221.09025530,216.47729633,218.52247620,26342402
2009-10-05,217.07022463,218.28628177,213.19092292,214.97982788,25912186
2009-10-06,217.07529979,217.07529979,211.25131449,214.47737122,32106115
2009-10-07,216.02502572,216.87927929,209.45231687,211.18092346,27123920
2009-10-08,221.10027498,224.66803500,211.05026736,213.02508545,61481645
2009-10-09,213.92961337,214.22608703,210.04527981,211.02516174,27668151
2009-10-12,213.06029041,219.69329807,213.06029041,217.98982239,39339692
2009-10-13,217.28128052,217.28128052,217.28128052,217.28128052,0
2009-10-14,218.58777328,220.84901523,216.34158579,219.51237488,29186933
2009-10-15,220.99977807,223.29118265,217.58276393,218.23602295,28442679
2009-10-16,219.50900009,225.17373532,218.59859307,224.44035339,29379397
2009-10-20,227.09575253,230.97002036,220.30310927,220.98085022,27662481
2009-10-21,220.41942932,223.45412435,219.37247189,220.74313354,22306470
2009-10-22,220.72291207,220.72291207,214.55238190,215.98880005,20217305
2009-10-23,217.10150408,217.92087322,206.11593971,207.10221863,44095335
2009-10-26,207.37028400,209.19109833,202.71709482,203.86521912,27736152
2009-10-27,202.51478117,203.32402145,199.78355976,201.40205383,30934515
2009-10-28,200.80015964,206.69757501,200.80015964,205.76693726,25810298
2009-10-29,202.41364592,206.75326024,200.32983262,202.25180054,30886813
2009-10-30,202.41869187,205.85294952,194.42228292,195.34786987,43583626
2009-11-03,194.22505041,194.70553562,182.30883361,183.95768738,42857711
2009-11-04,187.13905664,195.02924856,185.38904943,194.29080200,39964979
2009-11-05,193.12241908,197.05234147,187.24018304,196.35942078,30087288
2009-11-06,195.23152286,199.77344317,195.23152286,198.01332092,30606215
2009-11-09,199.78357465,205.54947793,198.42807918,204.78068542,28682653
2009-11-10,206.35873630,212.67594576,202.81826077,207.82550049,55352725
2009-11-11,209.19109495,215.50323950,205.91868283,213.84428406,36604347
2009-11-12,214.95701670,217.08129123,210.80960748,212.55455017,33326415
2009-11-13,211.41651652,215.36161856,210.81969827,214.40063477,22380386
2009-11-16,217.38476345,218.68968227,215.62970543,217.85008240,18087647
2009-11-17,218.49744948,218.66942367,213.13617367,215.70048523,26297936
2009-11-18,218.69979935,218.69979935,211.83128377,212.43316650,34189418
2009-11-19,212.30165758,213.42955123,209.68676911,210.78936768,20240605
2009-11-20,210.40497241,215.96350452,208.88763159,214.78503418,27023694
2009-11-23,218.49750169,223.32771684,215.77134413,222.03291321,48369770
2009-11-24,221.73444518,223.04947913,219.31681279,220.23733521,30382900
2009-11-25,221.10227299,225.16369549,219.49894485,222.00762939,36335219
2009-11-26,224.76914394,224.76914394,213.09571049,215.20986938,22221066
2009-11-27,212.42808798,214.04658201,204.53789749,211.60871887,25469866
2009-11-30,214.95699506,218.27491940,213.23733413,215.15930176,18071456
2009-12-01,217.48587991,222.54369547,215.90784729,222.13906860,12511349
2009-12-02,223.60581886,226.31680924,220.76332915,222.63471985,20681036
2009-12-03,223.53503753,226.58994960,220.94544436,222.47290039,17415284
2009-12-04,220.72291036,223.95991220,218.55817457,220.19689941,13963709
2009-12-07,220.11597715,221.35007508,212.42810620,213.43966675,20671910
2009-12-08,214.45122018,219.39775406,213.47000568,218.56828308,20434211
2009-12-09,216.47436713,218.09286144,214.88621882,216.84864807,11179921
2009-12-10,217.22291249,218.90209869,214.85585646,216.83851624,12944596
2009-12-11,218.49748876,220.11599658,215.36165350,216.72726440,15450296
2009-12-14,216.06973142,219.30673342,215.05817083,216.05961609,13923500
2009-12-15,216.06972512,217.28360590,212.02348287,212.75180054,14673678
2009-12-16,212.40785840,213.43966311,210.02057178,211.85150146,14773099
2009-12-17,213.39919501,213.39919501,208.38184036,209.38328552,14196403
2009-12-18,209.39338782,209.39338782,203.32401172,203.86013794,21984942
2009-12-21,202.51479567,208.54369765,200.28935434,205.74166870,24594381
2009-12-22,205.99454695,208.13905189,204.59859027,206.19685364,13939289
2009-12-23,207.37027074,216.04947076,206.64193966,215.70553589,21453446
2009-12-24,217.48590441,219.26625741,214.11740327,217.74891663,16147574
2009-12-29,218.29518178,220.31830305,216.47436724,218.54806519,12172264
2009-12-30,218.45702798,219.50906347,216.37321469,217.69836426,9279882
2009-12-31,219.30673221,221.73448032,218.77060591,220.63188171,17542130
2010-01-04,220.74317684,220.74317684,206.73304348,217.58709717,76646086
2010-01-05,232.63908179,232.63908179,215.54366867,216.61592102,21392825
2010-01-06,218.47725882,221.43103155,216.60586758,220.11599731,23691760
2010-01-07,220.11598473,225.57841457,218.09285006,223.76771545,26197920
2010-01-08,224.16221427,225.33563366,221.73446632,223.18099976,15110149
2010-01-11,229.56396332,232.59867205,212.42811208,218.80094910,188649642
2010-01-12,221.53215153,230.08996782,217.89052298,219.37751770,32790509
2010-01-13,220.11595120,220.92519143,216.19108000,220.23733521,15360176
2010-01-14,219.71133394,227.56104967,219.71133394,226.93389893,24545629
2010-01-15,227.76334827,230.41364688,223.56537652,224.71855164,18766617
2010-01-18,223.95992206,225.87177454,220.91511145,222.44258118,14172193
2010-01-19,222.54376111,223.76774389,219.03363113,219.50907898,13064666
2010-01-20,221.53217480,221.95703241,216.87898527,217.99169922,19331024
2010-01-21,217.48596089,217.89058790,212.47873364,213.24751282,18611321
2010-01-22,210.60726187,216.67663779,208.28066755,213.20697021,39869565
2010-01-25,212.35725818,213.31824193,209.73731914,210.81968689,13393277
2010-01-27,209.19111882,212.42812089,206.35874369,207.88619995,24843485
2010-01-28,210.40492612,211.70984461,207.37024514,209.82833862,33223459
2010-01-29,208.96857180,212.79227694,205.97435125,211.65933228,23333042
2010-02-01,209.89917490,213.43965004,209.50466335,211.49745178,12132865
2010-02-02,212.83272798,213.71278920,207.18820857,207.83561707,17248998
2010-02-03,208.60435295,212.10436644,208.60435295,209.18095398,15052266
2010-02-04,210.00034173,210.00034173,205.14484578,206.18675232,11974603
2010-02-05,197.25468640,203.88040714,197.25468640,198.61016846,29882876
2010-02-08,199.27776633,203.19250865,197.25464550,201.16938782,25894932
2010-02-09,201.04802225,201.90785279,198.81247905,200.94686890,14292031
2010-02-10,202.29222417,202.29222417,198.67082641,199.29800415,18261247
2010-02-11,200.13762536,206.31827091,199.98588182,205.37751770,23450102
2010-02-15,207.77490847,207.77490847,203.85003697,204.33558655,13498617
2010-02-16,204.35583355,206.56104426,203.32404229,205.90353394,10068256
2010-02-17,207.37029467,209.95988810,206.77347636,208.89775085,15630122
2010-02-18,208.38183516,210.07115006,201.30089836,201.86737061,19834114
2010-02-19,201.30092203,201.30092203,197.68963911,198.91363525,17754534
2010-02-22,201.36161758,202.31248618,196.24310902,197.85150146,12692045
2010-02-23,197.05235766,198.87317211,196.24310379,197.32548523,12976934
2010-02-24,196.24308457,199.41939421,195.56534364,198.02343750,12487589
2010-02-25,198.28642841,199.27775811,194.04798207,194.84710693,18954063
2010-02-26,196.04079667,201.30091978,195.48443970,198.05380249,22579233
2010-03-02,199.27780085,202.11017590,198.14484272,198.91363525,18210596
2010-03-03,199.88473089,207.97722897,199.88473089,207.32983398,26623966
2010-03-04,210.40495905,210.40495905,203.93096925,205.14483643,20781218
2010-03-05,206.76335838,207.57259872,203.34426696,204.29513550,11774505
2010-03-08,206.60149164,207.77491103,202.71709494,203.14195251,11941298
2010-03-09,203.62753196,204.69978464,199.89486473,200.36018372,17459521
2010-03-10,201.30090450,206.13616965,200.14772931,204.08270264,24807175
2010-03-11,204.33556906,206.35870340,203.72863551,205.64048767,14583772
2010-03-12,205.34718272,208.98879822,205.14486249,206.68243408,22333253
2010-03-15,206.76335264,208.77635836,204.96276896,207.98733521,18131701
2010-03-16,208.78648706,216.83852396,208.17955340,216.05961609,33998717
2010-03-17,217.44542637,219.00322838,215.62461216,216.41363525,21599472
2010-03-18,217.28359859,218.82117005,215.28070820,217.88041687,15292424
2010-03-19,218.25470359,221.83562687,216.50469653,220.93534851,19737747
2010-03-22,214.85583555,222.34138564,214.85583555,217.27346802,20468483
2010-03-23,218.08272677,221.31972861,217.88042007,220.80383301,20005544
2010-03-25,221.73448744,221.93680766,217.97147437,220.81396484,22967888
2010-03-26,221.93674834,224.76912272,221.56246750,222.63471985,18075516
2010-03-29,223.29226082,224.55671818,220.72289826,221.18821716,20249784
2010-03-30,221.73448002,223.69690917,219.10442519,220.14633179,18938795
2010-03-31,221.10729541,221.53215298,216.73734922,217.33416748,21647708
2010-04-01,218.09284471,222.24025379,217.89053800,220.93534851,12519976
2010-04-05,221.83562071,228.54229051,221.83562071,227.78359985,19912935
2010-04-06,228.20844956,229.22000999,226.63040340,227.23735046,12481837
2010-04-07,227.60156053,232.59869897,227.21717773,228.55242920,20218574
2010-04-08,229.22004234,229.92814285,222.84720531,223.86888123,14723428
2010-04-09,224.20267737,228.81541878,224.20267737,227.54083252,16826518
2010-04-12,231.64780031,231.64780031,227.12609679,228.07696533,12699784
2010-04-13,228.20849598,229.42236335,224.82987913,226.77206421,13971281
2010-04-15,227.60154097,229.60443150,219.92378491,220.66223145,24286918
2010-04-16,219.73158072,221.53216443,216.70701442,219.35729980,18193722
2010-04-19,218.45698350,218.45698350,212.63038894,214.81536865,16389189
2010-04-20,216.44399764,218.44688802,213.30814922,215.09861755,16748550
2010-04-21,216.47435489,217.22291674,212.05383166,213.25758362,19187549
2010-04-22,212.52927160,221.30962627,212.43823357,217.63766479,25598349
2010-04-23,218.49744898,221.73445053,218.49744898,220.15641785,23235165
2010-04-26,218.49748876,222.09865651,215.15933327,216.72726440,16652152
2010-04-27,215.05815179,216.06971229,213.43965769,214.70410156,13970196
2010-04-28,213.22722673,213.22722673,204.74021746,205.80236816,40110291
2010-04-29,207.16796212,210.38473318,206.18674762,209.40351868,23447044
2010-04-30,210.40495831,211.86160702,208.38183735,209.11016846,15821019
2010-05-03,207.57260474,208.90786957,205.97434117,207.11740112,12535244
2010-05-04,207.20838794,210.20262112,205.04365261,206.59133911,17348783
2010-05-05,204.33558526,207.07692204,202.98010338,206.49021912,14976570
2010-05-06,206.31825199,207.02633892,203.12171174,203.90061951,23863448
2010-05-07,197.45697364,214.45122286,197.45697364,208.94831848,72063684
2010-05-10,214.20335499,220.52143350,211.96145089,219.99153137,38050844
2010-05-11,221.94803966,221.94803966,216.72033725,217.62728882,26325489
2010-05-12,219.30877395,222.03980588,216.86306661,220.71505737,15294301
2010-05-13,216.44523954,222.84483879,216.44523954,218.44256592,11947698
2010-05-14,217.60695753,218.27953554,210.94240006,212.70535278,18161695
2010-05-17,210.88126728,210.88126728,205.64337333,207.18212891,20611809
2010-05-18,207.88525589,210.62647774,205.39877450,208.00753784,15445191
2010-05-19,207.27380507,207.42667111,202.81039156,203.53392029,26097480
2010-05-20,204.01289620,206.45860346,202.53526807,203.79888916,18577281
2010-05-21,201.75061443,203.77851141,198.93804764,202.90213013,19167407
2010-05-24,207.47762642,213.78551387,207.16171778,208.42533875,24726303
2010-05-25,208.90428852,208.90428852,200.29335639,200.88439941,25245934
2010-05-26,202.76961296,205.84712332,201.97475317,205.44970703,13726569
2010-05-27,206.05095652,209.45456592,204.13515161,208.34381104,27405100
2010-05-28,209.91316380,211.75763781,206.76430805,211.27868652,17535288
2010-05-31,209.95392741,213.69382630,209.66858922,213.10278320,16548811
2010-06-01,212.63397467,212.98044016,204.64465689,205.95922852,19466130
2010-06-02,206.86619197,208.08903861,204.49181621,206.06114197,19728249
2010-06-03,207.86487012,211.55380425,207.86487012,210.08638000,17106958
2010-06-04,210.12713346,211.14619051,208.38457489,210.16790771,14088022
2010-06-07,206.86620834,206.86620834,203.80906428,205.38858032,13503377
2010-06-08,205.78602999,206.39746703,202.81042056,203.07537842,15226706
2010-06-09,203.84983274,206.86621626,203.80907209,205.24592590,15242486
2010-06-10,205.84715751,207.36554623,205.26630461,206.93754578,13962908
2010-06-11,208.90429599,214.17275980,208.08905576,213.26580811,23307069
2010-06-14,214.99819717,218.07570806,213.81609744,216.75094604,15892958
2010-06-15,217.09739984,218.05530227,214.01988931,217.28082275,18992836
2010-06-16,218.07569393,218.61578614,215.03894389,215.61979675,11833071
2010-06-17,216.71019257,219.50237898,215.69114901,218.36105347,21047804
2010-06-18,220.15457279,222.11115228,214.11164234,214.88610840,38277934
2010-06-21,216.24140514,218.42216787,216.24140514,217.18911743,11792906
2010-06-22,216.64903015,219.05397652,215.41597968,216.81207275,12908863
2010-06-23,215.97644562,217.56615163,214.81472639,215.77262878,11659191
2010-06-24,215.83378599,217.21968887,213.44922000,214.41731262,18805263
2010-06-25,213.99951963,217.66807334,212.57285607,216.63883972,20325423
2010-06-28,218.89093167,222.55948535,217.08721852,222.18244934,31472648
2010-06-29,222.35567152,222.35567152,216.89359511,217.55596924,14213976
2010-06-30,216.03760362,222.95691429,215.52808190,222.12130737,26637611
2010-07-01,220.92904928,221.40800058,217.36239673,219.34953308,13310905
2010-07-02,219.29857873,220.91885556,217.11781570,217.86172485,10948784
2010-07-05,218.07568138,218.71767518,216.58787693,217.72920227,6399512
2010-07-06,217.15855793,220.50102654,217.15855793,218.87055969,9255011
2010-07-07,218.89093666,219.05397926,214.20332582,214.72303772,13738578
2010-07-08,216.03760675,217.98398219,215.06951411,215.44656372,11977911
2010-07-09,216.84265606,217.26045272,214.72303426,215.55865479,12974909
2010-07-12,216.03762013,217.65789687,214.41732978,215.27333069,12563614
2010-07-13,215.47714658,219.65522226,215.47714658,218.95208740,15043285
2010-07-14,220.11379501,223.05884738,217.51523539,218.16741943,15970199
2010-07-15,218.47313587,220.29722947,217.68846611,218.77885437,13877250
2010-07-16,218.28970045,218.89093364,216.03760653,216.63883972,8779539
2010-07-19,215.65036947,217.24007565,214.77398828,215.23255920,9808534
2010-07-20,215.42616884,217.24005844,213.81606886,214.60073853,6845092
2010-07-21,215.81341896,216.64903953,215.15104477,215.71151733,9824712
2010-07-22,215.71153456,216.21086619,213.51040479,215.83381653,15879834
2010-07-23,216.84264151,218.25910120,215.38539396,216.12930298,13790021
2010-07-26,216.75095610,217.54581607,214.05049473,214.63134766,9113728
2010-07-27,215.80321944,216.27198052,214.22370345,214.71284485,12133425
2010-07-28,216.64906167,218.81963461,207.47765565,208.14002991,52927114
2010-07-29,209.61761621,209.61761621,205.43954073,205.87773132,46281590
2010-07-30,206.85603126,207.95659612,205.28669168,205.77583313,19242072
2010-08-02,207.06998813,208.25208769,206.13246605,206.77445984,12676917
2010-08-03,207.71202018,210.10677662,206.66240613,209.46478271,20104173
2010-08-04,209.51570166,210.12712498,206.36686000,207.08018494,18318233
2010-08-05,207.87506962,208.63934546,204.83830577,205.24592590,18308022
2010-08-06,205.62297565,205.86753956,203.50336729,203.82945251,19955917
2010-08-09,203.80906611,205.03192646,202.17859924,202.50468445,22253619
2010-08-10,201.97477548,204.29820055,201.01687300,201.34297180,19989721
2010-08-11,201.73021580,202.76963961,199.75326982,200.39526367,21917268
2010-08-12,199.73288413,200.39525829,197.69478362,198.22468567,24910354
2010-08-13,197.79672005,202.54547230,197.79672005,199.54946899,30512197
2010-08-16,199.73287622,202.15820280,198.71383280,199.10105896,14028775
2010-08-17,199.73290072,200.74175409,197.69480004,197.82728577,14788743
2010-08-18,198.30622477,199.12145138,195.32041188,196.59422302,24859327
2010-08-19,196.41080419,200.73155569,196.41080419,199.16221619,20662946
2010-08-20,199.16223408,202.46394238,198.20433148,201.49584961,20996195
2010-08-23,202.18877329,202.18877329,198.83611475,199.10105896,13543428
2010-08-24,199.10107129,199.93669184,197.14450564,198.18392944,19276160
2010-08-25,197.69477967,199.29468956,196.77763786,197.24639893,18620473
2010-08-26,197.69479928,198.30623629,194.64785885,194.93319702,27834839
2010-08-27,195.43248799,195.84009443,192.91543656,193.53706360,24315870
2010-08-30,194.04663171,196.63500128,192.59958767,193.20082092,11908601
2010-08-31,192.52823568,193.60842011,186.48529248,187.34129333,46605039
2010-09-01,188.53354111,192.35496029,187.70811086,190.80601501,27886811
2010-09-02,192.59954453,192.93581985,190.76526108,191.06077576,17699285
2010-09-03,191.58055890,191.90664416,188.36037173,188.66607666,14440305
2010-09-06,189.73606853,195.18795564,187.97311583,194.15872192,33928353
2010-09-07,194.63769866,197.63368875,194.23007847,196.12550354,28379708
2010-09-08,194.65805339,196.61461920,194.02624965,195.57519531,11632859
2010-09-09,196.25793707,197.12412812,194.67842102,195.36117554,10114309
2010-09-13,198.10239814,202.89191039,196.74706576,202.28048706,27474309
2010-09-14,202.89188484,204.42044979,200.61942455,201.39389038,19472955
2010-09-15,201.56716279,207.62029639,201.56716279,206.64201355,33554695
2010-09-16,206.27515795,206.93754576,203.23840773,203.88040161,18540979
2010-09-17,204.82810110,210.20867011,204.82810110,209.38323975,31955142
2010-09-20,209.71952166,212.76646175,208.10942163,212.24674988,30419766
2010-09-21,212.36902387,213.69378571,208.91446383,210.97293091,21351925
2010-09-22,210.73855294,212.71549869,206.86618274,207.89541626,25872625
2010-09-23,207.89542190,208.70045829,202.99380444,203.33009338,23030491
2010-09-24,203.80908148,205.64336535,202.19899481,204.14537048,22669074
2010-09-27,205.43952821,207.86485477,204.84847160,205.88790894,16465376
2010-09-28,205.50068323,206.25476887,202.38239823,203.50335693,19682506
2010-09-29,203.80905838,205.64334204,202.79001492,203.60525513,17790040
2010-09-30,204.21668998,204.21668998,199.34565600,201.21051025,28981699
2010-10-01,202.17860705,205.84716105,201.77098692,205.41917419,19104034
2010-10-04,206.85602420,209.06734400,206.85602420,207.44706726,21163057
2010-10-05,207.07001026,210.29019690,205.64334667,208.66990662,22938984
2010-10-06,209.92335067,213.38810144,209.30173711,212.97029114,28137687
2010-10-07,212.97029418,215.17143751,210.43287545,211.78820801,31547758
2010-10-08,213.32694369,214.97780443,210.03542596,213.92817688,20865341
2010-10-11,215.22237408,218.53427223,214.63133104,217.91265869,25796876
2010-10-12,217.66808229,217.95342046,213.21485868,215.14085388,13979878
2010-10-13,215.24276605,218.89095337,214.95744148,218.69732666,23967306
2010-10-14,219.09476415,220.41952624,214.85553360,215.83381653,24414709
2010-10-15,216.03761710,217.66808398,211.06466793,212.03276062,11601973
2010-10-18,212.42000843,217.04647862,210.58572461,213.47981262,22209315
2010-10-19,217.05662314,217.81072228,211.80854049,212.85815430,18579617
2010-10-20,211.83915864,216.93439002,211.55382046,213.88743591,18232837
2010-10-21,214.40711511,221.71367887,213.83645244,220.45005798,37273145
2010-10-22,221.22453034,222.92632814,218.96224645,220.48062134,19627279
2010-10-25,221.74426957,224.57721646,221.33664945,222.22322083,18019151
2010-10-26,222.33532016,224.38359738,221.56084055,223.95559692,15444185
2010-10-27,223.78236618,226.22807339,220.77618638,222.71237183,21946562
2010-10-28,224.06769357,224.37339845,219.01322317,220.52140808,36188021
2010-10-29,221.68310074,225.65737258,220.21567666,223.42565918,29722655
2010-11-01,228.46994178,229.26480165,221.99901186,222.80406189,30509287
2010-11-02,223.25244235,223.25244235,218.13683123,219.06416321,20360675
2010-11-03,220.52137645,221.11241941,216.57767518,217.11776733,19939993
2010-11-04,219.68581592,225.61666829,219.09477279,225.21923828,24311819
2010-11-08,227.02291280,228.06233657,224.30205782,226.60510254,22364112
2010-11-09,226.68659590,228.36801330,223.62946594,225.93251038,15410057
2010-11-10,225.55549328,227.63434086,224.02692808,224.63835144,11899060
2010-11-11,225.41281347,226.59491312,219.29855278,220.09339905,12690058
2010-11-12,220.14433678,221.62196466,215.42616943,216.41464233,19131902
2010-11-15,217.48464092,217.64768351,211.59456403,214.95741272,16084932
2010-11-16,215.83380968,215.83380968,209.22021678,210.02525330,19833309
2010-11-18,213.95876215,213.95876215,206.66240121,210.52458191,22776798
2010-11-19,211.14617919,211.14617919,201.17991526,203.04476929,24826481
2010-11-22,204.52239065,207.16171067,203.23838941,206.30570984,18956753
2010-11-23,204.75678166,204.82811280,198.71385174,202.91230774,33113827
2010-11-24,203.60523092,207.43684039,200.96589753,203.00399780,19703855
2010-11-25,204.21669088,204.42049414,198.30623304,199.63098145,29112802
2010-11-26,200.75191471,201.85247939,195.31020506,196.13563538,30639363
2010-11-29,197.59290851,204.30841693,196.14586444,203.48298645,23409097
2010-11-30,203.76829426,205.58219757,199.95706473,200.87420654,30483669
2010-12-01,200.75193174,203.27916010,200.35450179,201.52639771,18726828
2010-12-02,203.60526534,206.55030407,202.80021526,206.08154297,24834141
2010-12-03,206.66239814,208.70048517,203.40145072,205.01155090,19641270
2010-12-06,207.03943608,209.92333369,206.45858321,207.91581726,17790259
2010-12-07,207.88523267,211.90026526,207.88523267,210.07617188,22397973
2010-12-08,208.88391635,209.46476923,206.08153994,207.99734497,16997335
2010-12-09,208.81259162,210.70801638,199.47813010,200.65003967,31716183
2010-12-10,201.11879460,209.92334017,199.60040593,208.68009949,26529301
2010-12-13,208.71067344,213.18429104,205.84715601,212.31809998,16834458
2010-12-14,212.57283100,216.03758105,212.36901417,215.06948853,20081132
2010-12-15,214.81475288,216.85285346,211.14619906,214.79437256,21436026
2010-12-16,215.56883046,216.03759150,211.97159453,215.39558411,15530788
2010-12-20,212.98047257,217.66808356,212.89895127,215.37522888,15858100
2010-12-21,216.01720581,219.07433588,215.68091688,218.71766663,16089753
2010-12-22,218.64635890,219.09473965,213.66323336,215.23255920,15132141
2010-12-23,215.58923017,216.99551343,214.10142561,215.91532898,14589936
2010-12-24,214.61097866,216.95478443,213.99955521,215.97650146,9452996
2010-12-27,215.69110197,217.83110385,214.23386809,215.06948853,5782048
2010-12-28,215.28350604,215.97646429,212.41998878,213.57151794,8857349
2010-12-29,213.65304665,215.01856927,213.24542653,213.71418762,11184510
2010-12-30,214.48870292,215.17145754,213.23527188,214.24412537,14561753
2010-12-31,215.64015668,217.36234840,214.65168381,215.77262878,9973432
2011-01-03,217.05665892,217.36237741,214.52943051,215.14085388,10411256
2011-01-04,216.03760484,220.09339829,215.48732247,219.52273560,22021878
2011-01-05,220.11378451,222.15188506,218.07569756,219.25779724,25943243
2011-01-06,219.70618294,222.43722839,219.00304806,221.25514221,21763180
2011-01-07,220.37873518,221.69330693,215.62998350,217.13816833,17875107
2011-01-10,217.13821623,218.16745006,208.12985228,210.62651062,18478415
2011-01-11,211.96141989,213.73456257,203.52373408,206.61143494,21147094
2011-01-12,208.01772256,211.07485299,204.42048629,210.08638000,23195000
2011-01-13,209.92334518,211.78819944,206.07135471,206.93754578,24336418
2011-01-14,206.67259086,209.88258750,203.40145324,204.11479187,19111808
2011-01-17,204.42048152,205.43953858,202.18878152,203.38105774,14046519
2011-01-18,204.79753211,205.43953956,201.77097222,202.75944519,14871527
2011-01-19,203.72754035,204.82810512,198.71384429,199.76345825,23491557
2011-01-20,199.24376008,199.24376008,194.54595874,197.66423035,41343304
2011-01-21,198.71387344,202.28052611,198.30625327,201.11882019,19528676
2011-01-24,202.81038621,202.97342880,196.49230891,198.02087402,22242712
2011-01-25,199.14180091,200.74171061,194.89238130,195.35095215,20325555
2011-01-27,196.87956555,197.16489011,191.58053120,192.13081360,28105152
2011-01-28,192.59954570,192.78296861,183.83574846,186.07765198,33855702
2011-01-31,185.23188212,189.30807000,184.05998610,187.36169434,25332450
2011-02-01,188.54377193,189.07367402,181.09455862,182.51103210,37898873
2011-02-02,185.46628767,189.11446182,184.91600517,187.76933289,28465716
2011-02-03,189.13482938,193.10911574,186.48531874,192.37539673,17047728
2011-02-04,193.08870571,193.08870571,186.10824044,187.50433350,20715343
2011-02-07,188.66606301,191.33596750,186.36303161,189.34883118,14586353
2011-02-08,190.70413843,190.70413843,185.72099943,186.53623962,19685333
2011-02-09,185.14017125,191.00986875,184.17207849,186.34265137,38228022
2011-02-10,185.97578030,187.66738817,180.39140773,183.35682678,28347803
2011-02-11,183.41795422,186.48528828,180.99262758,185.45605469,20012347
2011-02-14,184.67139159,187.14766913,182.22568454,186.44453430,30145949
2011-02-15,186.36300840,192.55880397,185.73119113,191.92698669,27266420
2011-02-16,191.23403912,193.78164769,191.19327847,192.42631531,11041551
2011-02-17,193.18040448,194.72934987,190.81621895,194.42364502,14091434
2011-02-18,194.85164411,196.26811748,189.95003999,190.67356873,15747939
2011-02-21,190.78564297,195.84009905,190.39840323,194.91278076,25629860
2011-02-22,202.17863942,205.72491203,199.58006575,200.72140503,88922943
2011-02-23,201.03725089,204.27781776,200.75192635,202.92248535,31184499
2011-02-24,202.99381541,203.52373106,195.32040551,196.51269531,32903650
2011-02-25,199.87553461,200.19144324,194.54593032,196.93049622,15101417
2011-02-28,197.73556008,202.64736842,195.65671236,196.52290344,22487428
2011-03-01,198.44890465,202.32127564,197.12414257,201.53660583,12622459
2011-03-03,198.75460526,200.75193155,197.30756135,199.20297241,19518684
2011-03-04,200.68062130,202.74927895,199.34566904,200.18128967,15419957
2011-03-07,198.53038917,200.40543334,196.47192210,199.13162231,11821324
2011-03-08,199.32530185,202.26015082,199.32530185,200.74177551,12057689
2011-03-09,201.50602122,204.70582758,197.30756529,202.55564880,32473255
2011-03-10,202.32123474,202.38237571,200.14047216,200.70095825,9853822
2011-03-11,199.48829200,202.76961930,198.13295968,202.18876648,15000438
2011-03-14,202.37221306,208.03810688,202.22955078,207.54896545,28811267
2011-03-15,203.39125592,213.91799345,201.54678203,211.40095520,56447390
2011-03-16,212.98044687,215.01854723,211.57416374,213.40844727,20605120
2011-03-17,211.81874943,213.75493464,209.51570477,210.09655762,12381790
2011-03-18,210.94239801,210.94239801,201.07803403,202.38241577,40501886
2011-03-21,203.61544035,203.80905343,199.95706328,201.83210754,15546778
2011-03-22,202.39260480,204.80774156,202.20918186,203.73774719,9793572
2011-03-23,203.77852164,207.20251203,202.95309114,206.50956726,11419987
2011-03-24,207.04963540,208.28268593,204.59373810,205.90830994,11233928
2011-03-25,208.68008124,209.91313165,205.84713460,209.23037720,15392440
2011-03-28,209.15908888,211.21757017,206.72357150,209.04699707,19079527
2011-03-29,207.88525193,210.33095902,207.80373063,208.44572449,18101992
2011-03-30,209.41381784,211.45190482,208.72085956,210.43286133,12257428
2011-03-31,210.84047672,214.99818549,210.84047672,213.81608582,31502965
2011-04-01,213.80588594,217.24006580,210.12712859,211.22770691,18772571
2011-04-04,211.96143104,214.97781452,209.71954076,214.13200378,13111730
2011-04-05,214.50904182,215.83379014,211.96141957,213.52056885,10756797
2011-04-06,212.98046062,214.86569508,211.96141718,212.94989014,9083271
2011-04-07,212.99067249,213.50019426,210.96277556,212.34867859,10163661
2011-04-08,212.36904727,214.18295067,208.01772530,208.68009949,11995738
2011-04-11,206.45857584,207.77313396,204.55296110,204.88923645,11296579
2011-04-13,204.18610844,208.70047286,203.11611417,208.25210571,19116564
2011-04-15,207.61009635,208.87371730,204.82810039,208.07885742,14174275
2011-04-18,207.72219682,212.91932951,203.93134742,205.67391968,14793743
2011-04-19,204.76695256,207.36552551,203.55429607,206.18342590,12022958
2011-04-20,207.07000098,210.02522965,205.48029486,209.08770752,10315413
2011-04-21,210.90160844,212.81741334,209.92332567,212.08369446,14934401
2011-04-25,206.66240356,208.08906725,204.85869023,205.71469116,18138998
2011-04-26,205.64336882,205.64336882,203.30975329,204.04347229,17652410
2011-04-27,204.82809485,205.66371535,199.75325807,200.97610474,24710243
2011-04-28,202.17859565,202.38239890,197.69478803,198.18392944,35712321
2011-04-29,198.71385773,201.36336821,197.95975844,200.49717712,14936357
2011-05-02,200.52774293,201.11879960,195.92166678,196.62480164,13609544
2011-05-03,196.69614866,197.16490981,191.79454378,192.37539673,22028515
2011-05-04,192.59957147,194.99432773,191.58052799,193.13966370,11668233
2011-05-05,194.37740309,198.19296048,194.09971528,195.39556885,19582976
2011-05-06,196.02291313,197.46274579,195.22071613,196.44458008,12916462
2011-05-09,197.46276578,198.70719830,195.69382402,197.31878662,8012908
2011-05-10,197.31877709,198.26495328,194.69621724,195.56011963,8143376
2011-05-11,196.22859771,197.13362316,194.06884200,196.52684021,8197011
2011-05-12,195.71437432,196.38287640,193.55463217,194.48023987,9218985
2011-05-13,194.42883019,197.87414184,192.92729207,194.99447632,13906027
2011-05-16,195.40586091,195.69381923,193.66777186,194.37741089,7008149
2011-05-17,194.51106776,194.74760490,188.66946400,189.36880493,17384039
2011-05-18,189.23511414,190.02702683,184.78192166,185.50183105,24814804
2011-05-19,186.84912342,189.64651495,186.09836128,188.30952454,18072585
2011-05-20,188.91626668,190.42808859,187.23989721,189.89329529,13873483
2011-05-23,189.02944940,189.64651662,185.80010667,187.05480957,14836682
2011-05-24,186.35545279,189.42023393,186.35545279,188.36093140,11107409
2011-05-25,188.02153898,188.02153898,185.32700363,186.35545349,13112272
2011-05-26,187.71301963,192.70100580,187.40447917,192.08393860,30001792
2011-05-27,192.13538282,196.00236152,192.13538282,194.46997070,15134521
2011-05-30,195.18986459,196.02291426,192.16622009,193.11239624,7564463
2011-05-31,194.37738181,196.61939757,192.79355638,195.78636169,14083332
2011-06-01,195.81720481,197.18504774,194.09968456,194.74760437,8042814
2011-06-02,192.63928837,196.37257145,192.63928837,195.62179565,9418728
2011-06-03,197.56555298,198.90254316,191.60053888,192.23817444,19110238
2011-06-06,192.24847432,193.51347504,190.91148403,192.88612366,6149800
2011-06-07,192.02222400,197.46272951,192.02222400,197.10276794,17612490
2011-06-08,196.48571964,196.62969879,194.16141615,195.24128723,14205061
2011-06-09,194.89157133,197.02046024,194.78872910,196.22856140,9152117
2011-06-10,196.45486040,196.63997644,191.71369555,194.27453613,11068775
2011-06-13,194.01743461,194.01743461,189.44081726,190.38699341,12923374
2011-06-14,190.32528313,191.65198929,187.17822804,187.45590210,18967099
2011-06-15,187.58959187,189.00885591,184.83333759,185.23443604,20156715
2011-06-16,185.32699383,185.32699383,181.85083017,182.56045532,24969151
2011-06-17,183.33180366,183.74318634,177.96328783,178.69348145,22029696
2011-06-20,179.97905360,179.97905360,170.33217697,171.39147949,30300033
2011-06-21,172.75931848,175.86523642,172.22452512,174.55911255,17413744
2011-06-22,175.52588863,176.51320174,171.57662245,173.97291565,20107599
2011-06-23,174.12714115,179.50594054,173.99343253,179.05342102,20713868
2011-06-24,179.80421724,180.94580734,175.98866013,179.23857117,31670322
2011-06-27,178.27181203,181.37774367,177.27421488,179.26940918,14349371
2011-06-28,180.78122942,180.78122942,177.30506577,179.17684937,10219645
2011-06-29,180.12304526,182.65303317,179.38256736,182.08738708,12430639
2011-06-30,182.79702696,185.53269937,182.44734959,184.81278992,21744714
2011-07-01,186.56114700,186.56114700,176.21492877,177.29479980,28677893
2011-07-04,179.85563851,180.88408834,177.92213581,178.62149048,16499512
2011-07-05,178.80663956,178.80663956,173.60268412,174.00376892,33805768
2011-07-06,174.60025271,176.58516284,172.92386930,175.43328857,26877909
2011-07-07,176.48235769,179.95852220,175.91669780,179.09461975,20137982
2011-07-08,179.56764850,179.77333295,175.24815142,175.83436584,20937538
2011-07-11,175.65954309,176.88339311,174.21971066,175.51556396,9598807
2011-07-12,174.32258705,176.35891856,173.95234122,174.37400818,13066390
2011-07-13,175.46415464,178.88891129,175.06306987,178.01472473,17029770
2011-07-14,177.57248400,180.57555989,176.76000282,178.44667053,13312532
2011-07-15,178.47754864,180.18477132,177.92217299,179.60884094,10206245
2011-07-18,179.34141198,179.75279469,177.75760024,178.45695496,6582763
2011-07-19,178.43638047,181.29546340,178.12784002,180.89437866,9822813
2011-07-20,182.24162324,182.40618454,178.70375439,180.22586060,11180149
2011-07-21,180.17447613,180.17447613,176.38977142,177.06855774,7886175
2011-07-22,178.12782643,180.39042419,177.40790335,179.63964844,15303807
2011-07-25,183.47580281,183.47580281,180.83268837,181.59373474,21905216
2011-07-26,182.70446687,183.09528117,178.82720408,179.25915527,20462017
2011-07-27,179.97907585,179.97907585,176.71888035,177.06855774,13675826
2011-07-28,175.86521359,175.86521359,171.42230596,172.23478699,31299376
2011-07-29,172.77989727,174.27115099,169.31401757,170.30133057,21393442
2011-08-01,172.36849700,172.36849700,168.94375455,170.89781189,14242019
2011-08-02,170.21904072,172.55362825,168.35755496,172.22453308,16570663
2011-08-03,170.05448079,171.99825394,169.30371875,169.70480347,14085375
2011-08-04,170.31163375,171.06239593,166.61948697,167.09257507,13737415
2011-08-05,164.44944210,164.44944210,160.23278657,162.90675354,26222826
2011-08-08,159.75972176,163.81181656,157.76452704,160.57218933,22242669
2011-08-09,154.88485265,160.23280078,154.88485265,157.41484070,32649029
2011-08-10,161.53891306,162.49537340,157.35312387,158.94721985,17746463
2011-08-11,158.04217845,161.45663704,157.35312170,158.83409119,10890149
2011-08-12,161.05554513,161.05554513,155.91328217,156.50978088,17222470
2011-08-16,156.32467159,158.85465942,155.23450263,156.14982605,11286937
2011-08-17,156.42751098,159.28660767,154.47345348,155.29621887,13545843
2011-08-18,155.85159297,156.32468105,151.59380028,152.45770264,17126872
2011-08-19,150.36994157,152.00518831,148.36446272,150.67848206,20399978
2011-08-22,150.35963325,156.29380877,149.24890964,155.70758057,15542731
2011-08-23,156.39665958,158.79295247,153.75353159,157.40454102,17536780
2011-08-24,157.14741810,158.27872392,155.50190107,156.59205627,12987792
2011-08-25,156.65375631,158.17586260,154.31916890,154.98767090,21214238
2011-08-26,154.47347065,155.52248909,146.45154154,147.97364807,19501819
2011-08-29,150.38020891,156.30410050,149.81456285,155.30650330,18316877
2011-08-30,157.35313841,163.79124200,157.14744017,160.97328186,34217075
2011-09-02,163.87351497,167.37026143,162.38226110,165.67330933,34086257
2011-09-05,163.42097965,164.34658731,161.04525517,162.25883484,19981247
2011-09-06,161.09670368,169.79740537,159.71857631,168.97463989,31333473
2011-09-07,169.48884414,173.49980133,169.42713879,171.44290161,31438175
2011-09-08,171.44289811,176.68800326,167.53478324,175.34072876,35284258
2011-09-09,175.27903754,176.59545947,169.42714898,169.84881592,29564130
2011-09-12,166.68114826,169.16999880,163.57523061,165.84809875,18579499
2011-09-13,167.26736638,169.64309053,163.88376092,166.66058350,25400442
2011-09-14,167.41138466,170.67156621,165.62187468,169.77682495,20539026
2011-09-15,171.34008724,172.49194797,167.33941362,172.01885986,20407052
2011-09-16,174.83678603,174.83678603,168.87177155,169.82823181,26810791
2011-09-19,169.69453427,170.54815234,167.76104517,168.98490906,12796090
2011-09-20,169.28315369,175.64926660,167.90502653,175.20703125,18437927
2011-09-21,175.02189642,175.02189642,171.19606923,172.28622437,17030216
2011-09-22,169.47857023,170.29105143,160.43847593,161.74461365,27298045
2011-09-23,159.18374527,163.03015444,157.16796895,158.50495911,38513013
2011-09-26,158.21700853,158.52553523,153.76380253,156.16009521,27202137
2011-09-27,159.20434647,164.69627361,158.79296374,163.97636414,22046959
2011-09-28,164.50087334,165.84813426,162.31026478,163.97636414,25034598
2011-09-29,162.59820900,167.17481188,161.35377681,166.13607788,31511671
2011-09-30,165.27217827,169.26256676,163.00959422,166.26977539,34944185
2011-10-03,162.74220451,164.53171444,161.28180348,162.12513733,21109422
2011-10-04,161.26124985,162.65994566,157.40455558,158.71069336,26251892
2011-10-05,158.90608752,160.00652702,156.68462632,157.76451111,20734666
2011-10-07,161.81657366,166.19777611,161.44632791,165.14875793,19911027
2011-10-10,165.42647598,170.90811873,165.41619176,170.56872559,14846381
2011-10-11,171.75145742,173.06786566,169.18031881,170.10592651,15716423
2011-10-12,170.59959656,175.22763543,169.91053971,174.76483154,17269967
2011-10-13,174.83680865,176.48233957,173.21185992,174.19917297,18353721
2011-10-14,173.19129168,178.88891708,173.08843570,178.31297302,17871109
2011-10-17,178.33352514,178.71405516,170.95953055,171.50460815,22052401
2011-10-18,169.69455681,169.98252886,166.88689455,168.64553833,18299531
2011-10-19,169.79741281,173.80837067,169.50944076,173.39698792,11872557
2011-10-20,171.72059793,172.96501656,169.07746986,172.51249695,9971735
2011-10-21,172.77990249,174.67225474,170.94925559,171.90571594,10342733
2011-10-24,174.42540904,175.65955711,173.51008565,174.11688232,9081569
2011-10-25,175.86524035,181.20290359,173.22212615,180.17445374,22735907
2011-10-28,185.05957152,185.94404211,181.85081173,185.12127686,24528852
2011-10-31,184.70995751,184.97734736,179.47513583,180.50358582,15872042
2011-11-01,179.05345168,180.69896875,176.40003945,177.01712036,16384499
2011-11-02,175.86523604,181.20289915,175.86523604,179.32083130,13751121
2011-11-03,178.48777005,182.93067761,177.51074148,182.22103882,16042287
2011-11-04,186.14977022,186.14977022,179.49568499,180.99722290,18251373
2011-11-08,180.80184058,182.03597506,178.64208465,181.76858521,10120202
2011-11-09,183.07466554,183.60945885,177.13022006,177.91183472,11664515
2011-11-11,176.68800370,182.81757958,174.85735695,182.10794067,21739364
2011-11-14,183.35239360,184.29856975,179.56768898,180.32873535,15996247
2011-11-15,179.15629735,180.59612997,176.12236876,177.19195557,9897941
2011-11-16,176.70859735,176.70859735,172.23483579,174.44599915,13313254
2011-11-17,173.81860736,174.55909887,165.83781700,166.59887695,24227745
2011-11-18,164.61400348,167.01029659,161.87831720,166.21838379,21690327
2011-11-21,164.55228934,164.55228934,160.74701640,161.74461365,17715656
2011-11-22,162.10457088,165.46760834,161.79603042,163.56497192,19171804
2011-11-23,162.47480759,162.47480759,155.46077418,159.08091736,23710270
2011-11-24,159.41002528,160.02709248,154.91569558,159.02949524,27857321
2011-11-25,158.31987227,158.63868323,154.47346239,155.04939270,16185464
2011-11-28,157.35312966,161.63149076,156.84918891,161.22010803,11033484
2011-11-29,160.84983561,160.84983561,156.14980834,157.35310364,21013969
2011-11-30,155.64589715,161.11726965,154.90541921,160.07852173,19988986
2011-12-01,164.34658813,166.76344952,163.56497335,164.34658813,20626920
2011-12-02,163.93520561,167.63763624,161.78574778,167.03085327,19598467
2011-12-05,166.26978425,167.06169695,164.21288456,165.94068909,13827937
2011-12-07,165.99212388,168.56324872,165.21049535,166.56805420,15373615
2011-12-08,164.96365228,166.13608120,158.81350821,160.20191956,19435800
2011-12-09,158.36100289,158.36100289,154.82313362,155.44020081,22070197
2011-12-12,156.43782071,156.73607699,148.91983198,149.63975525,22298377
2011-12-13,148.89925524,153.44502009,148.30275645,152.68395996,22873371
2011-12-14,151.79947237,155.06995174,150.85329630,152.60166931,23206895
2011-12-15,150.54479132,155.19338485,148.81698650,154.29862976,28922246
2011-12-16,154.06208376,173.72608485,147.28458728,148.47758484,25499308
2011-12-19,147.93249385,152.19028618,147.09944424,151.24411011,20623197
2011-12-20,152.56055382,152.56055382,145.87561501,146.74980164,24282464
2011-12-21,149.53690147,155.03911287,148.65243066,153.85639954,19963870
2011-12-22,152.48855503,156.38638611,150.77103455,155.20365906,19571514
2011-12-23,156.32468969,158.33016858,152.70453247,153.52729797,15360163
2011-12-26,153.66092395,157.31193220,153.35238359,156.53030396,10396517
2011-12-27,157.55884018,158.11420214,153.31133105,154.89515686,13449406
2011-12-28,155.85159828,156.01614588,151.25441228,152.01547241,12376536
2011-12-29,150.90471495,152.00516810,145.46420947,146.43095398,23840441
2011-12-30,146.65722429,148.21018333,141.72064566,142.53312683,29146195
2012-01-02,143.32502692,145.98870939,141.34011691,145.33050537,18808107
2012-01-03,146.50295768,149.51631795,146.11214340,149.05352783,20489219
2012-01-04,149.61919537,150.34938917,146.72924537,147.30517578,18541902
2012-01-05,147.06857789,149.11520694,142.76964907,143.88038635,28959200
2012-01-06,143.37646719,148.91981530,143.29419339,147.59310913,20575210
2012-01-09,146.95548349,146.95548349,144.48720076,145.26882935,18386646
2012-01-10,146.45151312,152.00515844,146.45151312,151.42921448,19720278
2012-01-11,151.77890337,154.88483514,150.46248150,153.90780640,21183286
2012-01-12,153.75350650,154.87452795,150.68872581,151.57319641,14225123
2012-01-13,152.62226800,154.46319940,149.76317076,150.52423096,20530513
2012-01-16,150.14367452,150.14367452,146.24584366,146.64694214,17794345
2012-01-17,147.27430551,153.11591015,147.27430551,152.63253784,22738488
2012-01-18,156.73607352,162.06345339,155.92359224,160.38706970,40461227
2012-01-19,162.28968848,163.71923687,160.87042432,161.60063171,23989114
2012-01-20,162.49539015,164.55230391,158.80325708,163.04048157,31725274
2012-01-23,155.35792472,160.38704763,155.33735627,158.70039368,28250482
2012-01-24,159.32777063,162.82450351,158.46386820,161.20983887,22291662
2012-01-25,162.22799204,163.52384558,161.01441230,162.69079590,16786908
2012-01-27,164.55229372,170.29105596,164.34659549,168.74836731,24347771
2012-01-30,167.41137826,168.42954391,162.94788769,163.47239685,21126187
2012-01-31,165.47791703,168.83067077,164.84026757,168.06961060,27405612
2012-02-01,168.43986037,171.54577902,167.84336152,170.96984863,16522676
2012-02-02,171.75145261,173.33526439,169.51970722,170.56872559,21445055
2012-02-03,170.72298401,172.77988363,167.77131576,172.43020630,19989261
2012-02-06,173.99347127,174.73396292,169.50942570,171.34007263,17430906
2012-02-07,173.19131105,175.39219036,171.59720108,173.71582031,21068816
2012-02-08,174.21973387,177.86044546,173.80835116,176.56460571,15957543
2012-02-09,176.22519131,176.87311111,173.31467374,175.62869263,18851741
2012-02-10,174.90879589,176.68802171,172.36852371,173.44839478,14952871
2012-02-13,173.00618757,176.64691360,172.98561912,174.68257141,15284147
2012-02-14,174.19915199,176.15320942,173.39695508,174.61053467,13711512
2012-02-15,175.70067717,176.01950181,171.35032727,172.09080505,31421021
2012-02-16,170.92867019,170.92867019,165.51901756,167.11311340,27747347
2012-02-17,169.08778079,169.98253592,166.65035055,168.29586792,35922700
2012-02-21,168.15185432,174.57968655,167.65819784,173.51008606,36457910
2012-02-22,174.42542406,176.35891326,170.74357545,171.42234802,25146771
2012-02-23,171.13435963,174.81622162,170.02363599,172.69761658,19105924
2012-02-24,171.44294581,173.12961390,167.53482985,168.65583801,18746068
2012-02-27,169.03632714,169.81795564,157.42510857,160.73672485,27772012
2012-02-28,162.29997628,164.62427970,162.02228848,163.83236694,23140014
2012-02-29,165.59100082,170.29102812,165.40588481,168.82034302,27846970
2012-03-01,166.97941095,168.39867493,164.77851855,166.80456543,12960682
2012-03-02,167.89473472,168.25468253,165.73497920,167.45249939,12687228
2012-03-05,167.03086253,167.43196104,163.36956859,164.03807068,13074509
2012-03-06,163.93517772,166.40347354,159.20431171,159.72882080,35129404
2012-03-07,159.72884273,159.92424299,154.47345319,156.69490051,28202989
2012-03-09,159.47173475,160.35620555,158.21703186,159.16320801,17249418
2012-03-12,162.49538614,165.16936709,160.37678082,164.25404358,15041933
2012-03-13,165.26194711,169.06722081,165.23109443,168.65583801,16117008
2012-03-14,170.31158193,170.72296455,165.93037965,167.53475952,17623820
2012-03-15,168.25470773,168.91292557,163.19473188,163.86322021,20258209
2012-03-16,160.43847197,164.07919723,157.83649456,158.86494446,25168501
2012-03-19,160.64418264,161.05556537,154.49403751,155.31680298,15978638
2012-03-20,155.52245137,157.64105618,154.32945407,156.43777466,10455362
2012-03-21,156.32469769,159.10150736,155.31681608,157.98049927,14211666
2012-03-22,157.53823967,158.67982977,150.56534328,151.46009827,29243875
2012-03-23,152.99247842,154.16490738,151.82003572,153.04389954,26956646
2012-03-26,153.01305837,153.01305837,149.53689438,150.17453003,23135333
2012-03-27,151.79948251,151.96404384,149.14608388,150.36993408,27194700
2012-03-28,150.15395621,151.36752212,148.19989870,149.26948547,18072694
2012-03-29,147.68568473,150.09226201,147.68568473,149.05352783,23976904
2012-03-30,150.05113798,154.88486140,149.55748141,154.39120483,17276879
2012-04-02,154.13408377,154.44262427,152.01547836,152.32400513,11220694
2012-04-03,153.08503144,156.92115661,153.08503144,154.82312012,17515593
2012-04-04,153.23929787,155.70758018,152.92048694,153.65068054,11813695
2012-04-09,152.22114029,153.85638685,150.99729015,152.65309143,11411688
2012-04-10,153.44502148,153.65070599,151.82005896,152.75595093,8370104
2012-04-11,152.00514684,152.00514684,149.39287195,150.21563721,16304095
2012-04-12,150.83271831,153.36271966,150.83271831,152.88961792,11779103
2012-04-13,153.45531656,156.73608078,151.69665899,154.58660889,14214624
2012-04-16,153.67127015,154.97740792,151.38810355,153.87696838,10518035
2012-04-17,155.25508905,155.25508905,152.28286550,153.52729797,13893966
2012-04-18,154.26775564,155.66645131,152.76621772,153.97979736,14998238
2012-04-19,155.06995073,155.06995073,151.90231362,152.55024719,18399192
2012-04-20,152.22114865,152.41656265,149.74258185,150.32879639,14922257
2012-04-23,149.30034229,153.39358718,148.96094915,151.44981384,22106609
2012-04-24,152.00516934,152.31369606,148.85810069,151.20297241,16664900
2012-04-25,150.99729424,152.80735893,149.75286189,151.44981384,13586437
2012-04-26,151.61435521,154.06206917,150.89443207,153.24958801,15180399
2012-04-27,152.47824378,153.68152534,151.49093090,152.62222290,12501799
2012-04-30,151.69661409,153.83578740,151.69661409,153.25985718,12147744
2012-05-02,153.83579648,154.55571959,152.21084796,152.94105530,12520177
2012-05-03,151.90234666,153.12621078,151.21328977,151.97434998,8299657
2012-05-04,150.85328480,152.21084347,148.50841324,149.42373657,16529947
2012-05-07,147.06859258,148.50842515,145.03226129,147.21258545,20084811
2012-05-08,147.68565455,147.87077056,143.77754004,145.70074463,16997816
2012-05-09,144.39460572,145.69045897,142.14229230,142.97534180,16058311
2012-05-10,143.41761925,145.71107023,142.03949181,142.77998352,14838445
2012-05-11,142.54341580,144.60031562,141.57667123,143.40731812,13310297
2012-05-14,143.57185234,144.55916526,139.57117954,140.13682556,17853868
2012-05-15,139.66373894,141.51495412,138.65585757,140.20881653,16170682
2012-05-16,138.84097882,140.44537270,138.43988036,139.06724548,13569502
2012-05-17,139.92086006,141.89548595,139.41691937,140.92874146,15576334
2012-05-18,139.23180449,143.24276203,138.84099021,141.62809753,10341793
2012-05-21,141.20641722,144.12721919,141.10357498,143.05763245,10211280
2012-05-22,144.92939507,144.92939507,141.66920045,142.15257263,12853294
2012-05-23,140.93901724,141.91604590,139.77685883,141.27839661,11301566
2012-05-24,142.74912166,143.98326998,141.12417276,143.01652527,10498664
2012-05-25,142.95480053,143.01650588,141.62809436,142.17317200,13496281
2012-05-28,142.33773677,144.60032117,142.33773677,144.32264709,11265492
2012-05-29,144.43575910,145.99900232,143.47929882,144.36376953,15024360
2012-05-30,143.91127041,145.76248589,142.98566267,145.26882935,15403723
2012-05-31,145.26028354,151.93974592,142.20711195,147.05258179,39482174
2012-06-01,147.41731634,147.85497434,141.31097245,142.81150818,17921568
2012-06-04,141.09209983,145.26026283,140.34183912,144.37452698,14269847
2012-06-05,145.05187206,147.13596088,144.86431033,146.41694641,13284608
2012-06-06,146.81293176,149.63686147,145.57289850,149.19920349,23252900
2012-06-07,150.27251333,152.53374409,149.27215614,150.31419373,27944820
2012-06-08,149.63686875,152.53373928,148.44893592,152.07524109,12717493
2012-06-11,152.70043732,153.47155223,149.65768589,150.52256775,9954345
2012-06-12,149.01163641,151.30412740,148.88659524,150.66848755,11961991
2012-06-13,150.52259697,150.87689421,148.46978207,149.28257751,9950023
2012-06-14,149.22001283,150.22036974,148.18839563,149.29295349,7479627
2012-06-15,149.74106100,152.09607243,149.74106100,151.46041870,9936719
2012-06-18,152.21067325,153.07556899,148.38638696,149.82440186,10034412
2012-06-19,149.42843928,154.09678158,149.42843928,153.69038391,7804051
2012-06-20,153.80500331,154.83662067,152.76296586,153.67996216,10313366
2012-06-21,152.97134568,152.97134568,148.05290836,149.78269958,22609240
2012-06-22,148.70941727,148.99075983,146.62534264,148.17797852,19130296
2012-06-25,148.84490098,150.66847351,148.38640282,149.26171875,11114641
2012-06-26,149.53264299,151.19991409,148.89700318,150.78309631,16084241
2012-06-27,151.38747320,152.05438720,149.63685527,150.57469177,7708056
2012-06-28,150.97065953,151.67925393,149.35550281,150.03283691,11903391
2012-06-29,151.11653358,154.40938105,151.11653358,153.77372742,16771028
2012-07-02,153.28398459,154.38854262,152.16900646,153.67996216,6831968
2012-07-03,154.21141202,154.77411117,152.40867959,153.46115112,10294922
2012-07-04,154.22182218,154.22182218,151.89807113,153.02348328,9347118
2012-07-05,153.16937736,154.72201358,152.56499781,153.95091248,7805552
2012-07-06,153.80499373,153.80499373,152.03353574,153.14851379,9259557
2012-07-09,151.92931002,152.92966695,151.32493061,152.51286316,7798797
2012-07-10,152.43993021,154.63864010,152.30446896,154.15930176,5974354
2012-07-11,152.85676284,153.51325680,150.47049098,151.23118591,11937173
2012-07-12,150.44962279,152.09605352,149.44926581,150.30374146,10066480
2012-07-13,150.05367516,151.40831553,149.01162377,149.74105835,11373177
2012-07-16,150.05367676,150.91855869,149.02204545,150.12661743,7307313
2012-07-17,151.05404525,151.71052530,149.49097498,149.91821289,11396875
2012-07-18,149.63684284,150.43920411,148.42807002,149.17834473,8552746
2012-07-19,150.09534866,152.11690294,149.63685052,151.67924500,11681226
2012-07-20,150.53300110,151.89806146,149.43884932,150.60594177,12406980
2012-07-23,149.01162507,151.26243550,148.65734178,149.84526062,10221032
2012-07-24,150.26206632,151.48124536,149.70978734,150.99150085,8035118
2012-07-25,150.13701497,151.00191068,148.41764363,149.89733887,8748220
2012-07-26,150.24122944,150.24122944,147.27141860,148.00083923,14016845
2012-07-27,149.84525195,151.47082867,149.25129256,150.26206970,13466410
2012-07-30,150.67888791,152.51288046,150.43921179,152.05438232,6963876
2012-07-31,152.47121409,155.49312570,150.26208396,154.97210693,13479810
2012-08-01,154.27390122,156.49345100,153.93002418,155.62855530,14431906
2012-08-02,154.65949062,155.80572912,153.54451241,154.12805176,7974567
2012-08-03,153.17975884,155.88906691,152.25234260,154.75323486,10943814
2012-08-06,155.89951938,164.51717590,155.89951938,163.81901550,37384710
2012-08-07,163.81901426,165.88224905,162.08922257,163.33967590,19670296
2012-08-08,163.61057675,166.51786681,163.08955807,164.80892944,18370923
2012-08-09,164.41297381,165.97603005,161.85998057,162.58940125,12750067
2012-08-10,162.06837220,164.43380356,161.33895157,162.99578857,10678248
2012-08-13,162.45392067,164.64219636,162.45392067,164.25665283,6183560
2012-08-14,164.20458555,167.14313653,164.01700988,166.63253784,16508712
2012-08-16,167.15352118,171.27999023,166.53870773,170.09207153,21632112
2012-08-17,170.45680379,171.91565912,168.73744603,170.08168030,14330179
2012-08-21,170.06082323,171.70724015,169.28970830,169.69610596,11057384
2012-08-22,168.64369013,169.95665038,167.91425540,168.35191345,8748439
2012-08-23,168.92498036,169.10213590,164.21497202,165.58003235,16661033
2012-08-24,165.00692275,165.58004195,162.28720813,162.99578857,15117604
2012-08-27,163.80859270,165.93434805,163.28757395,164.08993530,9154343
2012-08-28,163.98570948,165.45498461,162.25593197,164.68388367,8774153
2012-08-29,164.85062299,166.20527722,162.62065286,163.00621033,8842299
2012-08-30,162.50601362,165.02774616,160.18226288,163.26670837,27245709
2012-08-31,162.55815060,163.47514698,158.95269955,159.72380066,14781765
2012-09-03,160.05722147,160.46361909,158.40038464,159.02560425,9790138
2012-09-04,159.21318964,162.79781412,158.84848626,162.47477722,8754970
2012-09-05,161.56820562,162.54772254,159.26529467,160.71372986,13179587
2012-09-06,159.70292994,161.43272141,159.22359164,160.09890747,5302686
2012-09-07,162.28719778,165.99684911,162.24551740,165.00691223,13821905
2012-09-10,166.72627825,167.42443853,164.46504807,165.06942749,8776096
2012-09-11,164.53799967,165.86139356,163.22503979,164.85061646,13658914
2012-09-12,165.37164558,166.66377926,164.52758995,166.33032227,7772894
2012-09-13,166.33034177,168.49777772,165.53838653,166.54916382,11677889
2012-09-14,169.43557167,176.25050854,168.71657120,175.42730713,36312698
2012-09-17,176.75072682,183.73240070,176.75072682,182.09638977,42430663
2012-09-18,181.35654751,182.12764862,177.41763946,178.31378174,17296128
2012-09-20,175.20849504,176.79239143,172.61382148,173.49955750,15310116
2012-09-21,173.60376244,178.12620958,173.39534660,177.20921326,35935601
2012-09-24,177.14666454,178.77224109,173.55163439,174.30189514,14905003
2012-09-25,174.64579602,176.06297087,173.03063934,175.01051331,13838236
2012-09-26,174.64578138,177.08415329,173.78088563,176.05253601,16657879
2012-09-27,176.14633262,176.72987193,171.78018700,172.94726562,30420370
2012-09-28,174.43738456,176.70902110,173.88509166,174.47906494,14117613
2012-10-01,175.06260094,175.54193926,172.82221083,173.70794678,8712229
2012-10-03,173.90594081,177.86570264,173.86426043,176.33389282,21902919
2012-10-04,177.26129446,179.00150605,176.95911169,177.75105286,12626615
2012-10-05,179.20990523,179.64756315,142.20710331,178.77224731,15714795
2012-10-08,178.09494564,178.09494564,170.11292919,170.76940918,20893020
2012-10-09,172.04067056,172.29075283,169.45640366,169.91490173,11601732
2012-10-10,169.01873987,171.37375070,168.26847918,170.06079102,9380939
2012-10-11,170.68603613,171.31125578,168.66448192,170.88401794,11857119
2012-10-12,170.64436672,172.22826309,170.07124751,170.66520691,10626525
2012-10-15,170.68603477,172.95768516,170.68603477,171.53009033,11181159
2012-10-16,174.83336824,175.05220419,168.81038522,169.32098389,22171959
2012-10-17,170.07125701,170.35259963,167.04933152,167.79960632,20915414
2012-10-18,168.23725844,170.06083099,166.10106909,169.08131409,26601633
2012-10-19,168.33101157,168.91455079,166.59080009,167.30981445,12648708
2012-10-22,165.72592216,170.25878873,164.99648768,169.97743225,14165351
2012-10-23,169.53978272,169.81071911,167.72664435,168.79994202,9493730
2012-10-25,168.83121721,170.62352946,168.22683770,168.89373779,18056661
2012-10-29,167.21607297,169.72738598,167.21607297,169.06048584,10986118
2012-10-30,168.81036489,169.18550225,166.54913455,167.40361023,9337388
2012-10-31,167.38278488,168.25810082,166.30948710,167.87254333,9422473
2012-11-01,165.68424576,168.56027555,164.37127202,168.20597839,18379112
2012-11-02,169.22718854,169.83156803,167.24731463,168.38313293,11547717
2012-11-05,167.48697689,168.59154881,167.11183951,168.00799561,5066549
2012-11-06,167.55995533,168.26854985,165.94479833,167.86215210,15450143
2012-11-07,167.14310323,167.83084345,166.30946777,166.90342712,10418019
2012-11-08,165.26740899,166.37196679,164.59007505,166.01766968,12414461
2012-11-09,165.34039864,167.45573402,163.60018676,164.15246582,10595311
2012-11-12,163.77730924,164.51714990,162.34971447,163.94403076,12661154
2012-11-15,164.40253587,164.40253587,161.94332376,163.51679993,15252390
2012-11-16,164.10034102,165.19449280,160.68245226,161.54734802,14357871
2012-11-19,161.56819056,162.19341022,158.67132045,161.37020874,20723808
2012-11-20,162.70398093,162.70398093,158.84844875,159.50492859,9434023
2012-11-21,159.74460435,161.28683404,158.61920627,160.72412109,8612899
2012-11-22,161.10971236,161.24518753,158.68176017,159.60917664,10486909
2012-11-23,159.64042935,161.68282394,159.64042935,161.25559998,7469469
2012-11-26,161.49525753,162.44351412,160.68246219,161.23474121,4542818
2012-11-27,161.93288660,164.22537694,161.30766702,163.97528076,10808581
2012-11-29,163.80858088,167.55991277,163.11040664,166.37199402,19614256
2012-11-30,165.90308853,168.39356119,164.64221510,165.41333008,18244916
2012-12-03,165.68427727,168.18517019,164.59012532,167.55993652,10320168
2012-12-04,168.00801036,172.08239351,167.97675007,171.87397766,15279225
2012-12-05,172.61382477,174.45823752,171.01950826,173.52040100,13516432
2012-12-06,174.21854454,176.28177911,171.31125440,175.87538147,11534903
2012-12-07,175.28141492,177.08414703,173.07229910,173.93719482,13188809
2012-12-10,173.93724166,174.63540213,171.15499203,172.62426758,8177837
2012-12-11,173.39536488,174.71875903,169.74823330,170.90489197,16253418
2012-12-12,171.93649067,173.97889916,170.75899193,173.52040100,10123422
2012-12-13,173.52039464,175.27101254,173.06189649,173.86425781,11603084
2012-12-14,173.91635881,176.47978596,172.66591944,174.90629578,8950431
2012-12-17,173.91633971,175.97958810,173.18691915,173.84339905,7246381
2012-12-18,173.91636937,174.94800069,172.14491116,173.27030945,7996183
2012-12-19,174.06226365,175.69826059,173.82258751,174.95841980,8718992
2012-12-20,175.46900818,175.46900818,172.87432076,174.61453247,9577572
2012-12-21,173.60377376,173.91637668,171.35296318,171.98861694,9402708
2012-12-24,172.06149545,172.42619873,169.97740718,171.04029846,5704037
2012-12-26,171.31127671,174.20814713,171.31127671,172.61383057,5823779
2012-12-27,173.04104768,173.39533094,169.87324121,170.41510010,16101867
2012-12-28,171.62388587,176.31305449,171.21748820,175.11471558,14550602
2012-12-31,175.12512773,177.10500162,174.39569319,174.96882629,9730755
2013-01-01,175.89625028,176.43810921,174.87503910,175.20849609,6831351
2013-01-02,175.89623518,178.39712768,175.59403850,176.71943665,13441898
2013-01-03,176.85490294,179.64757210,176.02128136,179.38706970,17266808
2013-01-04,179.62675310,180.18945226,177.88655516,179.61633301,13306377
2013-01-07,180.41869950,181.52325756,177.52182918,178.52218628,15307180
2013-01-08,178.20958201,178.83481567,176.70904626,177.28216553,13973797
2013-01-09,177.64689103,179.19952734,176.86536979,177.70941162,17071824
2013-01-10,178.76182564,179.01192183,176.52144951,177.15708923,9239813
2013-01-11,177.66769700,177.77189796,174.28106849,175.04176331,8050294
2013-01-14,175.27101875,177.77191149,174.85420098,176.63609314,7060887
2013-01-15,176.34430329,177.52181585,174.64578594,176.55271912,10387846
2013-01-16,176.32343871,181.50237863,176.32343871,179.51208496,19551254
2013-01-17,179.66840622,186.22284105,179.17864782,185.48298645,22117537
2013-01-18,186.52503293,188.18188384,184.57641933,187.60876465,22754714
2013-01-21,195.50741377,199.02950349,191.32883019,191.72480774,43957346
2013-01-22,191.73523115,193.96520122,190.80781479,191.74565125,18664413
2013-01-23,192.17291354,193.56924830,190.94330034,192.37089539,11701950
2013-01-24,192.77730016,193.47547452,189.02595374,190.80784607,13438049
2013-01-25,190.95370664,191.18296267,188.62996949,190.10966492,14088477
2013-01-28,189.93251826,190.30765566,186.52504918,187.05648804,13400981
2013-01-29,186.52505789,187.98391326,183.41978539,183.99290466,15439403
2013-01-30,184.96197942,188.27566738,184.96197942,187.44203186,17641932
2013-01-31,186.86892610,187.15028263,184.04499637,184.78485107,16733589
2013-02-01,185.76435612,187.52539412,184.14918555,186.31663513,8152817
2013-02-04,186.74387119,187.77548854,184.25339866,184.79525757,13697044
2013-02-05,184.23258326,184.62854697,181.94009224,182.30480957,9708430
2013-02-06,183.49272779,184.00332648,181.48159332,182.49237061,9876509
2013-02-07,181.64828357,183.81573304,180.97096344,181.91921997,8542570
2013-02-08,181.30442560,182.14846728,178.60553726,179.97061157,9584217
2013-02-11,180.27280514,182.35689403,179.35582273,180.98139954,8329895
2013-02-12,181.02305827,183.47185025,180.31447788,182.45065308,9728703
2013-02-13,184.23255868,185.06618028,181.83586700,183.19052124,10533233
2013-02-14,183.39891187,184.11791237,177.35508953,178.40754700,12284945
2013-02-15,178.16790623,178.68892502,173.83302043,176.27139282,14390520
2013-02-18,176.72985708,178.10535144,175.72950008,176.62565613,5310071
2013-02-19,176.93827222,178.18871151,173.86424665,176.81321716,9677020
2013-02-20,178.80356104,183.15927314,178.52220449,182.31523132,14873246
2013-02-21,181.10642023,182.73201077,177.90736746,179.06402588,16214530
2013-02-22,178.91815309,181.73164856,178.81395213,179.77262878,9725304
2013-02-25,180.06440272,180.26238456,177.35510805,178.05326843,9878487
2013-02-26,177.08415395,177.08415395,170.63393395,171.62387085,13474915
2013-02-27,172.97854343,175.26060025,172.38457010,173.24946594,17709146
2013-02-28,174.47908693,174.96884541,167.92465107,169.61276245,27667849
2013-03-01,170.06083034,170.58184908,167.87254051,168.89373779,13906688
2013-03-04,168.58110246,170.52971578,167.74746708,169.35220337,14948007
2013-03-05,170.70690909,173.90596255,170.70690909,172.21786499,13159371
2013-03-06,173.37448813,174.72914228,172.29077037,174.07266235,10778102
2013-03-07,173.23903774,175.37521310,171.73850215,174.33317566,10529882
2013-03-08,175.68781111,178.12618292,175.06259149,177.41760254,10131948
2013-03-11,177.58435422,179.35582633,175.07304132,176.00045776,10569010
2013-03-12,177.25088741,178.08452294,175.80245230,176.69860840,8552523
2013-03-13,175.52110549,178.52217661,175.10428773,176.10464478,9401899
2013-03-14,175.89626104,179.94979010,174.07268840,179.24119568,14790357
2013-03-15,180.22067804,181.18977471,174.70829471,175.82327271,12793329
2013-03-18,174.02057483,175.79203293,173.14525891,173.87467957,8023328
2013-03-19,174.35400945,174.85418796,169.20634300,171.93647766,17970333
2013-03-20,172.85351877,172.93687956,169.50856977,171.45718384,20179135
2013-03-21,171.93645637,173.56204676,167.71620680,169.35220337,16660114
2013-03-22,168.45607122,171.10285907,167.63286972,168.93540955,11876985
2013-03-25,171.01949935,171.59261855,167.19521281,168.65406799,14058667
2013-03-26,167.24730988,167.76832858,162.55812764,163.25630188,19465627
2013-03-28,163.60019389,163.79818966,159.30698844,161.07846069,26513604
2013-04-01,162.76655620,164.80895079,161.26602055,162.29763794,8326610
2013-04-02,162.59984202,165.99689136,162.20386439,165.45503235,11110756
2013-04-03,166.26780818,166.51789051,160.68246937,161.83914185,9321547
2013-04-04,160.99507252,162.13089079,159.26528095,159.96345520,11915658
2013-04-05,160.26566353,163.05833315,159.99474100,162.57899475,12989770
2013-04-08,162.16216989,165.54879883,162.14132970,164.51718140,8878601
2013-04-09,165.07984225,165.80927671,160.70327728,161.92247009,13081885
2013-04-10,162.57895628,163.38133143,160.80749838,162.43307495,12190258
2013-04-11,163.39176101,163.62100311,159.25485781,160.70329285,11428531
2013-04-12,159.84885234,162.64150792,159.43203455,161.58905029,11349794
2013-04-15,161.10967201,166.71584979,161.10967201,165.39245605,16184406
2013-04-16,166.10108343,168.81039224,163.68355126,167.75793457,17774606
2013-04-17,167.94546524,168.72700023,160.30732654,161.24516296,32105722
2013-04-18,161.82872385,163.64186245,161.02634857,162.89160156,13793320
2013-04-22,163.80859723,165.62173582,162.20384666,164.59011841,12790893
2013-04-23,164.95481783,167.93504868,163.81899957,167.49739075,12356228
2013-04-25,168.31020503,172.26995315,168.31020503,170.82151794,25921526
2013-04-26,169.43560007,171.93649285,164.57969588,165.14239502,20852076
2013-04-29,165.28828465,166.49704365,164.31918787,165.19450378,20968563
2013-04-30,165.40290819,166.02812789,161.96417895,164.26708984,17548959
2013-05-02,164.10034608,168.18514891,163.26672449,167.33067322,27236264
2013-05-03,167.35153942,170.04000808,165.66344187,166.83052063,12917135
2013-05-06,167.18478172,171.92605032,167.18478172,171.22789001,9358282
2013-05-07,171.20705732,174.20812839,170.82149987,172.59297180,16529868
2013-05-08,172.99935812,173.58289736,171.32166716,172.90556335,11858396
2013-05-09,172.64508356,173.32240374,169.85241423,170.49847412,8182539
2013-05-10,171.83800406,173.06135796,170.67793899,171.46888733,9081731
2013-05-13,171.55327440,174.11598619,168.48436462,169.37023926,9087230
2013-05-14,168.85345625,170.63575105,167.80939490,168.34724426,8828077
2013-05-15,169.15928257,173.12461182,169.15928257,172.74494934,11255447
2013-05-16,172.11218670,177.97580014,172.00671473,177.31140137,15197535
2013-05-17,177.31140311,178.16564016,173.65191581,176.22515869,12484982
2013-05-20,176.62591356,180.33812982,174.80143576,175.30764771,13237846
2013-05-21,175.29710946,177.17431629,174.07376973,174.76980591,10594235
2013-05-22,175.08622577,175.90881157,171.58491041,172.69226074,12579289
2013-05-23,171.19470542,172.11221736,164.54011440,165.45762634,12798137
2013-05-24,167.34534717,167.61953767,164.35025872,165.87944031,7975390
2013-05-27,169.31747456,175.65567690,168.94835786,174.70652771,18956469
2013-05-28,175.06509193,178.62966709,174.26358382,177.89143372,21734556
2013-05-29,177.27981776,179.24139138,175.79281885,178.84063721,25752389
2013-05-30,178.22894033,178.43985614,175.06511874,176.49937439,18225094
2013-05-31,175.92988188,176.27790703,169.18039322,170.06625366,17159386
2013-06-03,169.51785683,169.86588198,165.62634771,166.18530273,14165128
2013-06-04,166.75478236,168.69526394,164.33972616,164.56118774,14752690
2013-06-05,164.62447124,169.64442218,164.62447124,169.15930176,12748842
2013-06-06,168.73746213,169.56004787,166.22749361,167.05007935,17113393
2013-06-07,167.51409934,169.15929888,164.72994042,165.27833557,9420701
2013-06-10,166.41732936,167.78832445,164.94087636,166.49114990,11361378
2013-06-11,165.25725802,166.94462678,163.52769202,165.70019531,13242164
2013-06-12,165.16231182,168.21012920,164.98301934,166.79695129,12774566
2013-06-13,165.15178871,167.23991145,164.63501684,166.58604431,9726275
2013-06-14,167.93594452,172.92424392,167.91485294,171.82745361,17575615
2013-06-17,172.00676656,174.62220744,171.07870870,174.12654114,11089648
2013-06-18,173.73630941,176.64703208,172.41804335,173.67303467,15658352
2013-06-19,173.37770572,175.75057854,171.88016151,175.42364502,17331546
2013-06-20,172.51293429,172.51293429,167.68283610,168.31559753,17422410
2013-06-21,168.71636879,170.92049529,165.27834259,167.22937012,20486223
2013-06-24,166.62823975,167.92541426,164.20265155,167.18719482,16311628
2013-06-25,168.67417162,172.93478319,167.68283925,169.53894043,19232377
2013-06-26,170.73064943,171.78525649,168.96944635,169.49674988,16661304
2013-06-27,172.21764651,176.53100089,171.77470930,175.06509399,25751492
2013-06-28,183.39652465,184.13475816,178.43986220,181.94117737,48133694
2013-07-01,181.81458594,187.29855117,180.47522848,186.81343079,20497553
2013-07-02,186.26505459,188.10007840,183.23832832,183.89218140,17779689
2013-07-03,181.49822214,182.09934624,178.97769392,179.46281433,12816463
2013-07-04,179.93739725,183.62853645,178.72460322,181.74078369,13233510
2013-07-05,182.73210723,186.61307047,182.73210723,185.68501282,12756629
2013-07-08,183.50200980,184.22968349,181.00258681,182.85868835,14253091
2013-07-09,183.31217234,185.99088787,182.87978080,184.51443481,12922258
2013-07-10,184.39839964,185.57957042,176.96340610,180.54908752,22237458
2013-07-11,182.44736045,184.19801789,181.23456645,183.51252747,11368001
2013-07-12,184.39839272,188.98595223,183.41760607,187.70986938,14371976
2013-07-15,186.87671541,189.80852942,186.87671541,189.16522217,12913233
2013-07-16,187.08762257,190.76820129,186.25447713,189.95616150,12974694
2013-07-17,190.46244121,193.60517175,190.46244121,192.98295593,23132227
2013-07-18,193.62623495,194.03753487,191.77011949,193.46804810,12303560
2013-07-19,193.84770456,195.71435167,192.58216748,194.82849121,14298611
2013-07-22,192.99348628,192.99348628,189.60818871,191.73849487,16958736
2013-07-23,192.37125196,195.10268205,191.35882793,191.84394836,12430954
2013-07-24,191.51700623,193.39421314,188.80665376,191.80174255,13788582
2013-07-25,191.08460431,192.40287020,185.07333548,187.87858582,15831296
2013-07-26,188.18442084,190.61002268,186.76069711,187.75202942,9565406
2013-07-29,187.09818117,189.54487465,186.14903199,186.81343079,9151355
2013-07-30,187.09818311,188.14224441,180.10612773,180.83380127,11393034
2013-07-31,181.10801580,185.54792003,177.72271871,183.93437195,15795755
2013-08-01,184.58821029,186.21230403,178.19727914,179.28352356,11071339
2013-08-02,181.39274218,183.91325621,179.28352801,180.83380127,12821918
2013-08-05,181.39271677,184.11361449,180.49631073,181.71965027,12559130
2013-08-06,181.06581434,182.27860820,175.09672895,177.39576721,12415511
2013-08-07,178.22894502,186.00141802,175.27603916,184.01875305,18794821
2013-08-08,182.94302831,184.01872696,180.79161692,182.58445740,11367214
2013-08-12,183.29102117,184.10307501,177.26920719,178.36599731,8728866
2013-08-13,177.80707999,181.38220120,176.11971143,179.89520264,11537003
2013-08-14,180.54907279,183.08013272,178.74568644,182.44735718,11260259
2013-08-16,182.44738082,182.86922654,172.35477718,174.36907959,27321905
2013-08-19,173.58863723,175.90876706,170.32988998,173.00859070,16150138
2013-08-20,171.07868645,175.23385466,169.80261763,174.08433533,11418893
2013-08-21,175.69787164,176.05644257,164.56119370,165.27833557,15711357
2013-08-22,165.03577865,170.56192777,163.29568097,170.02407837,22293762
2013-08-23,171.62709350,173.94722372,170.53028905,172.85043335,14332191
2013-08-26,173.48318088,175.37093354,170.50918374,173.50427246,9916035
2013-08-27,171.69037379,173.98941250,168.73746789,169.42295837,13094883
2013-08-28,167.70395611,172.65007291,161.12318539,171.22634888,25813146
2013-08-29,172.11222064,180.00069748,171.37398712,178.28167725,30837833
2013-08-30,177.97579195,181.39272592,174.70651310,180.09556580,21443760
2013-09-02,179.95850556,187.72043313,179.95850556,187.03494263,21052445
2013-09-03,187.34073709,188.07897050,174.70652953,175.27601624,17326878
2013-09-04,175.85606867,182.35245864,175.69788181,179.14645386,13323596
2013-09-05,182.02551395,183.44923771,179.51554576,181.93058777,14254145
2013-09-06,183.50196955,184.24018887,177.49068667,183.08012390,15048312
2013-09-10,184.11364095,188.46917864,182.71100874,187.79421997,18493766
2013-09-11,187.50949318,188.33207886,184.37729504,187.24583435,14860857
2013-09-12,187.29858570,190.04057586,183.74455555,184.64097595,17979275
2013-09-13,183.08014318,186.39161989,182.87975908,184.13475037,9825959
2013-09-16,186.86614310,187.23525977,180.12720141,181.76184082,12050423
2013-09-17,180.62291618,182.23646445,179.83195369,181.00257874,10930099
2013-09-18,181.49821176,184.55657508,180.71779521,183.91325378,13704245
2013-09-19,187.30910500,188.97539607,185.72719432,187.84695435,18935509
2013-09-20,186.87670114,190.04053636,183.60742211,186.01193237,18362492
2013-09-23,183.93434377,185.82208210,182.44733132,184.41946411,8875005
2013-09-24,183.92381975,186.57089758,183.11177982,184.47222900,12352943
2013-09-25,184.00820052,184.53550411,177.63836015,179.08317566,17472523
2013-09-26,178.57697071,179.31519014,176.17246004,176.80522156,19874983
2013-09-27,177.59616600,180.23268381,176.54155888,177.15322876,12006474
2013-09-30,175.49749097,178.12347718,172.76606094,173.46209717,15922812
2013-10-01,174.28470385,175.04402892,172.47077156,173.26173401,9108666
2013-10-03,173.67305020,179.05155874,173.67305020,178.64025879,9108321
2013-10-04,177.29034041,181.32949085,176.75249101,180.21160889,9909849
2013-10-07,178.77731430,179.78973822,176.33062082,178.02854919,11265723
2013-10-08,179.22024663,180.27485367,177.00556057,178.21836853,12119312
2013-10-09,177.16379793,183.00633511,176.64704009,181.58261108,11954619
2013-10-10,181.18183018,181.98333834,178.87223189,181.39274597,9371240
2013-10-11,182.44734575,183.08012126,180.19049058,182.09933472,9773103
2013-10-14,182.44738101,184.55660962,182.06773253,183.56527710,12156983
2013-10-15,189.26014923,189.54489966,182.23645563,183.03796387,23041721
2013-10-17,183.50197804,187.29856088,182.37353630,185.68501282,17613513
2013-10-18,185.94868115,191.51701327,185.94868115,191.02134705,22177371
2013-10-21,191.02132838,193.09890517,189.01757212,192.61378479,15143599
2013-10-22,191.39047391,192.13923913,189.30233693,190.71551514,10246173
2013-10-23,190.92644474,191.77012208,187.22475954,189.14414978,8945093
2013-10-24,188.15278966,192.14975641,185.89592037,186.56033325,11717100
2013-10-25,186.47596139,188.31097090,185.47408329,187.08763123,9945744
2013-10-28,187.29855333,190.85259694,187.26691596,187.87858582,15374364
2013-10-29,187.53058448,190.66276852,186.43379418,189.15467834,14450634
2013-10-30,189.09142794,190.44133144,188.71176538,189.43945312,9614780
2013-10-31,189.82963016,193.62622727,188.98595287,192.93019104,19779731
2013-11-01,191.95995625,195.42961990,190.53623229,191.56974792,11890914
2013-11-05,190.53622227,194.40663983,190.53622227,191.87557983,10955587
2013-11-06,191.93887354,194.02699648,188.76449189,189.53436279,9619806
2013-11-07,189.61871816,191.05298790,186.05414245,186.85563660,9792601
2013-11-08,186.87673352,187.29857923,183.74454920,184.75697327,8755784
2013-11-11,184.34565310,186.05412732,181.43493070,182.21534729,8901228
2013-11-12,182.44735059,183.83943702,179.32571247,179.83192444,12169801
2013-11-13,179.26246691,181.68806924,177.61728127,178.10240173,8391536
2013-11-14,179.54721021,182.23645722,179.36791769,179.63157654,8031378
2013-11-18,180.99201387,185.13662195,180.58071399,184.50386047,12073167
2013-11-19,184.55658634,186.64470903,184.55658634,185.26316833,8434885
2013-11-20,184.52495382,186.24395983,180.75999414,181.92005920,13090661
2013-11-21,181.37166322,181.39275480,177.90199976,178.77732849,11465699
2013-11-22,179.49451300,180.64403254,176.98452991,177.96531677,7482129
2013-11-25,178.72457807,180.72833424,178.02854193,179.64208984,10078405
2013-11-26,179.38898508,180.71779676,176.65755528,177.43795776,13965988
2013-11-27,178.12349953,179.17810683,176.17247180,176.74195862,11421820
2013-11-28,177.82819589,180.63346076,177.82819589,178.85116577,12546701
2013-11-29,179.48392030,180.65453112,178.98824002,179.95848083,9884161
2013-12-02,179.91630779,182.01499046,179.76866672,180.40142822,7221751
2013-12-03,180.33812646,182.55281250,179.42061468,181.79348755,9184625
2013-12-04,181.58257049,182.97465683,179.95846272,180.55960083,8761077
2013-12-05,183.92383697,184.97845833,183.09070538,183.71292114,12534404
2013-12-06,183.53364173,184.48279110,181.64588879,182.80595398,7301066
2013-12-09,186.05412236,187.29855365,184.80967698,185.38970947,12704841
2013-12-10,185.29480560,187.44621711,185.29480560,186.59197998,8718563
2013-12-11,186.13851535,186.65527318,184.02930088,186.15960693,4977570
2013-12-12,185.18935974,185.61120544,183.08014534,183.54417419,5690033
2013-12-13,182.86919938,183.10122082,180.89708042,182.38407898,8926111
2013-12-16,181.39274698,181.86732159,177.84926314,178.23947144,10046119
2013-12-17,179.00935527,179.89521573,176.48882691,177.00558472,10089421
2013-12-18,177.00557276,182.20480189,177.00557276,181.38220215,12009855
2013-12-19,182.32079093,182.32079093,177.95470768,180.13775635,13450539
2013-12-20,183.92381434,189.40779407,181.83569161,188.80665588,20508621
2013-12-23,189.61872887,191.72794339,187.72043017,189.03869629,16191974
2013-12-24,189.09141663,190.88425734,188.79612042,189.41835022,7306775
2013-12-26,188.66956614,189.82963123,186.05413976,187.20365906,14619868
2013-12-27,187.42513660,188.54301854,184.95735126,185.36863708,7744563
2013-12-30,185.82213588,187.68879725,184.73589122,187.10876465,10315527
2013-12-31,187.29856373,189.46052105,187.10873951,188.81719971,5706010
2014-01-01,189.29176420,189.46051091,187.21418739,187.46730042,5849398
2014-01-02,187.23529597,188.98595346,183.52307925,184.55659485,6023632
2014-01-03,183.83947340,184.20859018,180.33817210,182.28919983,12833897
2014-01-06,181.83568106,182.07824829,179.28352964,180.32759094,13315857
2014-01-07,180.25376621,181.38219380,177.18485710,177.61724854,17311470
2014-01-08,178.10238900,180.83381908,178.10238900,179.08317566,12726430
2014-01-09,179.37846917,180.08506532,178.23949558,179.43119812,8309185
2014-01-10,178.93553329,184.83079944,178.86171276,181.00257874,14839980
2014-01-13,183.13284433,186.24393647,183.08011539,185.69554138,12058586
2014-01-14,185.29480624,186.57088904,184.01873752,185.92758179,12075547
2014-01-15,186.60252482,188.77501382,185.82210823,186.76071167,12660424
2014-01-16,187.44622034,188.41646117,186.04358804,186.90837097,18038361
2014-01-17,187.54114060,189.17578035,185.66393359,186.61308289,15463211
2014-01-20,187.06653813,187.50947534,182.67936327,183.44923401,16576057
2014-01-21,184.06093515,184.26130517,181.81461135,182.03608704,9806364
2014-01-22,182.13100020,184.63042299,181.00257244,184.01875305,8517726
2014-01-23,181.51932900,183.77618451,181.51932900,182.61611938,13767334
2014-01-24,181.81461579,184.48278536,181.62479156,183.00633240,11879019
2014-01-27,180.54908243,181.56150646,177.24815152,177.83872986,12345838
2014-01-28,178.65076389,180.54906225,177.74379787,178.19728088,11573795
2014-01-29,179.24134136,179.81082805,176.11970333,176.45716858,12374165
2014-01-30,175.36038608,175.87714385,173.41990450,174.01048279,14102043
2014-01-31,174.43231906,175.79276808,174.25304065,175.30764771,11038353
2014-02-03,174.26361869,175.02292971,172.83989468,173.14573669,8227762
2014-02-04,171.79579273,174.35848971,171.51104237,173.28279114,12362252
2014-02-05,172.97697861,173.27227482,170.19281960,172.37585449,11298451
2014-02-06,172.95586571,173.82064855,170.45644334,172.08055115,10826505
2014-02-07,173.39882648,173.75739743,170.97322431,171.78527832,8459052
2014-02-10,171.95400937,174.13705835,171.08922641,173.36718750,10345205
2014-02-11,173.58867120,174.01050283,169.31749924,169.84480286,12609169
2014-02-12,170.42483188,173.35664611,170.29828239,172.51295471,9828890
2014-02-13,172.72389645,172.72389645,169.80262780,170.29829407,8657303
2014-02-14,171.24745360,173.79960563,170.42485368,173.38830566,9218744
2014-02-17,172.46021478,173.37772665,170.22445102,171.33178711,9058505
2014-02-18,170.23499392,172.50239501,170.23499392,171.51106262,5741275
2014-02-19,171.47941486,172.95586756,170.84665344,171.32122803,6130140
2014-02-20,171.12089321,171.62710527,169.39132714,169.88699341,8041497
2014-02-21,170.23501293,172.11222001,169.91862512,171.16307068,6256274
2014-02-24,170.43536486,171.89072608,169.85533235,171.34233093,6800627
2014-02-25,171.75363943,172.11221038,170.32991551,170.96267700,7039336
2014-02-26,171.05761374,172.29151361,170.47758111,170.99433899,13608048
2014-02-28,170.99429921,171.97508577,167.28208282,168.72689819,18949872
2014-03-03,168.75853840,170.17171643,168.13630866,169.45457458,11635479
2014-03-04,169.37021878,171.82745827,169.28585245,171.46888733,8997053
2014-03-05,172.01726992,172.53402768,169.82368942,170.21389771,11827655
2014-03-06,170.70955861,173.88392558,170.69901282,173.47262573,10172590
2014-03-07,174.01048337,184.34565278,174.01048337,183.37541199,33597187
2014-03-10,182.46846263,190.59949175,182.10989170,186.76071167,32869474
2014-03-11,186.66580373,187.25638204,183.94491953,184.50386047,12780183
2014-03-12,184.34565357,186.22286044,183.00631014,183.78671265,9431389
2014-03-13,184.55658610,188.72228568,184.49331136,185.51628113,17221827
2014-03-14,184.34565954,187.70986509,183.30159818,186.90837097,16540547
2014-03-18,187.61496445,191.68575225,187.61496445,189.08087158,19034847
2014-03-19,189.82962678,191.91776360,188.82774857,190.46240234,16376397
2014-03-20,190.16709618,191.41154157,189.43942262,191.09515381,29711945
2014-03-21,191.30610652,192.64546428,186.06470735,186.83456421,22050970
2014-03-24,187.98409969,191.67522531,187.95246231,190.96864319,28815466
2014-03-25,185.40028727,186.13850667,184.02929229,185.46356201,31299573
2014-03-26,185.87485847,190.45187252,185.85376689,187.97354126,13811011
2014-03-27,188.74337805,190.86315220,188.16334554,189.98782349,55407935
2014-03-28,189.82961910,194.03751586,189.82961910,193.23600769,18667646
2014-03-31,193.25709795,198.22430560,192.61379071,196.31547546,18751896
2014-04-01,197.42280919,199.32110760,196.00963117,198.81489563,15640608
2014-04-02,199.32112658,202.90679387,197.86576527,202.10528564,26780181
2014-04-03,201.80997525,203.10713544,198.35085792,200.93464661,26550895
2014-04-04,200.79757186,201.06121661,198.59343135,199.16291809,12513877
2014-04-07,199.11020833,201.41980696,197.07481435,199.14184570,12905249
2014-04-09,200.37573333,203.89812587,199.77460920,202.93843079,13438946
2014-04-10,203.47628688,205.41676869,202.94898326,204.39379883,10649501
2014-04-11,202.97005814,204.81562768,200.50227291,201.16667175,11691621
2014-04-15,200.37575141,201.21944287,197.54939486,200.18591309,9264526
2014-04-16,199.63747013,202.27400180,197.86573537,198.54067993,12381278
2014-04-17,199.32112293,202.86460699,199.06800988,202.29512024,7845800
2014-04-21,204.58360857,204.58360857,201.66234027,202.40057373,11817203
2014-04-22,202.48494342,208.54894171,201.66234363,204.11958313,19331824
2014-04-23,204.38325032,207.12522627,203.38137206,203.99304199,15288495
2014-04-24,203.99304199,203.99304199,203.99304199,203.99304199,0
2014-04-25,204.17235192,204.38326775,199.53206288,200.00663757,13252156
2014-04-28,200.33354523,201.64125136,198.55125038,199.32112122,16610579
2014-04-29,199.54258223,200.74484453,197.84466778,198.32978821,8396497
2014-04-30,199.08910604,202.48494912,195.96746759,197.38064575,14391181
2014-05-02,198.26651328,199.82733244,195.31360758,195.75653076,9070553
2014-05-05,195.10266699,202.16854306,195.10266699,199.71130371,15199246
2014-05-06,199.93275076,203.96135440,199.85893024,203.19149780,12392211
2014-05-07,202.50604349,204.88946256,201.86273618,202.66423035,10571569
2014-05-08,203.13881140,204.61526437,200.53393065,202.54823303,11949181
2014-05-09,201.59904037,210.71086928,201.59904037,210.41557312,18452114
2014-05-12,209.84614383,221.25701410,209.67741116,216.97529602,30847764
2014-05-13,219.35869497,225.43325337,218.19862985,224.29426575,26863271
2014-05-14,224.42079229,225.26446948,219.59068022,220.51873779,19375695
2014-05-15,220.51875110,223.57711452,219.20048518,222.18502808,20864719
2014-05-16,232.19460242,243.94171131,226.23051716,229.88351440,52633579
2014-05-19,232.38627477,239.57513439,231.51295893,238.57402039,23797958
2014-05-20,240.24610860,240.48040524,229.12735522,230.01130676,22509088
2014-05-21,230.01131445,234.93168625,228.71200460,229.70246887,21991587
2014-05-22,231.32128421,237.15757124,231.04437395,234.47372437,18745180
2014-05-23,236.76348635,241.11940145,234.72930884,240.15022278,16566818
2014-05-26,241.22591098,242.82341643,228.97823174,234.66542053,16073584
2014-05-27,234.94230710,236.00732017,228.99952222,231.73661804,11273379
2014-05-28,232.08804742,235.70910868,231.05498396,231.93894958,11351815
2014-05-29,232.70579352,232.89749076,227.56176109,228.66938782,27659174
2014-05-30,231.10826742,232.10936722,225.78318775,226.78430176,17293884
2014-06-02,228.92498623,231.80053021,226.91210828,230.51185608,8806299
2014-06-03,230.74616753,234.72932404,229.47879308,233.32350159,10874352
2014-06-04,232.73772987,234.68670860,229.24448077,229.51072693,8826406
2014-06-05,229.72375657,233.21700594,226.68846483,232.15199280,19974435
2014-06-06,235.87953140,241.33240935,235.17662730,239.07458496,29319340
2014-06-09,240.69340838,241.26852859,236.88066342,239.12783813,13497804
2014-06-10,240.78927807,240.78927807,234.39918451,238.20129395,15760599
2014-06-11,238.56337038,238.56337038,232.70579810,234.75062561,15164409
2014-06-12,233.99446599,237.17886989,230.91657477,233.05725098,11767348
2014-06-13,234.36724065,235.79436295,228.48835386,230.44798279,14646904
2014-06-16,230.89525278,230.89525278,225.17612887,226.94404602,14371376
2014-06-17,225.37849328,232.87619899,225.37849328,232.18394470,15824961
2014-06-18,231.74727533,234.65476878,225.92163857,227.22096252,19212704
2014-06-19,228.76521388,228.96756095,219.73388872,221.97041321,23126286
2014-06-20,222.77984644,223.52534992,220.29836109,220.77761841,12855084
2014-06-23,220.88410922,222.56682758,218.11506389,221.08645630,14768300
2014-06-24,222.58814708,226.37960642,222.58814708,225.75125122,11890148
2014-06-25,225.28262209,225.64473108,223.25909445,223.86614990,10564797
2014-06-26,218.32808007,218.73278845,214.43012252,215.53773499,24480677
2014-06-27,215.13302975,218.00857364,214.53662412,215.58033752,9225499
2014-06-30,215.67622388,217.26309385,213.00302678,216.28327942,20656550
2014-07-01,216.66667526,217.38022923,214.48338550,214.70704651,9653273
2014-07-02,216.62404419,218.82863346,215.55903112,216.89030457,12293489
2014-07-03,217.26307138,218.32808448,213.74852245,214.38752747,11575392
2014-07-04,214.06801843,220.84151999,213.70592364,219.80845642,12957117
2014-07-07,220.03207186,220.88408791,217.47603792,218.79666138,14019093
2014-07-08,218.54109450,220.35162542,210.87299116,211.94865417,17484768
2014-07-09,213.42906065,215.11177946,211.40553245,213.20541382,14903156
2014-07-10,213.05624052,217.58255303,208.96658591,212.40658569,18600100
2014-07-11,211.98059923,213.42902109,205.26036088,205.86741638,17783841
2014-07-14,206.31470819,207.65661726,204.16336815,204.85563660,13764770
2014-07-15,205.20709684,208.74294535,205.13253370,207.08151245,15345123
2014-07-16,207.46493061,211.51198614,207.46493061,210.80908203,13957671
2014-07-17,210.44697853,212.61960421,208.80685943,209.27546692,9426887
2014-07-18,208.74295819,209.49911154,206.46381984,208.05068970,9332698
2014-07-21,213.00301370,214.70704611,211.94865040,212.50245667,16987269
2014-07-22,213.85503485,220.22382842,213.23732948,219.59545898,28489939
2014-07-23,220.46878166,221.48054563,217.48673900,220.08537292,13721398
2014-07-24,219.39309324,222.20473801,218.11506900,221.74678040,9673900
2014-07-25,221.92783737,222.22604731,214.50468079,217.65713501,13532588
2014-07-28,217.47608489,218.01924133,213.34383032,214.19584656,9372911
2014-07-30,213.85503064,215.34605189,211.51199317,214.31298828,18616706
2014-07-31,214.69638645,217.24177089,213.42901204,214.37687683,17722817
2014-08-01,211.93799036,212.79000653,207.67793797,207.95483398,15826199
2014-08-04,208.95595196,210.80908218,207.90158869,209.80796814,14672155
2014-08-05,209.82924865,210.41500439,206.82590681,209.56298828,12233949
2014-08-06,209.78668854,212.70483216,208.63646232,210.47894287,16358373
2014-08-07,210.65997891,212.30011226,209.45651773,210.72389221,10844144
2014-08-08,208.64706499,209.48843121,207.27320649,208.84942627,9118453
2014-08-11,209.83989033,210.28719806,208.18910742,208.84942627,6696796
2014-08-12,210.02094032,210.22330161,207.96546326,209.68014526,9556263
2014-08-13,209.44588118,212.27882604,208.74297700,210.90495300,14113750
2014-08-14,211.93799461,214.06802085,211.24574035,213.63136292,12062077
2014-08-18,213.23733022,216.29392174,212.47051277,215.78271484,7643510
2014-08-19,216.19807301,217.90209125,214.30234330,214.98394775,14559347
2014-08-20,215.34606232,216.93293228,212.01256047,212.65156555,13022078
2014-08-21,213.00301829,213.85503451,210.89429164,211.95930481,16449220
2014-08-22,213.02429308,214.49401450,212.00187941,212.64088440,8571614
2014-08-25,213.00301403,214.81354492,211.60784140,212.10839844,7455233
2014-08-26,212.15098869,212.35334999,209.38195746,211.58653259,9548209
2014-08-27,212.40660476,213.38641912,210.20202957,211.66108704,8391614
2014-08-28,211.85277369,213.85500156,211.85277369,212.72608948,15914040
2014-09-01,213.92955556,217.47605380,212.06577564,216.00633240,16197464
2014-09-02,216.94358222,219.72327777,215.26086363,218.07249451,16556769
2014-09-03,218.36006915,220.66050750,217.49740300,219.65939331,21922291
2014-09-04,219.18009430,220.22380768,216.85835670,218.51977539,9346763
2014-09-05,218.90318013,220.12794087,217.39085932,218.46652222,9078852
2014-09-08,220.22381581,221.38467755,218.96709124,221.03321838,13886787
2014-09-09,219.84042250,221.80005131,219.00970595,220.03211975,9166689
2014-09-10,218.99905342,219.20141474,215.68686558,216.37911987,9459033
2014-09-11,217.32698063,219.39310786,214.70704714,217.13526917,10619105
2014-09-12,216.94354145,218.11505291,215.44187055,216.32583618,8749882
2014-09-15,214.94134891,215.55905428,213.21603098,213.58877563,8738403
2014-09-16,213.30120201,213.88695776,207.99742227,208.61512756,13242995
2014-09-17,209.78666598,210.99012709,208.51929157,210.58541870,10887270
2014-09-18,209.80796960,215.13303523,209.53105937,214.04672241,9089107
2014-09-19,214.28101735,216.36844406,211.08596400,212.03382874,17169819
2014-09-22,211.51197053,212.15097551,210.38305842,211.20312500,7900222
2014-09-23,211.23506953,212.03382219,205.13252307,205.72894287,17694403
2014-09-24,206.29344646,207.48625789,203.50310091,205.55857849,15393998
2014-09-25,205.78221873,206.14431353,196.52723141,198.06085205,33092058
2014-09-26,197.87979928,200.57428162,195.38766402,198.78506470,15904980
2014-09-29,199.57318132,200.79795645,198.00761107,198.76377869,12481132
2014-09-30,197.66676115,202.02267588,197.03840605,201.43692017,17642155
2014-10-01,200.98964837,201.41565648,197.24080259,197.49639893,8656245
2014-10-07,197.50704749,199.13651678,196.69763067,197.27275085,12404189
2014-10-08,196.20771013,200.54231109,196.20771013,199.51989746,9827783
2014-10-09,199.83942368,203.89712900,199.83942368,203.34332275,11164671
2014-10-10,201.71382851,206.39988841,199.39209114,204.62130737,15465656
2014-10-13,204.86631532,205.49467055,201.93752187,204.03559875,13881865
2014-10-14,208.52994060,208.52994060,204.18468942,204.74914551,19077913
2014-10-15,204.74914551,204.74914551,204.74914551,204.74914551,0
2014-10-16,202.70433157,203.82259398,197.66679737,198.30581665,19017182
2014-10-17,199.37080433,200.36126844,197.07036650,199.77551270,15313270
2014-10-20,199.90334021,200.35064802,194.16290175,199.16847229,21187302
2014-10-21,198.99807446,199.58383029,197.47510360,197.95436096,17621790
2014-10-22,199.17911125,202.52326272,198.76376721,201.42630005,13384016
2014-10-27,205.32426441,205.32426441,199.54122669,200.51039124,10072622
2014-10-28,200.45714601,200.64884327,197.26210644,198.95547485,22023470
2014-10-29,199.49859504,203.07704269,198.97673839,202.69363403,17516848
2014-10-30,201.92686666,209.07311338,201.73516941,208.58320618,32745121
2014-10-31,209.13700638,213.79113177,209.13700638,213.12016296,14086084
2014-11-03,213.85504501,214.92005824,210.90495184,213.50358582,12376151
2014-11-05,213.42897923,214.81350174,210.53213608,211.14984131,15730002
2014-11-07,210.96880238,212.01251567,208.32756963,208.84942627,11633677
2014-11-10,209.33939717,210.83041863,206.02719470,206.47450256,10482542
2014-11-11,207.12414050,210.40439314,205.81418078,208.25306702,10100100
2014-11-12,209.15830443,209.38196544,206.33602386,207.47558594,9286081
2014-11-13,207.46490401,208.70032874,205.20707991,206.45314026,7041533
2014-11-14,206.39990471,208.26368466,205.55853843,206.43185425,8424014
2014-11-17,205.76091569,210.35112770,205.76091569,209.85057068,10224348
2014-11-18,209.90381429,212.51309783,209.85056506,210.58541870,13410579
2014-11-19,210.58543229,211.29900050,207.99744829,208.34890747,8099318
2014-11-20,208.31696936,209.53108047,206.67683590,208.90272522,11342020
2014-11-21,208.78556126,213.21602565,208.78556126,212.51310730,11739875
2014-11-24,213.04561248,213.88697884,209.10505531,209.88252258,12426216
2014-11-25,209.82925976,211.91668653,207.31582492,211.51197815,14606201
2014-11-26,211.28834234,211.51198913,209.29676409,210.24462891,13155281
2014-11-27,210.87297878,211.51198380,209.39260744,210.58541870,12279963
2014-11-28,210.80908250,216.69861841,209.42455975,211.21379089,20881173
2014-12-01,210.65998817,211.28835762,204.17404606,204.82371521,17382184
2014-12-02,204.90890001,206.87917858,204.05688381,205.04734802,9453044
2014-12-03,204.17403349,207.46493576,204.17403349,206.26147461,9789854
2014-12-04,206.20823371,207.66729126,203.56698622,204.17404175,10775294
2014-12-05,204.69589484,205.97391918,203.43918443,203.91844177,10048267
2014-12-08,204.48290459,205.08996012,200.70210914,201.20265198,10238784
2014-12-09,200.43586344,202.50199091,198.30583688,200.19090271,10598750
2014-12-10,198.40165918,200.42518698,198.09279939,198.63595581,13242754
2014-12-11,197.87978668,197.87978668,192.41625919,193.01266479,22620658
2014-12-12,193.19370776,194.04572387,187.30418655,187.94319153,17874849
2014-12-15,187.00599484,187.82606149,185.73862039,187.18704224,12647964
2014-12-16,186.76107820,188.13493711,183.11871620,184.16242981,20886278
2014-12-17,184.30084932,186.35632651,184.13043756,185.20610046,20779949
2014-12-18,187.77278796,188.46504215,184.17302641,187.46392822,14970699
2014-12-19,188.52895272,193.49192325,187.97514650,191.81985474,20073537
2014-12-22,192.12869468,193.15110833,189.78567171,192.74641418,8305143
2014-12-23,192.20326102,192.58666973,189.95608645,190.37144470,10583206
2014-12-24,190.37144183,191.09564562,187.44264866,188.32661438,22479751
2014-12-26,188.84847095,190.13713084,187.46394822,189.32772827,4890141
2014-12-29,189.25318876,191.50036340,188.92302927,191.06370544,6931660
2014-12-30,191.08500716,191.36191741,186.82495447,187.47460938,11627412
2014-12-31,187.44265521,190.40339802,187.24030812,189.81764221,8464992
2015-01-01,188.78458635,189.99869741,188.22011599,189.12538147,2963643
2015-01-02,189.16797332,190.86135588,188.35857072,188.62481689,7331366
2015-01-05,188.50766415,189.76438874,186.18592644,186.55868530,10103941
2015-01-06,185.31262146,185.95162648,177.21849627,178.09181213,18627980
2015-01-07,178.30482845,182.92699001,178.28352876,181.96847534,20720312
2015-01-08,183.20390177,183.80032169,178.95449871,179.35920715,19872227
2015-01-09,180.71175573,183.60859950,179.98755190,183.24649048,13392787
2015-01-12,183.28909491,183.39559337,179.26333909,181.11645508,10100113
2015-01-13,181.69159823,182.10695656,179.02906491,179.59352112,9948711
2015-01-14,179.56153074,180.41354689,177.04809587,177.84686279,11380041
2015-01-15,178.92252707,185.54691649,178.92252707,184.08784485,16927085
2015-01-16,183.18259205,186.37764577,181.48922367,185.24873352,19136963
2015-01-19,185.35520999,188.72064665,182.91632415,187.36808777,13339962
2015-01-20,187.76217418,192.88489307,187.19770382,192.35238647,13361320
2015-01-21,192.76774301,194.13095193,190.00934718,193.14048767,17084297
2015-01-22,192.79970277,193.23636076,187.33617429,188.24143982,23721627
2015-01-23,189.57267349,191.23409222,186.80364226,188.91236877,18080494
2015-01-27,190.19036792,190.99978465,187.54913500,189.37031555,17939876
2015-01-28,188.74198912,193.79017370,188.74198912,193.16180420,19298126
2015-01-29,193.21503739,199.05132449,193.17243800,197.96501160,36117653
2015-01-30,198.09279413,198.35905451,193.61973053,194.95100403,21746801
2015-02-02,195.12140710,195.94147376,192.91683189,193.41738892,19302710
2015-02-03,194.51434262,200.40387839,194.51434262,199.71162415,17092333
2015-02-04,200.03109849,201.03221240,197.21946821,197.83717346,14072894
2015-02-05,199.37083386,200.20153619,195.45157621,196.75090027,12365643
2015-02-06,196.83608901,198.09279940,192.34172560,193.81144714,9045844
2015-02-09,191.95831630,195.53676442,189.99868758,190.99980164,8839692
2015-02-10,191.27668721,192.66119558,183.45947303,187.86863708,13651008
2015-02-11,188.72066729,192.71448796,188.08166224,191.85182190,9781008
2015-02-12,193.40672590,194.67408605,188.98691171,193.65167236,8709626
2015-02-13,194.68473440,196.13315615,193.63037119,195.43025208,7393680
2015-02-16,195.68583904,196.85736472,191.70268299,192.29910278,12266698
2015-02-18,191.70270952,193.40674195,190.50989820,192.05416870,9835036
2015-02-19,193.18307193,193.32153416,189.05081767,192.13935852,9550637
2015-02-20,190.69094107,190.85070300,185.58952220,185.97293091,18717199
2015-02-23,185.30197681,186.75039865,180.43485455,181.36141968,14104463
2015-02-24,181.95781500,182.50097138,178.28351847,179.23136902,19946218
2015-02-25,180.79699670,182.43711609,179.14621324,179.59352112,15274116
2015-02-26,180.22182759,181.05254402,178.19829997,179.34852600,21459750
2015-02-27,180.53070774,183.39560196,179.90235253,182.23472595,18659378
2015-03-02,185.09960871,186.48413142,182.23471467,184.08784485,14579511
2015-03-03,185.09962122,193.07658435,184.75882611,191.87312317,20636925
2015-03-04,192.98073922,193.75820653,187.45331197,189.11473083,14476047
2015-03-05,190.10517877,191.43645225,187.04858749,188.49700928,10716702
2015-03-09,188.52893889,189.94541099,184.06652567,185.23803711,14065391
2015-03-10,185.08896805,186.54803976,182.20277417,183.00154114,15234060
2015-03-11,183.38492880,185.22739479,181.56374828,182.31991577,11635873
2015-03-12,182.75656339,184.75879118,182.24534238,183.99197388,11782380
2015-03-13,185.09959269,185.22739084,180.41353263,181.07383728,12936157
2015-03-16,181.37207065,181.89392737,178.98643382,179.36984253,13839990
2015-03-17,181.16971900,183.16129738,179.13554123,182.51164246,19070082
2015-03-18,182.54356965,185.79187230,182.05366250,185.02505493,9269885
2015-03-19,186.49478794,186.73973442,181.92587563,182.36253357,13934612
2015-03-20,182.73529070,183.42755924,180.75436216,181.92588806,10405717
2015-03-23,182.43708138,184.03460107,178.51782398,179.33789062,13251683
2015-03-24,179.36983005,181.96846364,179.36983005,180.61589050,9238431
2015-03-25,180.83954812,180.94604658,179.13551587,179.96623230,10264941
2015-03-26,179.15682170,180.89280355,175.53577437,176.64338684,20621346
2015-03-27,177.62319077,177.85750160,170.71124176,172.89453125,23326922
2015-03-30,173.93828991,174.17258658,169.64627295,172.69221497,17330588
2015-03-31,174.23647345,177.41022764,174.23647345,175.94050598,20235395
2015-04-01,175.70618966,178.70953198,173.19275455,178.08117676,14588531
2015-04-06,178.07050984,178.49651792,174.96066934,175.65292358,12334096
2015-04-07,175.95111451,178.09179030,175.95111451,177.39953613,21275454
2015-04-08,177.53803040,185.20613434,177.41023222,184.43933105,24821205
2015-04-09,184.35413115,191.48972843,182.92700886,190.65901184,27276420
2015-04-10,190.62705944,193.57715262,189.38099879,192.62928772,25323219
2015-04-13,193.15111845,196.97452709,191.43645051,196.49526978,20177342
2015-04-15,196.17577928,200.13763631,193.23635027,196.74024963,22231264
2015-04-16,196.92126644,199.79681013,195.74975496,197.74133301,20177302
2015-04-17,199.16846205,201.13874062,196.51657905,197.42184448,23958678
2015-04-20,199.64772314,199.67967268,187.12314736,188.64611816,37628162
2015-04-21,189.60458993,190.74416598,185.83444534,186.68644714,17707007
2015-04-22,187.84737723,188.88044091,184.67362304,187.38941956,14761313
2015-04-23,188.26273778,189.44489935,185.11028324,186.81431580,13337818
2015-04-24,186.80361887,188.39048847,185.02503782,187.20831299,12709854
2015-04-27,187.45332285,189.04019287,185.62149210,186.44155884,11042925
2015-04-28,186.31375007,187.86867046,182.87374979,184.29022217,14687371
2015-04-29,183.60857004,185.42975051,180.49872982,181.05253601,16387960
2015-04-30,181.05253775,184.43928821,180.61587986,183.68312073,34802149
2015-05-04,184.50320904,190.40339486,183.28909805,189.77503967,15078502
2015-05-05,190.36078384,192.08610160,188.52895341,190.03062439,17846755
2015-05-06,189.57265692,191.01042875,185.73859871,187.49588013,22438208
2015-05-07,186.37763172,187.11248535,183.18257824,185.47236633,16735535
2015-05-08,187.86306763,192.76994288,185.72777313,191.89640808,17104443
2015-05-11,192.57582270,193.99935722,190.53758436,193.24446106,14214007
2015-05-12,193.01800797,193.01800797,186.60133937,187.36701965,16650201
2015-05-13,188.36996337,191.66997630,184.88662199,190.90428162,16701434
2015-05-14,191.09839752,191.14154802,187.71212671,189.41604614,12329713
2015-05-15,190.21406144,191.30327677,187.66895955,188.49934387,8331715
2015-05-18,188.70425946,192.82387231,188.12190770,192.29544067,9847540
2015-05-19,192.23074810,195.14252149,191.22780489,193.15820312,14513036
2015-05-20,194.20428138,196.49055246,193.62191519,196.02682495,8708891
2015-05-21,196.54447666,197.43957963,192.84545492,193.41702271,10759523
2015-05-22,193.47095517,195.32586537,193.47095517,194.94841003,8349048
2015-05-25,194.11800388,195.84350569,192.46800464,192.93173218,6617337
2015-05-26,193.03955208,193.25524698,190.38660988,190.79641724,9510249
2015-05-27,191.09839459,192.15527239,189.84741870,190.94741821,8078236
2015-05-28,191.06602319,192.87779708,188.07876173,188.89837646,26538868
2015-05-29,189.78271451,191.19546519,188.31604369,189.15722656,29277517
2015-06-01,189.80425085,195.17485360,189.37287546,194.60327148,19594976
2015-06-02,195.35820289,198.17290566,192.27388507,193.82682800,20178960
2015-06-03,193.90233259,196.37194675,191.63762935,193.33076477,15546279
2015-06-04,195.02389664,197.61213504,192.51114642,196.85723877,15931395
2015-06-05,196.25332412,197.77391512,195.07782198,195.78959656,13066337
2015-06-08,195.58466010,196.27486653,190.47288799,190.97975159,10846953
2015-06-09,190.56994371,192.10131853,189.23269574,190.60231018,9153355
2015-06-10,191.09839906,196.25332230,190.88271852,195.36900330,13509379
2015-06-11,195.41213123,196.16704188,188.43466455,189.18957520,14676438
2015-06-12,189.58858086,192.54347582,189.42680608,191.92877197,21543824
2015-06-15,193.01799812,195.19644337,191.96113477,194.49545288,12858570
2015-06-16,193.90232329,195.19644966,192.65134744,194.96997070,13929305
2015-06-17,195.20722348,203.25233712,192.82388179,200.84742737,26232634
2015-06-18,201.13861929,211.80432442,201.12783527,211.14648438,49366799
2015-06-19,211.91216080,217.06706928,211.91216080,214.96412659,45710935
2015-06-22,215.02882060,217.56313862,212.77488726,213.89646912,19394187
2015-06-23,214.10136698,216.26901374,213.74547974,214.60823059,16007498
2015-06-24,214.60824168,217.07785568,212.80725170,213.72392273,18603004
2015-06-25,212.88275110,217.62785216,212.45137566,216.66804504,27175118
2015-06-26,215.66510293,218.72785274,214.69451178,215.83766174,20966796
2015-06-29,213.07684762,214.36018982,209.64742679,213.71311951,20168946
2015-06-30,213.50820758,216.30134192,213.09840026,215.70820618,23184864
2015-07-01,215.90237594,217.94061457,215.90237594,216.90531921,14824266
2015-07-02,217.62786260,219.94650032,217.21805519,218.02688599,15931202
2015-07-03,217.78962378,218.66315874,216.34452102,217.23962402,13831096
2015-07-06,214.84551725,219.76316310,214.65139037,219.04061890,12237733
2015-07-07,218.05921669,219.26705635,215.68665908,216.38764954,11294999
2015-07-08,214.79156384,217.56314489,213.88569126,214.95333862,15190654
2015-07-09,214.82393574,215.90238163,212.05236883,212.96903992,16245867
2015-07-10,213.76706696,216.54943223,213.58373850,216.07492065,16110573
2015-07-13,216.07491986,218.38277355,214.64060113,217.19648743,9860248
2015-07-14,217.60631484,218.16709868,214.65140489,215.21218872,9942927
2015-07-15,215.63276836,218.79257467,215.58963225,218.09159851,13532911
2015-07-16,218.27491251,221.68276561,218.09158406,220.79844666,14854295
2015-07-17,221.13272945,222.40527314,219.56900270,220.36703491,10195142
2015-07-20,221.68275758,222.14648509,219.54746286,221.02491760,6348354
2015-07-21,221.72587906,221.82293529,216.27978795,217.36900330,7923338
2015-07-22,216.76511259,227.32297704,216.67884037,226.55729675,17309440
2015-07-23,227.22589879,230.32100052,224.57295649,225.45727539,18642915
2015-07-24,226.03964219,226.39551506,220.23766325,221.08963013,13099664
2015-07-27,221.05727525,222.13570667,216.06412715,216.84059143,20118553
2015-07-28,217.47685430,219.28861370,215.70821661,217.89744568,13382878
2015-07-29,217.73571787,218.42592441,213.98277556,214.82394409,14790821
2015-07-30,215.70827115,217.41220513,214.02591962,215.71905518,11701228
2015-07-31,215.68665476,217.39058836,213.52979210,216.08567810,16634259
2015-08-03,215.90236639,218.67393311,215.55726315,216.21510315,9887787
2015-08-04,216.42003081,216.90532643,211.37296219,213.09844971,12006872
2015-08-05,213.15235015,215.85922707,212.25724719,213.04450989,14345010
2015-08-06,213.74550689,213.96120183,210.83374759,211.14648438,8708037
2015-08-07,211.15725373,214.39256242,210.75823036,212.31118774,8608888
2015-08-10,212.34355327,213.27099399,208.02981289,208.97883606,9288894
2015-08-11,209.43176394,210.00333172,206.62783074,208.35333252,8762464
2015-08-12,207.83567259,208.35332021,202.86409282,203.37095642,9650325
2015-08-13,204.25526722,205.75428990,200.45917519,201.31114197,9340350
2015-08-14,202.79938437,209.64742763,201.51604217,208.55821228,12739366
2015-08-17,208.35331142,208.35331142,204.05035582,205.05329895,10857430
2015-08-18,206.19644611,206.19644611,203.21998302,203.62977600,6630334
2015-08-19,203.60820012,207.27486951,202.62682502,205.89448547,8877298
2015-08-20,207.04842612,207.04842612,197.08369777,197.63369751,19008087
2015-08-21,196.27489266,196.68470009,193.47095925,195.83273315,20050521
2015-08-24,189.80428167,189.80428167,176.43169995,178.92288208,35635706
2015-08-25,181.36012048,185.63072403,177.55325880,182.93463135,49504268
2015-08-26,182.85914730,188.68269381,181.17679614,184.06700134,18955515
2015-08-27,186.95720193,190.07387183,184.85425927,187.46406555,26997546
2015-08-28,188.72583807,190.45132540,186.80622386,188.16505432,10770215
2015-08-31,188.26211739,188.26211739,184.15328819,184.60623169,20708942
2015-09-01,184.17483716,184.17483716,180.11992851,181.14443970,21645696
2015-09-02,183.33367428,184.86504921,181.73759519,183.23661804,19652369
2015-09-03,184.20719860,185.65230124,182.12582405,184.16406250,11659978
2015-09-04,183.26897344,183.26897344,177.96307401,180.29249573,16199949
2015-09-07,180.79934417,182.03955031,178.52385717,179.71012878,10234633
2015-09-08,180.31406113,183.96994685,177.96307139,183.03170776,12900468
2015-09-09,185.70621716,189.52386297,183.44149982,188.52091980,17340694
2015-09-10,185.70625410,187.75527694,184.51996787,187.00036621,11074406
2015-09-11,188.07879272,188.96311176,184.67095370,185.69546509,10634833
2015-09-14,185.86799460,186.71996149,183.74348380,186.32093811,7964072
2015-09-15,185.92193465,187.64743666,184.54153592,187.00036621,11509788
2015-09-16,188.10033147,189.23268287,186.61209285,188.19738770,13424811
2015-09-18,189.46993948,194.01014370,189.18955482,193.12583923,34261453
2015-09-21,189.80429291,191.57291657,188.95232596,189.39448547,12732187
2015-09-22,189.80429987,190.86116337,182.14742429,182.88075256,15745524
2015-09-23,181.82386935,184.80034704,181.17681336,183.40916443,15221260
2015-09-24,182.90229502,182.90229502,180.04445611,180.60523987,29076982
2015-09-28,181.13366981,181.37091839,178.73954405,179.93659973,11624639
2015-09-29,179.01995395,183.38759993,178.17877107,181.33857727,15853471
2015-09-30,183.54935542,186.52581846,180.85326265,185.98660278,17292020
2015-10-01,188.49934417,188.49934417,185.18856209,186.50424194,8663393
2015-10-05,186.09449132,191.96116065,185.88958040,191.52978516,16015412
2015-10-06,193.17977057,194.22584988,191.04446145,193.69741821,12330294
2015-10-07,192.97486914,198.01115347,192.17683678,197.09448242,11515191
2015-10-08,197.33176051,197.33176051,191.15234012,191.76704407,10753149
2015-10-09,192.83469024,195.29352043,190.12782742,191.38958740,9327873
2015-10-12,191.52976177,194.46310328,191.52976177,192.33859253,6212395
2015-10-13,190.89345363,193.31993105,190.42972619,192.73757935,6162561
2015-10-14,193.21212877,195.19644719,192.81310540,194.75428772,8002587
2015-10-15,195.77878170,196.49054177,194.13956666,194.91603088,9048478
2015-10-16,195.08859919,197.31018066,194.91605476,197.31018066,15246935
2015-10-19,202.96114675,208.24546319,202.96114675,207.81410217,33505855
2015-10-20,208.13763414,208.50430542,205.54939591,206.34744263,18091895
2015-10-21,206.08862945,210.25137904,205.54941371,205.98078918,14404450
2015-10-23,207.91117766,209.87392806,202.99351762,206.12097168,12153422
2015-10-26,207.46901287,207.70626144,203.02586451,203.36018372,10938775
2015-10-27,202.48666184,204.52490051,202.18469469,202.64842224,11601798
2015-10-28,202.07683194,203.80233364,200.56702516,202.08761597,11958727
2015-10-29,201.88271976,203.82390197,201.65624082,202.96115112,13280382
2015-10-30,203.19842629,206.17490415,202.76706521,204.40628052,13366359
2015-11-02,204.68664589,207.38273879,203.86704551,207.01606750,7222044
2015-11-03,207.76019962,209.31314261,207.32882417,208.61215210,11373522
2015-11-04,208.78473492,210.29454197,204.08275491,205.18275452,10033187
2015-11-05,204.68665659,205.11803205,201.23568168,202.01214600,10767454
2015-11-06,202.62684890,205.92686182,202.29254407,205.41999817,8367190
2015-11-09,201.34350461,208.13762797,199.17584345,207.32881165,17031699
2015-11-10,206.41212975,206.95134541,197.63367413,199.02485657,11486238
2015-11-13,197.36409530,202.43273165,197.24547101,201.24645996,13682323
2015-11-16,199.72586076,203.17683542,199.45624571,201.51605225,15346549
2015-11-17,202.32489875,202.50822721,199.76901243,200.10331726,8588142
2015-11-18,200.07095561,200.86900235,196.26409358,196.70625305,11249222
2015-11-19,198.19446073,202.46504962,197.83857352,201.61308289,12183206
2015-11-20,201.45133395,205.50624257,199.62877611,204.22290039,11304265
2015-11-23,204.90234999,206.60626938,204.08273518,205.71116638,10499517
2015-11-24,205.54939592,209.56116879,205.12880451,208.71998596,14806176
2015-11-26,209.43175507,213.95039144,208.83861926,213.23861694,23805828
2015-11-27,213.31412395,214.06903461,210.10039761,211.16804504,10891864
2015-11-30,211.04942152,212.32197986,207.55529607,208.59059143,29919205
2015-12-01,207.92196444,211.11412270,207.32882858,208.33177185,12981379
2015-12-02,208.40726710,211.30825673,208.02981176,210.93080139,7573628
2015-12-03,210.27294807,213.30334605,210.10040364,210.76902771,11361395
2015-12-04,209.71216560,210.55334850,207.36119010,208.23471069,13443688
2015-12-07,208.23468862,209.86313413,204.84841809,205.34449768,14483909
2015-12-08,204.66509321,205.67882053,201.90431034,202.93960571,7532164
2015-12-09,201.92585300,203.48957989,196.88956910,197.54740906,9174419
2015-12-10,198.97095369,205.72194118,198.43173798,204.97782898,18592203
2015-12-11,205.27978812,206.84351503,203.37095799,205.53860474,18155513
2015-12-14,204.38470267,207.81412391,204.03959943,206.00234985,10563900
2015-12-15,206.41216998,210.93080698,205.68961136,210.48864746,15718833
2015-12-16,210.48863599,213.00138619,209.97098831,211.08177185,12097338
2015-12-17,211.38375336,218.92200447,210.94159384,217.77885437,19369032
2015-12-18,216.50627581,217.62784327,213.52979834,213.93960571,16016139
2015-12-21,213.07684016,215.47096568,212.31116000,213.98272705,12331769
2015-12-22,214.13370502,216.24743151,212.23565903,212.94743347,11579277
2015-12-23,213.91803327,217.17489534,213.52979395,216.50627136,12919467
2015-12-24,216.52785641,217.23961654,214.88864122,215.80529785,11901877
2015-12-28,215.81605345,218.65233838,215.68664515,217.92979431,12885935
2015-12-29,217.92983876,219.72003045,217.22884821,219.00827026,14913870
2015-12-30,218.92197451,219.13765503,216.11804139,216.65725708,8151610
2015-12-31,216.42001391,219.93570722,215.49255886,218.83569336,18483713
2016-01-01,217.80039695,219.76314729,217.45530811,218.99746704,5416562
2016-01-04,216.76510177,218.66314796,212.81803303,214.67294312,30170947
2016-01-05,215.75139068,217.84354950,215.03963051,216.79747009,14946239
2016-01-06,217.32587591,223.96903728,215.77293302,222.63177490,26759864
2016-01-07,220.22687643,221.72589926,217.42295763,218.54452515,19739943
2016-01-08,220.00042397,222.78277487,219.28864940,221.24061584,21313199
2016-01-11,219.12685977,228.80040407,218.05921247,226.81608582,29016443
2016-01-12,227.54944587,229.79258091,224.55140021,225.48963928,23373377
2016-01-13,227.13963543,235.04455688,225.86707716,232.26219177,71802356
2016-01-14,229.45827623,233.15731263,227.12886883,228.98376465,27823189
2016-01-15,230.73082546,234.99063109,229.83572247,231.49650574,28767318
2016-01-18,231.86316598,233.79356421,217.43373616,219.32098389,27254669
2016-01-19,221.94161488,226.42788538,218.72787399,225.09063721,21489315
2016-01-20,223.21413606,223.21413606,213.52980706,216.66804504,45114225
2016-01-21,219.47198547,221.24060900,210.66117669,212.27882385,31768619
2016-01-22,214.40335610,218.05924198,214.40335610,216.58178711,23682648
2016-01-25,217.84350050,219.73076238,215.68663800,216.53860474,13099564
2016-01-27,217.43374044,217.84353343,215.02883062,215.54647827,17251028
2016-01-28,215.90238018,220.38866494,215.06119729,219.33178711,23074633
2016-01-29,219.77393035,224.31413490,219.56903385,223.32197571,19177163
2016-02-01,224.30337497,224.70239837,221.19748874,222.22200012,9918809
2016-02-02,222.22198307,222.76119878,213.63765329,215.93472290,14771279
2016-02-03,213.09844624,214.39257265,210.29452727,211.67491150,15691478
2016-02-04,213.09842674,215.90235985,208.28862163,209.87391663,18203784
2016-02-05,211.17879479,211.80428264,207.36114918,209.41017151,20998404
2016-02-08,209.45332180,212.40823122,206.61703666,207.28567505,12078110
2016-02-09,205.52784500,208.95726635,204.90235704,206.52000427,19603494
2016-02-10,205.26902365,209.86314859,204.61116923,207.63078308,16883350
2016-02-11,207.67389503,208.34253341,197.46113500,199.41310120,17114833
2016-02-12,201.42981287,201.42981287,191.55135560,195.53077698,29319458
2016-02-15,198.00039667,205.19354486,198.00039667,204.20138550,19283523
2016-02-16,205.13959489,206.62783372,199.94155021,200.70724487,13024856
2016-02-17,201.68861027,206.50921414,197.65526914,205.46313477,15442221
2016-02-18,207.69547351,208.93567969,201.88272514,202.76704407,14433087
2016-02-19,202.74546072,205.49545912,202.17387859,203.68368530,10235503
2016-02-22,203.62978193,208.84940891,203.62978193,207.55528259,12770834
2016-02-23,207.72783361,208.61215256,203.33861969,204.82685852,18989787
2016-02-24,203.80234025,206.74645134,203.17683794,205.47390747,15186204
2016-02-25,205.80822119,206.31508479,202.92879993,203.62977600,24826958
2016-02-26,205.54939676,206.78960295,203.67291863,204.97782898,8349402
2016-02-29,205.18271834,214.52195815,201.66702518,208.49351501,31032353
2016-03-01,208.07293801,212.46216635,208.06215398,211.65333557,16453192
2016-03-02,214.15531315,216.92689448,212.93668930,216.01022339,20105967
2016-03-03,217.84353367,219.56903544,215.14745514,218.45825195,15880459
2016-03-04,218.70627749,218.92197241,216.44157448,217.06706238,8987660
2016-03-08,217.30432350,222.35139185,217.30432350,221.51022339,13222993
2016-03-09,220.00041954,225.15532822,219.69845240,224.68081665,11854901
2016-03-10,224.75630018,225.58669901,217.62785719,218.22099304,20706353
2016-03-11,218.90040404,222.06020998,217.97294902,218.81411743,15319044
2016-03-14,219.80626544,221.38077632,218.47980154,219.94647217,11880095
2016-03-15,220.86315737,221.69355622,218.94355744,220.10826111,10487788
2016-03-16,220.21609300,221.25138831,216.86217446,220.37785339,11064129
2016-03-17,224.00425137,226.16358791,220.73251567,221.60498047,16832997
2016-03-18,222.09570356,224.69127207,221.53951135,224.04783630,14030979
2016-03-21,224.21143229,227.16689520,223.07723691,226.25080872,12708074
2016-03-22,226.18538648,229.51163467,225.89092489,228.55194092,15333442
2016-03-23,228.34473003,228.34473003,223.00091605,224.48410034,16806372
2016-03-28,224.65857040,225.02937009,221.52862037,222.56466675,18070240
2016-03-29,223.30626156,227.27596014,222.52105493,226.02180481,15871250
2016-03-30,227.42863853,229.40258240,227.42863853,228.37744141,14453294
2016-03-31,227.05785076,230.32957172,225.24748860,227.97392273,30833349
2016-04-01,226.64341639,228.21384410,223.56799362,225.62918091,12381116
2016-04-04,226.83969307,227.31954715,223.63340527,225.76002502,8632568
2016-04-05,224.95307086,227.36323283,222.95731587,223.99336243,10259495
2016-04-06,225.11660723,226.11993725,223.04451453,225.47650146,6990781
2016-04-07,225.72735867,228.58467291,222.93549167,226.23992920,8789163
2016-04-08,225.94544605,229.99148265,224.92031966,226.04360962,13411752
2016-04-11,226.18539265,228.03937665,225.31292788,226.90516663,10308361
2016-04-12,226.90514903,230.64583307,226.41438945,228.45376587,11164859
2016-04-13,229.57706364,233.36135479,229.57706364,232.52160645,16038542
2016-04-18,232.46708196,232.68520542,230.19869125,232.23806763,19065716
2016-04-20,233.20868636,233.20868636,225.92363081,226.25080872,21687934
2016-04-21,227.14508814,229.45710072,225.74914750,227.09056091,11380697
2016-04-22,226.62159270,228.47556187,224.50587831,226.61068726,11705087
2016-04-25,227.81034472,227.81034472,220.79793943,221.80126953,61157544
2016-04-26,221.47408028,223.32804947,219.75096185,221.81214905,26429236
2016-04-27,222.01939425,223.77521467,221.60497276,222.34655762,14502641
2016-04-28,221.16874132,222.30293679,216.14118530,217.39535522,61949033
2016-04-29,216.68644938,217.79884839,213.50197224,214.34172058,23479680
2016-05-02,213.53469854,216.45744516,213.31658964,215.26872253,10620873
2016-05-03,215.49774772,217.01364833,212.17149948,212.83674622,17571826
2016-05-04,212.45502403,214.55983308,212.22600969,213.33839417,13546285
2016-05-05,213.75282804,214.50531832,211.76797876,212.71678162,21665684
2016-05-06,212.22602155,213.05484995,210.91732444,211.34265137,14748329
2016-05-09,212.66225974,215.06151600,212.18240557,214.42898560,15347096
2016-05-10,214.42898089,214.77796970,213.31659635,214.30902100,7248302
2016-05-11,211.96429049,213.91642356,211.57167987,212.74951172,12339923
2016-05-12,212.88036149,216.85006002,212.67315803,216.54469299,12786216
2016-05-13,215.70495396,216.05394278,212.66226182,213.34931946,14648291
2016-05-16,213.09849069,214.29813345,211.81161891,212.86947632,9327335
2016-05-17,213.80734249,214.42896740,210.77554153,211.38626099,12157600
2016-05-18,210.67741481,212.11696278,210.28480421,211.69165039,8228838
2016-05-19,211.94244782,211.98606959,206.24964571,207.47108459,9134784
2016-05-20,207.64562370,208.19091058,203.14154334,203.76316833,18544619
2016-05-23,204.45020528,205.18089923,201.89825830,202.84706116,18365734
2016-05-24,202.42172045,205.90065915,202.42172045,205.12635803,12283217
2016-05-25,207.17663760,207.82007337,205.27903204,207.47108459,9240115
2016-05-26,207.20939586,207.73287186,205.92250949,206.52232361,14190024
2016-05-27,207.00216317,213.07667119,206.93673050,212.59681702,13401594
2016-05-30,212.96761402,214.07999860,210.48109962,211.28813171,9633652
2016-05-31,211.35355692,212.22602166,208.62712280,208.92156982,23332727
2016-06-01,208.94337068,210.72101641,207.60197186,207.99456787,9042808
2016-06-02,208.19088024,208.76888337,206.14059839,208.57257080,10253825
2016-06-03,209.39053185,210.02306227,208.48535071,209.31419373,8643295
2016-06-06,209.60862143,210.04485379,207.76555756,208.25631714,8672842
2016-06-07,208.79069091,209.59770837,207.55833200,208.31083679,18954268
2016-06-08,208.95429227,208.95429227,207.02397016,208.10365295,12135516
2016-06-09,209.39050754,212.97850076,208.56166463,211.82249451,15643495
2016-06-10,212.44412669,214.71253206,211.20087683,213.03303528,16316760
2016-06-13,211.54982932,214.50529198,210.05573982,213.99272156,10214469
2016-06-14,213.96004706,214.93066088,211.41900532,212.93490601,10923848
2016-06-15,213.75283444,215.17057148,212.38961006,214.75616455,11129082
2016-06-16,213.97094178,214.54894495,210.92823512,212.94580078,9372207
2016-06-17,213.09843931,213.45833351,211.59344441,212.64039612,10534878
2016-06-20,212.04061782,216.50107604,211.13545129,215.97760010,10758608
2016-06-21,216.82822798,216.83913342,213.68737271,215.30142212,13933068
2016-06-22,214.84338128,215.03967928,213.12026285,213.86186218,12788710
2016-06-23,213.74194346,214.18906676,211.57168684,213.85099792,9837526
2016-06-24,210.45927150,210.45927150,203.58865203,207.52561951,24985097
2016-06-27,205.13727422,209.04152546,205.13727422,208.44171143,9163399
2016-06-28,208.60530733,209.72859729,208.29994031,208.91065979,7604977
2016-06-29,209.82674509,211.34264562,209.39051273,210.89550781,7523987
2016-06-30,212.00788589,213.20752848,210.92821775,211.38626099,12758283
2016-07-01,212.17148149,213.05483706,211.57165292,212.32415771,6610193
2016-07-04,212.77129455,216.71916739,212.77129455,215.21417236,7803505
2016-07-05,215.08334700,218.74767897,213.81828608,216.61015320,11359882
2016-07-07,216.47925167,218.22416651,215.09421650,215.47592163,12029091
2016-07-08,215.27961854,215.71583632,212.95668607,213.40382385,7140617
2016-07-11,216.15207015,217.01362939,214.95244213,216.47924805,8266601
2016-07-12,217.07905903,219.20567893,216.15206714,218.85670471,9767494
2016-07-13,219.24932012,221.75764536,219.02030577,220.02363586,14915296
2016-07-14,219.88184597,221.19052842,217.73340062,219.18386841,10758372
2016-07-15,220.07817520,222.69555504,218.87854703,220.77613831,13992989
2016-07-18,224.22233194,226.56707532,218.49681339,219.47833252,32106850
2016-07-19,219.42383109,223.12087915,217.08999288,221.99758911,16649300
2016-07-20,222.46654339,224.28779657,221.72494393,223.13179016,12265316
2016-07-21,223.34987660,223.56800006,219.20569101,219.50015259,6711097
2016-07-22,219.42381919,221.99757706,219.22750661,221.35414124,6899519
2016-07-25,221.16871375,223.29533362,219.71824598,223.07722473,8241568
2016-07-26,223.13176447,225.70552225,221.43047139,223.36077881,10516399
2016-07-27,223.14266913,223.78610493,220.06724633,220.97242737,11030767
2016-07-28,221.37592728,224.76760773,220.96150585,223.86242676,15610838
2016-07-29,223.34987063,223.54618320,220.73249110,221.36503601,9629597
2016-08-01,222.04120936,222.54287443,219.21661155,220.18722534,7978251
2016-08-02,219.86004584,222.47742544,219.48924616,220.90699768,7710138
2016-08-03,221.25599135,221.25599135,216.26116608,216.79554749,11872282
2016-08-04,217.89699964,218.11510853,214.49439901,216.58830261,10187608
2016-08-05,217.67889601,222.25931419,217.47169255,221.65950012,12109001
2016-08-08,222.45561863,225.53104153,222.18296794,224.49499512,13556347
2016-08-09,224.00423129,225.64009172,222.69553422,224.81124878,13290768
2016-08-10,224.93121987,225.65099379,218.55134539,218.91123962,13471958
2016-08-11,218.54042553,223.09903219,218.02785510,221.19052124,14169454
2016-08-12,221.82308102,227.47227652,221.82308102,225.92364502,16365425
2016-08-16,226.02179716,227.88667193,221.49590646,223.54618835,13367575
2016-08-17,223.37168660,224.39682755,219.68554428,221.01605225,15486572
2016-08-18,221.60497094,223.27354778,221.60497094,222.05210876,7749690
2016-08-19,222.04118814,222.91365284,219.66372839,221.36503601,8177802
2016-08-22,220.73249966,222.41199645,219.68554781,220.69978333,6684236
2016-08-23,220.73250851,221.38686437,219.20570245,220.39443970,7320433
2016-08-24,220.66708533,222.90277457,220.51440909,222.58650208,8719596
2016-08-25,222.73917763,224.44048545,220.07817600,220.88520813,14960746
2016-08-26,222.01939887,224.83307668,221.29961033,224.20054626,9639663
2016-08-29,224.05876527,231.14750855,223.80792547,230.64584351,16193208
2016-08-30,231.63826838,233.05600539,229.67522998,232.59797668,18170724
2016-08-31,232.27080441,234.25565374,228.36653842,231.20204163,23295502
2016-09-01,229.67523809,233.98300561,223.72069002,224.48410034,42621045
2016-09-02,224.89851277,225.21478526,218.61680118,221.02697754,28124615
2016-09-06,222.45562744,223.56801201,221.38686465,222.45562744,11510431
2016-09-07,222.91366186,224.01514094,220.96152893,221.96485901,12927438
2016-09-08,223.14264614,225.95633797,222.52102129,225.40013123,12206479
2016-09-09,225.74915501,228.99906510,224.65858135,227.83215332,15269894
2016-09-12,224.74582153,230.32956964,224.47318539,228.25747681,33684893
2016-09-14,228.58464597,230.98390207,227.03602913,227.87576294,18604842
2016-09-15,228.36649587,233.42676727,228.36649587,232.29257202,31371009
2016-09-16,232.72882950,238.58521347,231.00571099,234.59370422,39324529
2016-09-19,233.93939842,237.30928326,233.60132958,236.08782959,16678060
2016-09-20,236.43676536,236.60034702,233.17595027,234.29924011,11531268
2016-09-21,234.25566758,236.63311309,233.16509384,233.87396240,10943394
2016-09-22,236.21868712,239.01055392,235.34622237,237.51646423,18761415
2016-09-23,237.52736333,241.98782139,237.52736333,240.53735352,31085948
2016-09-26,240.66821213,246.37193445,239.98115456,241.49705505,38213411
2016-09-27,243.63457888,245.58671171,241.36618815,242.21682739,19374535
2016-09-28,241.64974869,241.67155958,236.93846519,237.88726807,24820234
2016-09-29,238.83605803,242.27136054,232.81607770,233.91755676,21260295
2016-09-30,232.94692651,238.73789207,232.57612684,236.37133789,11199883
2016-10-03,237.09113079,241.66064330,234.74640187,237.89816284,18125170
2016-10-04,238.41073449,241.73698260,238.18170558,239.13050842,13113580
2016-10-05,240.79913159,241.34441847,236.82943257,237.61463928,10789932
2016-10-06,238.18169414,245.65214207,238.18169414,242.28227234,21111045
2016-10-07,242.98023728,244.95416644,241.34437690,241.88966370,15280380
2016-10-10,242.98024702,244.72517647,238.61793794,239.13050842,11553662
2016-10-13,237.52734040,237.53824584,229.45707889,230.58038330,21938040
2016-10-14,231.85635996,236.00054534,231.56189840,235.05174255,15265659
2016-10-17,235.56431939,235.73882106,230.92937431,231.34379578,9826781
2016-10-18,232.51072897,236.16416978,231.64918419,235.80427551,11073137
2016-10-19,236.53495007,238.77063921,235.86970333,237.16748047,17073242
2016-10-20,238.60704678,239.49041700,236.44771028,237.21112061,10125508
2016-10-21,239.27229411,239.27229411,230.85304297,232.11811829,43608816
2016-10-24,233.38318734,234.25565210,231.34381079,231.92181396,10513017
2016-10-25,232.29261702,232.34714425,229.93696796,231.38743591,7658966
2016-10-26,230.34048348,231.08208291,229.47892416,229.90425110,10945927
2016-10-27,229.26082644,229.87154598,227.58134405,228.73735046,12842476
2016-10-28,229.02088722,230.76580214,227.66856833,230.10055542,8127969
2016-11-01,229.30441582,230.31865129,228.45376202,229.23898315,10223897
2016-11-02,227.05784413,227.46136015,222.69553509,223.29534912,7039997
2016-11-03,223.31716311,225.69462295,222.60829461,223.33897400,7311872
2016-11-04,222.53194109,223.98240887,218.11510507,219.32565308,11535892
2016-11-07,221.16872363,221.72491588,217.90790830,218.36595154,9506040
2016-11-08,219.35839421,219.35839421,217.74433001,218.87854004,13432073
2016-11-09,207.20937279,220.07816229,202.84706361,219.11845398,21640144
2016-11-10,222.17206638,224.42956637,219.64193026,220.38352966,9764091
2016-11-11,217.64615713,221.93212783,217.04634312,218.49681091,14775330
2016-11-15,217.35174593,218.11514172,213.65468317,214.93066406,14487470
2016-11-16,217.02456668,217.41717730,213.90552172,215.18148804,16550762
2016-11-17,215.06152725,217.71162346,212.53139095,213.26208496,12628378
2016-11-18,214.84338509,216.52286722,214.18902931,215.38867188,18163751
2016-11-21,215.39957968,216.70826214,214.45077688,216.26113892,13232434
2016-11-22,217.61342856,219.81638645,216.65372038,218.43136597,17646355
2016-11-23,219.20570600,220.40534871,218.01698329,220.07817078,13107911
2016-11-24,219.32568639,219.32568639,214.23269749,215.35598755,18913793
2016-11-25,215.93396459,217.22083618,214.70162021,216.74098206,10454964
2016-11-28,216.58832815,218.24599960,214.64710055,215.20329285,8312777
2016-11-29,215.71584345,219.05301150,215.50864000,217.61344910,9885281
2016-11-30,218.10420629,218.10420629,215.20327063,215.94487000,27596098
2016-12-01,218.11511872,221.38685416,217.02454509,217.62435913,12627845
2016-12-02,217.22084171,219.20569095,216.32658066,216.97001648,12481430
2016-12-05,217.02453739,218.04967831,215.17055355,216.77371216,3987213
2016-12-06,217.24265323,219.54377493,216.93730077,219.24931335,6726369
2016-12-07,218.98757527,219.77278185,217.31899856,217.92971802,4930865
2016-12-08,219.21660671,222.87004744,219.06393047,222.48834229,8750556
2016-12-09,222.91368001,225.06211112,222.54288028,224.42958069,8239158
2016-12-12,222.58646311,227.21050247,222.58646311,224.04783630,9023848
2016-12-13,224.22235409,227.05785732,224.12420508,226.79611206,10365823
2016-12-14,226.79609550,232.17263996,226.44712126,231.09297180,24139260
2016-12-15,229.54437725,232.85972017,228.72643969,229.66433716,19331986
2016-12-16,229.45707889,231.63824049,229.45707889,230.58038330,14942206
2016-12-19,230.11145859,232.71793278,229.96967325,231.75822449,15009634
2016-12-20,230.04604020,231.42015550,229.70795683,230.74400330,11688169
2016-12-21,231.22383111,232.79425880,230.59130076,231.91088867,20367894
2016-12-22,230.76580720,231.78004275,229.22809571,229.75157166,28892834
2016-12-23,229.45710777,233.15417023,229.45710777,230.61312866,10265033
2016-12-26,229.96968635,232.51072801,227.85397164,228.46469116,15321770
2016-12-27,228.55193593,232.75064878,228.36652880,232.22717285,17442849
2016-12-28,232.92515848,233.28505276,228.38836183,228.95545959,9637310
2016-12-29,229.02089232,233.12145630,228.91182330,232.39076233,8772325
2016-12-30,232.24901055,236.65494192,231.87821081,236.08782959,15711974
2017-01-02,236.43679294,237.74549004,233.89575141,236.67672729,7097888
2017-01-03,237.71280286,239.27232539,235.80429148,237.61463928,6434204
2017-01-04,238.37799958,238.39981047,232.13991076,232.76153564,10392483
2017-01-05,233.60128167,235.54249441,233.11052213,234.99720764,8734164
2017-01-06,234.29924793,236.65489669,234.05931359,234.46282959,7845839
2017-01-09,234.90997636,236.87301465,233.60129388,235.06265259,5228980
2017-01-10,235.56432310,238.70517861,235.56432310,237.71276855,11349916
2017-01-11,238.83605928,238.98873551,236.43678859,236.88392639,11475958
2017-01-12,237.09112085,237.82181476,235.52069315,236.28410339,4371992
2017-01-13,236.55676757,239.38136541,236.55676757,237.83274841,7234429
2017-01-16,237.73457819,238.60702834,234.24473390,234.74639893,12013154
2017-01-17,232.29264439,232.94698577,226.51259736,227.11241150,39234251
2017-01-18,227.40683557,228.58466740,224.38593971,225.21478271,15867619
2017-01-19,225.78187988,227.99575817,224.87669876,225.46562195,15284274
2017-01-20,225.52015388,226.28354966,223.32808643,223.74250793,8784907
2017-01-23,222.87003130,224.87667681,220.90699301,221.58314514,13708502
2017-01-24,221.82306199,224.39681971,221.82306199,224.06965637,9419288
2017-01-25,225.09479202,225.24746824,221.63766425,221.88850403,23856654
2017-01-27,222.53195594,224.41865618,222.25930525,223.58981323,21861796
2017-01-30,223.55707985,228.24655194,223.52436352,227.88665771,15678126
2017-01-31,228.33381699,229.84971756,226.90515997,227.97392273,15125194
2017-02-01,228.17024834,229.21720027,225.79278832,228.94454956,11312284
2017-02-02,229.02088571,229.19537283,226.45803329,227.60313416,9099129
2017-02-03,228.14841433,229.11902804,224.68038095,225.45469666,13219481
2017-02-06,226.18539516,227.90849927,225.10572691,227.19963074,9991907
2017-02-07,227.27593985,227.35227796,224.04784096,224.85485840,9905562
2017-02-08,224.85487860,226.45803731,222.91366565,223.60072327,16230826
2017-02-09,224.22234592,225.53104302,223.96061523,225.25839233,9861688
2017-02-10,225.74915677,225.86911667,223.68796934,224.69129944,12518554
2017-02-13,225.31294269,225.53106618,222.91368625,224.62588501,8565757
2017-02-14,225.74913498,229.65340056,224.63675053,228.97723389,18244623
2017-02-15,229.65341691,230.65674698,227.98482555,229.30442810,15236663
2017-02-16,229.57706016,233.26320225,229.57706016,232.83787537,19655195
2017-02-17,232.61980076,235.17174791,230.86396573,234.58282471,14847356
2017-02-20,233.50313212,235.31349419,232.61977653,234.56098938,11650581
2017-02-21,234.51737170,237.95268879,234.04842301,237.35287476,14186476
2017-02-22,238.39983965,264.27918998,238.18171617,263.37402344,127323130
2017-02-23,264.70449563,266.53666858,257.23404761,257.97564697,62249698
2017-02-27,259.66604803,274.12707612,259.63334625,270.22283936,83422197
2017-02-28,268.71778171,272.20764005,267.95437156,270.03738403,36111716
2017-03-01,270.48456151,271.42245889,268.28160340,269.26312256,24385665
2017-03-02,270.00474749,273.66909420,267.63822179,269.75393677,18063590
2017-03-03,270.80085021,280.88866400,270.80085021,274.50878906,84305639
2017-03-06,276.78810576,286.16705122,275.97018277,284.71658325,66724743
2017-03-07,287.66107304,289.43870396,282.70985621,284.62927246,42071555
2017-03-08,285.22910233,285.22910233,280.51783412,281.63021851,43336972
2017-03-09,281.36853510,283.11343552,279.51455110,280.65963745,31094457
2017-03-10,281.42300530,282.67717504,275.08675305,279.54721069,24785585
2017-03-14,287.63936685,287.69390865,280.33251340,281.25949097,27765035
2017-03-15,281.59747189,287.10488087,281.45571568,284.62927246,24107889
2017-03-16,285.73079642,285.81803997,282.15369418,283.03707886,15924023
2017-03-17,285.29455558,287.90102964,283.12432842,283.70233154,22727289
2017-03-20,284.85839882,284.91294062,278.82752650,279.36190796,12869337
2017-03-21,279.66718957,280.03797467,274.67235053,275.65386963,22596181
2017-03-22,273.08011628,276.11191733,271.89140822,274.75961304,20291685
2017-03-23,275.51210453,278.65296005,274.38882914,277.72598267,11807911
2017-03-24,277.90048690,281.80475293,276.66812786,280.65963745,16282523
2017-03-27,277.24614506,278.91475113,272.03319617,272.88385010,32452615
2017-03-28,274.38885655,275.69753920,270.92080822,271.71694946,21707345
2017-03-29,273.01470804,274.82507031,269.01230747,274.09439087,18924345
2017-03-30,273.73447353,278.04225535,273.29825573,277.14797974,27862325
2017-03-31,276.13374755,291.76170260,276.13374755,288.10827637,45390562
2017-04-03,292.71049498,301.10792041,291.63081227,299.83193970,44886623
2017-04-05,304.31420103,309.28722933,301.02066944,308.63287354,40323877
2017-04-06,307.32421841,316.02699685,305.84104871,313.75860596,50620850
2017-04-07,310.00706842,312.77711001,305.91739502,306.80075073,31875272
2017-04-10,307.54231513,310.79222511,300.40995023,301.29333496,30768410
2017-04-11,302.71106701,305.45932648,298.83953217,299.33029175,32249647
2017-04-12,301.60956104,302.40570216,294.70622545,295.32785034,27448279
2017-04-13,295.32783894,299.55926768,293.87737120,297.68350220,12713918
2017-04-17,297.72717259,304.39058924,297.72717259,303.58355713,11837502
2017-04-18,305.35031913,307.54235757,298.16341146,298.86138916,16016414
2017-04-19,298.59959102,301.55506857,296.10217128,298.55596924,11572557
2017-04-20,300.78074524,302.48202367,297.53080634,298.71954346,8393496
2017-04-21,301.10795233,309.94162561,300.68262538,305.90649414,30230907
2017-04-24,307.33505965,312.99517422,305.40475244,309.15634155,25512511
2017-04-25,318.44808729,320.13847498,311.05399156,312.51535034,36764315
2017-04-26,312.99517790,314.09664229,305.92824646,308.94912720,16763153
2017-04-27,309.06916372,310.62868618,305.84106433,307.43328857,12571594
2017-04-28,307.48785701,309.78895000,303.39818335,304.31427002,11848658
2017-05-02,305.79733514,305.79733514,298.01064484,298.93762207,18591411
2017-05-03,300.32273890,301.16247281,297.72718446,298.83956909,9500038
2017-05-04,299.90834285,300.91167306,295.33882969,296.18948364,14365934
2017-05-05,296.98554531,298.23971514,289.00252680,289.71139526,15598448
2017-05-08,290.09307976,292.16517235,287.55203851,288.21728516,16066733
2017-05-09,288.78442890,290.88922349,287.96647683,290.16946411,21106150
2017-05-10,291.14005479,297.42176574,290.23488831,296.44024658,22906024
2017-05-11,297.53089295,298.76325220,294.81536372,296.53848267,13783848
2017-05-12,296.64752345,297.50906832,293.15769305,294.55361938,7523427
2017-05-15,295.85134479,295.85134479,290.85650558,293.16851807,6738085
2017-05-16,293.59387020,300.32271935,292.49237652,295.82955933,12655992
2017-05-17,295.10971987,297.93430257,293.96460462,295.13153076,9844573
2017-05-18,292.32882921,294.45543490,288.80626815,289.51513672,9790379
2017-05-19,290.74747580,291.33636986,285.73082528,287.66113281,12813204
2017-05-22,289.32967860,290.87830993,286.86498994,288.81710815,8801430
2017-05-23,289.15518739,290.06038293,283.98586126,284.76016235,9223001
2017-05-24,285.18546825,286.53780147,282.48086006,283.04794312,14326531
2017-05-25,283.54966405,286.25427264,282.77533378,284.08404541,25922008
2017-05-26,284.41121347,293.23396610,283.54966874,291.68536377,21430443
2017-05-29,291.61993500,297.82529352,291.31455341,295.96041870,24022633
2017-05-30,295.74229126,297.66170775,294.12822722,296.49478149,9658309
2017-05-31,298.16341103,298.37062907,291.35820856,292.42697144,16423338
2017-06-01,290.68202353,292.27424758,288.56630901,289.71139526,9534069
2017-06-02,291.18359486,291.99062667,287.25751934,288.94790649,11495005
2017-06-05,289.27518687,292.49236597,287.00679605,289.95132446,10835031
2017-06-06,290.95465657,290.95465657,285.94892619,286.34152222,9591064
2017-06-07,285.99255006,292.71050818,285.51271047,292.05615234,11199223
2017-06-08,292.27425985,293.32121171,289.66778565,290.46389771,7903123
2017-06-09,293.38664670,295.09884529,290.31122377,291.33636475,13836547
2017-06-12,289.34062365,290.03860127,287.25761081,287.79199219,8432435
2017-06-13,288.04282023,289.43874628,285.94891658,286.67959595,6025338
2017-06-14,287.01768571,296.63655033,287.01768571,296.09127808,52939271
2017-06-15,296.63654436,304.27058871,296.44024635,301.86041260,28290813
2017-06-16,302.98370659,304.44506527,298.66500499,302.91827393,32710880
2017-06-19,303.22361650,308.80734948,303.22361650,307.37869263,15236956
2017-06-20,307.32422171,310.18153581,306.98613834,308.05490112,10142474
2017-06-21,307.06246484,311.46838097,306.28813459,310.15969849,19992472
2017-06-22,311.78462746,315.26356594,311.40292237,312.48260498,22118609
2017-06-23,313.21333392,314.52201650,312.03551669,313.18060303,31143289
2017-06-27,312.34086641,314.74012264,310.81404582,313.46414185,32591540
2017-06-28,314.07488922,314.07488922,304.39059123,305.03402710,15567803
2017-06-29,305.36120482,307.54235233,303.20186821,303.76895142,12898245
2017-06-30,303.61620509,303.70344864,299.91915771,300.99884033,7814271
2017-07-03,302.78739708,304.20516319,299.03583661,301.22787476,9195278
2017-07-04,303.18006456,311.27213891,302.96195563,310.14883423,18816782
2017-07-05,311.78472348,315.71080092,310.59598607,314.66384888,27209010
2017-07-06,315.98335203,316.26692271,313.64952863,314.64196777,13590313
2017-07-07,314.74009147,326.68188786,314.08576481,325.24234009,35845310
2017-07-10,326.10385766,327.36894733,324.79517533,325.61309814,3504540
2017-07-11,327.39080600,328.13237626,324.33719404,325.94033813,20995547
2017-07-12,327.04181890,332.62558173,326.62741197,329.59378052,17104482
2017-07-13,331.69719769,335.26974492,331.12557722,334.63217163,23010262
2017-07-14,334.17053955,337.68811182,333.19219523,337.19345093,20530867
2017-07-17,337.90791271,342.87650531,337.90791271,341.15069580,18749450
2017-07-18,340.06244568,341.16168876,332.19186991,334.14852905,19640167
2017-07-19,332.54361568,338.12779749,332.54361568,337.01754761,11790198
2017-07-20,338.51253526,340.76599696,334.98395620,336.12719727,13626050
2017-07-21,340.76599248,349.93369972,339.65577187,348.46072388,97142371
2017-07-24,351.75844033,357.23267160,348.46071101,355.11114502,43429394
2017-07-25,357.18872659,357.24370195,351.23081153,352.23114014,20063064
2017-07-26,352.68179366,358.33189888,352.00025181,356.75997925,21954323
2017-07-27,357.91421930,358.68366894,349.19720458,350.61523438,18409364
2017-07-28,349.83471243,353.06651800,346.92172285,350.53823853,14331863
2017-07-31,352.18716869,355.89162199,350.87906022,355.10015869,16567422
2017-08-01,356.75995669,356.75995669,349.88968066,352.54986572,12311920
2017-08-02,353.95694115,359.60704684,353.53921055,358.17803955,20786240
2017-08-03,357.66135150,366.02661702,355.50683400,362.77282715,19707381
2017-08-04,365.60890798,365.60890798,355.07814688,356.62808228,18579866
2017-08-07,358.70564159,358.70564159,354.51753452,355.35296631,9537088
2017-08-08,355.71576540,356.38630054,348.85646536,352.31909180,10961296
2017-08-09,352.08820317,356.15541146,348.46070973,351.49459839,10436651
2017-08-10,350.23053145,353.22048128,346.91081745,348.31784058,10188164
2017-08-11,340.97478791,347.36138020,337.02847911,339.94149780,16996281
2017-08-14,343.18431749,348.35076904,343.18431749,345.83349609,13440617
2017-08-16,345.60267412,346.48207449,340.80995529,344.30557251,13576650
2017-08-17,344.94306128,351.24174600,343.21725189,344.52536011,15828719
2017-08-18,343.84392273,346.87784125,341.45855511,346.35018921,7935890
2017-08-21,346.70189985,348.27381950,343.01943115,343.93179321,7573558
2017-08-22,345.60265805,347.33944510,342.09606353,342.97546387,9533641
2017-08-23,344.03078057,348.80148613,341.45853207,347.81216431,8320052
2017-08-24,349.55996288,350.24147542,343.95379647,344.73425293,12654347
2017-08-28,347.15257166,347.79011559,343.22824682,344.40444946,12316426
2017-08-29,343.37121156,344.61336721,336.36902870,336.84170532,15164812
2017-08-30,340.22740491,344.89919621,338.84236601,343.86590576,10334911
2017-08-31,346.26220536,351.19783670,346.04236260,350.54928589,25104625
2017-09-01,351.72548109,355.40795024,351.53862941,353.97894287,15431918
2017-09-04,355.16609701,359.70598198,350.84605479,354.69342041,21560532
2017-09-05,358.35391658,359.42019800,356.38627983,358.92553711,25216776
2017-09-06,357.56243334,363.30050522,356.77099944,361.73956299,48745984
2017-09-07,361.87146576,366.04859504,358.35386467,359.71691895,16205339
2017-09-08,360.55241610,361.98145281,357.07881228,359.18936157,13248413
2017-09-11,361.12404843,363.56436196,359.03548334,359.62905884,12690592
2017-09-12,361.76157906,362.75090087,359.23332851,362.20129395,6500191
2017-09-13,362.31118936,378.09633933,361.43178900,373.30364990,29377106
2017-09-14,376.29360253,378.79986864,370.22576638,371.03918457,11867640
2017-09-15,370.22572396,374.99642861,367.03791632,370.13778687,28595395
2017-09-18,373.74334137,374.20504051,370.70942327,371.78668213,5061995
2017-09-19,373.17174430,373.19372858,368.02727711,368.73077393,7718697
2017-09-20,376.42553741,383.63658580,371.58884966,372.49023438,24942703
2017-09-21,372.42428332,374.49086409,367.69751693,369.93997192,12950541
2017-09-22,369.30236582,369.30236582,357.56241148,359.40914917,12294087
2017-09-25,358.35388922,364.04799243,354.04485400,361.23391724,14229631
2017-09-26,361.29987013,363.65224621,357.12274056,360.59634399,10564143
2017-09-27,363.01470770,363.05867625,349.77979266,351.38467407,18448855
2017-09-28,351.60456205,353.03356933,343.05241457,345.80053711,29547622
2017-09-29,348.13090390,348.85641430,342.56873575,343.36019897,16666208
2017-10-03,349.55995269,353.45125742,345.31684085,351.03292847,18345748
2017-10-04,351.40663871,362.72886250,349.82374165,360.04672241,18907611
2017-10-05,362.75086891,364.26784258,359.95880728,362.37713623,10631751
2017-10-06,362.31118349,369.06056137,361.69559444,368.04925537,12997688
2017-10-09,368.90666114,369.25843891,364.07000299,365.23519897,8850408
2017-10-10,365.38907749,372.55615674,365.38907749,370.75338745,14732024
2017-10-11,371.67676211,377.43681847,367.58756941,369.41232300,15420644
2017-10-12,370.26971811,385.52724490,370.26971811,383.74645996,18642942
2017-10-13,386.62651449,391.63904683,384.01029759,385.37335205,21509701
2017-10-16,386.49465083,392.21070998,378.71198146,385.52731323,32009221
2017-10-17,386.05483242,388.69303318,381.30608279,384.44995117,13898844
2017-10-18,385.79105025,403.59881131,384.73577574,402.10385132,36671941
2017-10-19,402.67544084,405.35761033,397.04731991,400.08123779,8014767
2017-10-23,401.40032906,415.38273850,399.72946550,413.20620728,27455320
2017-10-24,416.70181815,416.70181815,408.12771645,410.78787231,13857773
2017-10-25,413.36015390,415.91038860,408.69934066,413.27221680,10011782
2017-10-26,413.31618541,421.14279307,409.35889835,416.56994629,16840049
2017-10-27,417.71319970,420.65918102,407.02851770,408.85327148,11498547
2017-10-30,410.67802167,415.75653661,409.18306142,414.41546631,7823263
2017-10-31,415.49268018,415.84442859,409.88651383,413.68991089,9504986
2017-11-01,416.72380158,421.14275806,415.84440126,418.83435059,17571371
2017-11-02,418.94427772,420.57117272,415.18484940,416.21813965,10277678
2017-11-03,420.32937494,420.32937494,413.38216717,415.64660645,4798537
2017-11-06,414.41540377,414.41540377,408.47947353,410.01840210,9757496
2017-11-07,410.39219632,411.11767744,397.06934333,398.67422485,20447574
2017-11-08,396.82753563,398.36646440,388.73708676,390.36395264,17752793
2017-11-09,393.41977962,400.08121983,392.23259952,395.94805908,15007224
2017-11-10,396.14596398,396.14596398,386.58253989,388.62713623,13923102
2017-11-13,389.13275406,392.16667200,384.07622416,384.84570312,9088619
2017-11-14,384.73578202,393.52972665,383.85638169,389.88024902,12481463
2017-11-15,388.91293616,391.59507653,386.03290796,388.56118774,15272059
2017-11-16,389.35264745,398.36646534,389.35264745,397.42111206,15160866
2017-11-17,404.06050298,406.67669027,399.46564300,400.96063232,12219276
2017-11-20,398.45433623,406.43486241,397.92671366,404.89590454,9231195
2017-11-21,407.51209422,413.16219896,406.94047379,410.04034424,13082246
2017-11-22,412.19491397,412.72256592,406.03914084,409.24896240,11058315
2017-11-23,409.35892973,417.66922145,407.44623888,416.39410400,16031638
2017-11-24,417.71312332,421.89025279,416.56991171,418.19677734,13987125
2017-11-27,416.50399221,421.01088615,415.07495558,418.30673218,10237135
2017-11-28,417.64719792,418.30672618,412.48074642,414.78915405,10153618
2017-11-29,414.12959215,417.71314643,413.75585948,415.95434570,8038351
2017-11-30,413.95371158,413.95371158,404.30235073,405.20373535,20637767
2017-12-01,406.47882146,409.46877067,399.11388447,400.16915894,11114967
2017-12-04,401.66413619,401.79604183,394.56301017,396.43173218,10103208
2017-12-05,396.18987695,404.85191517,393.72757972,401.75204468,18306627
2017-12-06,400.12525834,409.05110960,399.59760634,407.44622803,24078081
2017-12-07,408.94115041,411.55736718,405.84127959,409.60070801,12095301
2017-12-08,410.61201837,411.97507278,404.10449681,404.96188354,12224184
2017-12-11,405.59945240,407.16039462,401.68613406,402.82934570,10792248
2017-12-12,402.74144487,408.47951725,399.24585679,402.58755493,15782031
2017-12-13,403.15915208,406.69870851,400.43301385,402.16983032,9147866
2017-12-14,404.08248913,406.67669215,399.57556623,405.18173218,10983157
2017-12-15,409.35887045,410.21628650,403.51087736,404.41226196,24408414
2017-12-18,400.98264169,410.08436641,379.30553000,404.96188354,18581421
2017-12-19,406.10510698,407.60006698,404.52218053,407.13839722,8891691
2017-12-20,407.11645098,407.77597927,403.20313240,403.70877075,10443493
2017-12-21,403.84066177,406.25902012,400.12523116,401.42233276,9071450
2017-12-22,402.16980882,405.57745941,399.81740340,404.69805908,10658428
2017-12-26,406.65473583,412.83249332,403.70875487,408.83123779,11596338
2017-12-27,410.23828989,412.21690403,404.08251668,406.17108154,9520350
2017-12-28,406.83062732,410.85386730,404.12650263,406.36895752,15511891
2017-12-29,407.38023018,409.93046473,403.86262885,404.98385620,11089700
2018-01-01,405.70936312,405.70936312,399.02596761,400.01528931,9453202
2018-01-02,401.44430690,404.32433497,398.54229456,400.63085938,9499419
2018-01-03,406.72065753,407.16037236,401.46626936,402.23574829,13507800
2018-01-04,403.70873012,405.31364082,402.63147134,404.65408325,9008932
2018-01-05,405.31365842,407.55611317,404.63211654,405.95120239,7441284
2018-01-08,407.20438784,409.35890562,406.06117612,408.28164673,8827020
2018-01-09,408.10573599,415.03098835,406.28101174,413.73388672,14294571
2018-01-10,414.63525236,416.56992725,411.33752308,414.34945679,11727682
2018-01-11,414.10756822,414.48133022,411.11761902,412.32681274,7849171
2018-01-12,414.63526573,418.94430115,412.54670085,417.27343750,15071161
2018-01-15,417.71317856,421.45059370,415.60262927,417.33941650,11120925
2018-01-16,416.70184464,416.70184464,404.52220382,405.81930542,10825151
2018-01-17,407.16041212,408.47949802,398.80612313,406.50085449,13204016
2018-01-18,408.47954351,408.74335485,402.36773803,404.39035034,9381821
2018-01-19,405.84124643,410.85380746,405.44552951,409.49075317,9973533
2018-01-22,416.83372365,428.39777468,413.31615175,427.16662598,45700733
2018-01-23,428.70560590,435.71876580,428.70560590,432.33309937,22526810
2018-01-24,431.67355475,431.67355475,423.27532656,424.90222168,14289485
2018-01-25,425.58374728,427.38651666,420.41729554,424.70437622,13669901
2018-01-29,424.83620923,429.71683519,421.80229153,424.08871460,9897064
2018-01-30,424.66033858,424.66033858,417.27338806,417.88897705,9182956
2018-01-31,417.71313930,424.08875512,413.99767944,422.68173218,12551686
2018-02-01,423.53916585,427.65031348,411.82119464,415.00900269,16524809
2018-02-02,411.11767295,415.05297576,396.16795433,397.64093018,28965593
2018-02-05,393.09002877,401.22444491,387.72571920,396.67355347,19191099
2018-02-06,385.61515115,394.84880988,382.97695037,392.25457764,24062503
2018-02-07,396.84951526,398.10264841,391.33128561,393.26596069,15532284
2018-02-08,394.80491431,400.41105166,392.36457153,397.72888184,13825894
2018-02-09,390.89156386,396.60762213,389.57244865,394.78289795,11580639
2018-02-12,397.04733312,403.73072878,396.62960255,402.54354858,11877059
2018-02-14,405.84128104,414.41541245,404.96188068,410.52407837,22247829
2018-02-15,412.28287324,415.84441379,408.10571429,411.40347290,13363743
2018-02-16,413.14026105,414.45937624,403.68675875,405.09381104,9628162
2018-02-19,404.96186618,409.79855326,401.68612127,407.60006714,8941900
2018-02-20,408.47946154,408.72128855,403.99455226,405.00582886,8458450
2018-02-21,408.91915738,410.01840046,405.46753824,408.63336182,11917390
2018-02-22,405.40158524,409.35887204,404.52218491,406.43487549,11196908
2018-02-23,406.89653840,412.43675157,405.73134252,410.78787231,10610664
2018-02-26,412.87650405,415.47073687,411.82122938,412.74459839,8435611
2018-02-27,412.87645340,420.26337525,412.59065783,417.93298340,14021366
2018-02-28,415.93239312,420.83503363,414.72322853,419.71380615,56650480
2018-03-01,417.60324837,422.06617390,415.93238466,417.00964355,8956590
2018-03-05,414.63524166,417.77908094,405.22570811,406.32495117,12325694
2018-03-06,408.47948918,411.64531289,397.97071203,400.49896240,16019726
2018-03-07,399.79538405,399.79538405,390.47378834,391.22128296,15853546
2018-03-08,394.69492050,402.10385579,392.78225927,400.76275635,13283967
2018-03-09,402.27971393,404.23637298,400.58686617,401.48825073,10638527
2018-03-12,404.52217804,410.28223396,403.44491926,409.05105591,8315150
2018-03-13,409.75455874,411.55732781,405.11575976,409.73257446,11148731
2018-03-14,408.39154347,409.82055069,404.17044528,408.50146484,14724464
2018-03-15,406.72068120,408.67734038,400.12522259,400.91665649,12711836
2018-03-16,399.68551751,399.99332672,389.59447088,395.75024414,30814962
2018-03-19,396.16793220,398.76213533,392.21064533,393.74960327,12630833
2018-03-20,392.78227462,397.48702694,390.03415216,391.24331665,15192983
2018-03-21,393.46378870,396.76151806,392.78227616,394.36517334,14715126
2018-03-22,393.96947221,400.98266179,393.85955083,399.31179810,22129723
2018-03-23,391.59506069,395.72822180,390.93553244,393.04608154,23469999
2018-03-26,393.06804433,397.61890642,392.43047104,396.21188354,13227705
2018-03-27,398.89404869,400.45496147,394.40911012,395.64025879,15179544
2018-03-28,393.88148520,393.90346948,386.93424932,388.12142944,19160609
2018-04-02,392.65031069,396.14592761,389.79229641,392.62832642,12494499
2018-04-03,391.77096589,396.47571817,389.24268619,395.53036499,13922126
2018-04-04,397.79481425,400.91666946,392.23264574,393.48577881,14214534
2018-04-05,397.97074673,400.12526460,397.26722050,399.33380127,8527915
2018-04-06,399.24582503,403.86264022,397.92673917,400.56491089,9664888
2018-04-09,401.24642248,404.08248181,401.24642248,402.76336670,7813897
2018-04-10,403.81873421,406.23709291,401.95004118,403.22515869,8455132
2018-04-11,405.31363675,410.12831012,402.78535720,409.29290771,13140816
2018-04-12,408.85323356,411.84318316,406.36895167,408.34759521,10822592
2018-04-13,410.10636238,414.06364943,408.34759097,412.81051636,12616816
2018-04-16,410.87577044,413.31611268,408.25958337,412.01898193,8934275
2018-04-17,413.31615232,416.48197585,411.55735169,415.18484497,9599816
2018-04-18,415.62460625,416.92170792,411.13966708,412.43679810,7360987
2018-04-19,412.92040138,415.51463375,411.11763223,414.32745361,9802587
2018-04-20,412.43672792,414.12954628,405.04980680,407.99575806,7326696
2018-04-23,408.91917196,415.22883507,408.25964371,411.55737305,7674482
2018-04-24,411.46944352,429.01339445,411.11766575,426.52908325,19921115
2018-04-25,428.11199791,431.69552279,423.67105694,426.72695923,14079382
2018-04-26,427.82620678,434.42166547,423.09944084,428.85949707,34096999
2018-04-27,435.21312319,444.53471995,433.32241684,438.07116699,25518647
2018-04-30,431.78348021,436.44426383,422.11010588,423.56112671,19406069
2018-05-02,425.18794928,430.55225849,424.33053331,427.69424438,13381914
2018-05-03,429.98073911,429.98073911,421.78036934,422.81365967,8634812
2018-05-04,423.36327091,424.17671849,417.71316516,419.44998169,8302649
2018-05-07,421.60448220,427.93612960,420.50523908,426.94680786,7683268
2018-05-08,429.80490171,431.78354542,424.39659324,425.23202515,10792648
2018-05-09,424.70431302,432.79473104,423.09940237,429.45303345,9831044
2018-05-10,430.90409068,432.92670269,428.37581098,431.40972900,8781584
2018-05-11,431.45371193,435.87266879,429.91478327,434.97131348,8774740
2018-05-14,436.15849690,436.15849690,429.45308725,433.80609131,5642499
2018-05-15,432.24518268,439.69805779,429.43110727,430.44241333,10501479
2018-05-16,428.26585676,428.26585676,418.79037074,420.41723633,18840763
2018-05-17,421.82432174,422.11011732,413.97570069,415.66854858,10353948
2018-05-18,415.77845069,419.25205406,409.79855202,410.61199951,11440117
2018-05-21,409.24894506,411.42544690,405.44554823,409.51275635,14491208
2018-05-22,410.30427941,410.67801213,406.72072480,407.49020386,11310073
2018-05-23,407.16041500,407.16041500,399.75147917,401.11456299,9991028
2018-05-24,401.88400119,404.96188780,400.19118263,402.69744873,11632489
2018-05-25,402.76335248,406.01711290,402.08184003,404.87390137,17782410
2018-05-28,406.67670248,407.60007136,403.68675311,404.69805908,11369679
2018-05-29,405.18181675,408.03983166,402.05996116,403.40103149,17878384
2018-05-30,402.25776616,405.92922823,398.63024329,402.80737305,13105124
2018-05-31,404.96186442,405.53348490,402.12583436,405.11578369,37080158
2018-06-01,404.52218211,411.44743397,403.84064025,409.16101074,19174278
2018-06-04,410.41416579,415.07494960,409.16103274,413.68991089,12250151
2018-06-05,414.54733713,419.91164723,413.75587384,416.67987061,17436812
2018-06-06,416.39403603,420.35129340,414.48134549,419.64779663,9164022
2018-06-07,419.86761579,429.14524304,419.66975733,427.10064697,14999572
2018-06-08,424.90225869,433.78414172,422.37397869,432.81683350,14289325
2018-06-11,434.02596469,439.67607040,430.48637884,432.06930542,15018718
2018-06-12,432.39906382,439.69804884,431.03600937,438.44491577,16285583
2018-06-13,439.69805908,442.29229174,435.08124365,440.79730225,12962502
2018-06-14,438.57678969,444.88645250,434.15783317,443.19363403,11997529
2018-06-15,442.33626307,450.03096528,439.36829770,445.94177246,24705890
2018-06-18,443.56737423,448.68985697,442.77591100,446.53533936,12363932
2018-06-19,445.80986532,446.20561164,436.90596922,437.96127319,13881382
2018-06-20,437.93927947,449.76717291,437.43364109,448.16226196,15735681
2018-06-21,450.00889421,455.52712264,449.06354116,453.74633789,22988909
2018-06-22,452.18541942,452.53719714,443.41345954,445.19424438,35370008
2018-06-25,444.71059589,446.95305065,440.70934042,441.65469360,11369371
2018-06-26,442.33625899,442.33625899,428.81554754,430.44241333,17649122
2018-06-27,433.12059004,436.17478890,426.12691343,427.52124023,19595831
2018-06-28,425.81706840,428.69421734,416.21184731,418.27011108,18770484
2018-06-29,420.10704533,431.79269131,420.06278286,430.44262695,17425606
2018-07-02,430.39834460,430.39834460,423.60387888,425.19735718,14570004
2018-07-03,427.14496975,433.09844871,425.08670599,429.93359375,11084063
2018-07-04,430.15489013,439.09617384,429.80079041,438.25515747,10938521
2018-07-05,441.30935969,446.35542840,424.31210051,426.92364502,40946479
2018-07-06,427.03430049,435.11243666,426.92364433,432.70007324,20039239
2018-07-09,436.92730310,442.63730937,435.33379511,441.35366821,11309207
2018-07-10,443.85450013,455.25240953,442.63725284,454.01303101,22846197
2018-07-11,453.70324752,460.74118690,450.53839236,459.81164551,18953870
2018-07-12,462.26825996,486.45837817,461.49363723,479.08847046,52736376
2018-07-13,478.26960748,490.88476516,478.04826560,486.81250000,39301408
2018-07-16,486.81254107,490.84054410,474.97197557,476.36630249,14427529
2018-07-17,477.29580810,485.10834044,473.44485524,483.51486206,14150770
2018-07-18,486.19277635,488.93713784,476.85313025,483.60336304,10241565
2018-07-19,483.93532809,493.54054891,480.85899813,489.04779053,11885426
2018-07-20,492.83231774,503.94249121,492.16835127,499.58255005,17538801
2018-07-23,500.09161893,500.09161893,492.69960928,495.88656616,12779803
2018-07-24,496.63901363,498.74151015,490.17648725,491.74786377,9775749
2018-07-25,491.32738797,497.08168595,488.76010580,493.60696411,13014255
2018-07-26,491.37166873,496.41776743,490.35360240,491.61511230,14053674
2018-07-27,495.53245632,503.45567453,492.27907626,500.11376953,14610585
2018-07-30,500.18018428,512.26419391,499.29493482,509.65264893,30344461
2018-07-31,509.47549739,526.91538095,507.77136298,524.96777344,30350826
2018-08-01,526.91547774,532.44846403,524.70229504,527.77862549,21227054
2018-08-02,527.40229725,527.40229725,516.09291333,517.15521240,13668930
2018-08-03,520.09876650,523.86119399,517.68637365,520.96191406,14536058
2018-08-06,520.85125295,529.39414499,520.25373923,527.88922119,8785462
2018-08-07,528.90728367,531.78446219,520.98406575,524.17108154,8879612
2018-08-08,524.52520963,541.12410829,524.52520963,538.99945068,17307566
2018-08-09,540.68145454,545.19634433,536.47640201,539.11010742,14976885
2018-08-10,536.03370821,537.80426575,532.18275592,533.02374268,7833494
2018-08-13,530.08034015,531.14269859,523.50721522,525.72039795,10211072
2018-08-14,526.73838648,538.77813251,524.21536668,535.85675049,11592139
2018-08-16,532.60337900,538.24699158,529.17288989,531.51885986,13086024
2018-08-17,535.14845498,537.98137097,531.18687568,532.82464600,8379864
2018-08-20,534.66151289,547.45371869,534.55082719,546.61273193,16639535
2018-08-21,547.65304652,553.96059630,543.11599556,552.05725098,15923396
2018-08-23,551.65879853,563.91985541,548.16200484,561.90588379,17429373
2018-08-24,560.04687703,566.55363729,557.74516953,565.46917725,14550512
2018-08-27,566.31008036,573.59146230,566.02240390,571.66601562,12188510
2018-08-28,573.65801981,585.60924210,573.21539508,583.83868408,19018790
2018-08-29,582.64344548,588.26495594,571.09064638,572.86114502,24230135
2018-08-30,572.59554833,574.16695446,562.34852192,564.11907959,21545859
2018-08-31,562.14931978,562.14931978,547.36524281,549.60058594,33479841
2018-09-03,551.08337300,556.79340790,542.69537050,544.06756592,26686176
2018-09-04,546.72343249,555.42127318,544.00126123,549.73339844,19333815
2018-09-05,549.97688845,554.46967720,534.92723393,543.11602783,22584608
2018-09-06,544.51024641,560.24599653,542.38558891,558.34265137,24487897
2018-09-07,559.89185884,567.17324095,555.28844443,565.95599365,23389269
2018-09-10,564.36245449,565.24776281,553.34080616,555.88598633,15440786
2018-09-11,557.28031202,561.44110178,546.32502728,547.85211182,23787332
2018-09-12,554.09336290,557.14759144,543.93486038,554.40325928,17642490
2018-09-14,557.45741082,564.62810782,552.25642317,554.69091797,17233514
2018-09-17,553.62863790,553.62863790,540.72574410,542.62908936,14773803
2018-09-18,542.67335772,548.60470591,537.51663230,538.75598145,16660044
2018-09-19,541.78802032,541.78802032,531.60741652,535.92309570,24642640
2018-09-21,539.57482566,547.71935579,523.86123656,538.91088867,41713856
2018-09-24,537.56082731,548.82594938,533.15656442,545.35125732,22098277
2018-09-25,546.87833140,551.08338358,528.95150203,544.70941162,21250513
2018-09-26,548.42759597,555.04498216,543.18234618,553.91625977,13992341
2018-09-27,555.50985341,559.05096931,547.76368454,554.95654297,23642923
2018-09-28,557.67869938,562.90184760,552.10145144,556.81555176,24220992
2018-10-01,556.70494613,556.70494613,532.93529212,545.19635010,16039441
2018-10-03,544.22263902,548.69326692,531.18695681,533.42224121,16135428
2018-10-04,526.51699641,526.91535856,489.55677687,496.74963379,50774608
2018-10-05,486.67968988,493.67333663,459.52386983,464.26010132,47998260
2018-10-08,464.76918377,494.42586485,453.94668525,491.06182861,53983473
2018-10-09,496.48411949,497.21447975,478.57944909,482.49679565,24042005
2018-10-10,484.20092592,493.91683291,479.95161089,487.83056641,20784941
2018-10-11,470.96609190,493.42991434,461.67070792,481.50085449,28926389
2018-10-12,489.09205671,499.73747508,487.74202197,498.65301514,19814528
2018-10-15,500.13581868,507.66067389,494.93486102,504.49581909,19406012
2018-10-16,507.26240112,516.73480639,504.60653465,515.14135742,16358598
2018-10-17,521.86936450,522.02425358,504.60647096,509.60830688,27967162
2018-10-19,486.90102835,491.77004750,473.73256020,487.47644043,55606079
2018-10-22,491.32739980,493.45205736,468.02256038,470.36853027,28798142
2018-10-23,465.98640072,471.27591307,461.95839818,466.84954834,23128845
2018-10-24,475.79083405,476.25561951,456.53612848,462.88796997,29869514
2018-10-25,458.57224472,460.63050852,449.89653532,456.27050781,30833933
2018-10-26,457.20007471,467.86765481,452.37534738,462.51171875,20085933
2018-10-29,462.99861147,484.17879283,462.99861147,481.50085449,16781215
2018-10-30,480.48277196,480.48277196,465.69866530,467.86761475,19263668
2018-10-31,468.75287477,471.78494236,463.44123107,469.74880981,35999348
2018-11-01,472.69233894,472.69233894,464.76915085,467.53561401,20552752
2018-11-02,472.29397860,478.49090103,470.58981459,475.79080200,36739798
2018-11-05,475.14901978,483.66978116,471.40872309,482.60745239,16585905
2018-11-06,484.24519387,492.21267441,483.18286510,488.71585083,18886485
2018-11-07,493.54055213,493.54055213,489.86667887,491.63720703,2808599
2018-11-09,489.66748163,493.00938629,480.26144215,484.00170898,23712291
2018-11-12,485.88297207,486.36985923,475.63591519,478.04827881,12690610
2018-11-13,475.39246962,488.22893994,473.64404304,486.65759277,14899604
2018-11-14,489.13631496,492.50035094,480.48276669,485.99359131,17034346
2018-11-15,485.55094581,488.22888392,480.92537069,485.50668335,14943663
2018-11-16,485.99358645,500.15798875,485.61735550,499.02926636,24131016
2018-11-19,501.46380992,509.78539044,500.62282302,509.03292847,15987574
2018-11-20,506.81972363,511.64445070,500.18011722,503.45565796,12511640
2018-11-21,503.49991469,507.04103019,490.02160957,492.61102295,16422494
2018-11-22,493.31926179,498.12188722,486.94528923,488.16253662,12670591
2018-11-26,490.88476734,494.64716569,485.75017340,491.21673584,13969873
2018-11-27,490.39784565,500.18011674,489.31338566,499.38339233,14896607
2018-11-28,501.26461811,512.46337771,498.54244663,510.20593262,17507771
2018-11-29,513.90193725,522.26778054,513.45931255,517.22174072,27640198
2018-11-30,518.90364407,524.96777898,514.47727944,516.80114746,23443212
2018-12-03,520.05450966,520.05450966,508.36886488,511.88787842,12182825
2018-12-04,512.57401484,512.57401484,505.58036708,510.05099487,11358720
2018-12-05,506.26649034,512.92819945,504.29672162,511.31253052,12729759
2018-12-06,508.59021643,508.59021643,494.97915346,497.36941528,12831451
2018-12-07,499.93667484,503.25641876,490.59699939,501.86212158,15779984
2018-12-10,491.32743204,493.23077738,479.42050236,482.58535767,20521072
2018-12-11,471.85136663,487.83059080,466.98237682,485.81658936,29518062
2018-12-12,486.45840477,492.87666977,481.47875868,491.54873657,27572962
2018-12-13,499.29485901,499.29485901,484.70996278,490.02160645,20337275
2018-12-14,488.27317541,493.49629410,483.27136906,492.30117798,15795834
2018-12-17,493.96104200,501.50799865,491.99130333,500.13580322,11077711
2018-12-18,497.21447059,504.16385514,495.97506243,503.01303101,12841994
2018-12-19,505.27051972,507.83780210,501.59661648,503.19012451,16118419
2018-12-20,496.19640838,501.28676968,494.04964906,499.49411011,12609700
2018-12-21,497.96695059,500.73344350,485.13048023,486.98956299,18115814
2018-12-24,487.29940702,488.31747335,480.94756545,482.09841919,9065704
2018-12-26,480.61556706,486.90101454,471.69641421,486.17065430,15771193
2018-12-27,490.08798647,498.85222044,488.67155805,495.84225464,27294221
2018-12-28,498.18822740,502.50396549,496.28488231,498.21038818,16768547
2018-12-31,500.60061461,501.88428518,494.07172380,496.30703735,15799099
2019-01-01,498.07762411,498.98503424,491.37165350,496.19638062,9746670
2019-01-02,493.31923501,498.85222040,487.34362498,489.73388672,15628818
2019-01-03,490.22078553,493.36350925,482.51890964,483.69189453,16288287
2019-01-04,485.75018594,488.87077861,478.53519676,486.30346680,18516544
2019-01-07,489.99947507,495.06767517,487.34363847,489.00354004,12060290
2019-01-08,489.15844012,491.30522874,485.13043768,488.95925903,12304389
2019-01-09,492.21267318,494.42585565,486.32558773,491.65936279,12614237
2019-01-10,490.33142032,491.77000949,488.22889419,490.22076416,8925160
2019-01-11,490.26508685,493.00944859,481.85498129,486.03790283,14139060
2019-01-14,484.68780421,487.12229880,480.88111416,485.48455811,8994060
2019-01-15,489.11415502,501.06537441,489.11415502,500.02517700,22011407
2019-01-16,502.39326574,506.81968941,500.33503163,502.79168701,13961606
2019-01-17,506.57626737,508.10335207,500.18013386,502.14990234,16379077
2019-01-18,508.50173641,526.69414353,502.50402395,524.23748779,56181172
2019-01-21,528.50888341,548.84804679,526.14075297,547.85211182,48206814
2019-01-22,545.70541293,551.94659826,539.84042904,546.72344971,36207430
2019-01-23,545.90452295,550.72930893,540.90274622,542.80609131,19313542
2019-01-24,542.23071769,554.71308828,540.06179765,552.16790771,28775487
2019-01-25,553.49583045,559.80337978,546.83412229,551.52606201,18703992
2019-01-28,553.51794295,555.93033611,541.07983482,544.24468994,18744303
2019-01-29,544.88652339,545.17425898,531.76231750,535.87884521,20405845
2019-01-30,537.80436561,542.23073072,527.22528090,529.26141357,17164298
2019-01-31,532.05003764,544.31109550,531.60741297,543.18237305,22279301
2019-02-01,546.21446362,555.50981840,543.13813341,553.27447510,20187323
2019-02-04,551.96869819,574.07848067,549.77767646,571.40051270,25528059
2019-02-05,571.88732098,577.37604357,565.95597377,571.68811035,20479210
2019-02-06,573.76859221,583.24105602,572.88334284,579.96551514,20586783
2019-02-07,579.96544400,584.81233149,569.27579316,571.17913818,20150710
2019-02-08,568.70037250,575.64981625,563.14528511,565.55767822,14230054
2019-02-11,564.76100426,564.80526674,553.73929434,554.73522949,16457901
2019-02-12,553.96059645,563.18958748,553.96059645,556.12951660,13998153
2019-02-14,549.31285646,549.31285646,539.13219393,541.87652588,14496604
2019-02-15,544.33326614,553.25242024,537.36171991,550.84002686,20994460
2019-02-18,553.29659939,554.40322012,537.80432273,540.06176758,21106139
2019-02-19,539.13224669,548.73749811,536.12233965,538.29125977,13658461
2019-02-20,541.72170710,548.87030303,539.57488860,546.36938477,13776558
2019-02-21,547.09971122,556.74922482,544.15616843,551.92443848,23142949
2019-02-22,550.90630799,551.21614522,542.67325388,545.48400879,19152470
2019-02-25,547.09968441,550.19817524,540.30518900,545.46191406,17176522
2019-02-26,535.36975016,546.56850816,533.82056392,540.12811279,22160532
2019-02-27,543.58068107,551.03911280,535.14841607,541.56665039,24308835
2019-02-28,546.10383728,548.80390726,542.91682101,544.90869141,24688859
2019-03-01,547.54226090,549.91039129,541.01339996,542.69537354,17329606
2019-03-05,541.52246946,548.78175076,539.39781185,547.83007812,15577500
2019-03-06,548.78168384,563.52149788,546.70128896,559.84759521,26332276
2019-03-07,559.49357778,566.48722534,556.90413463,562.26007080,17738092
2019-03-08,560.40093721,564.11910256,558.60827779,560.86572266,13211934
2019-03-11,562.17147378,580.74007992,561.26406371,577.24328613,21258869
2019-03-12,582.90904237,590.47816072,581.73605743,589.30517578,24561597
2019-03-13,591.80614267,601.98674746,587.86666454,596.36529541,24577591
2019-03-14,597.44964751,602.87194700,591.40761443,593.82000732,22753310
2019-03-15,595.34714878,601.45554659,580.38602108,585.01159668,34764353
2019-03-18,589.15025315,601.07937282,588.26500376,597.58251953,22104063
2019-03-19,601.98661359,610.83940136,594.50608032,609.31231689,21448030
2019-03-20,609.86569810,614.38058832,603.75729983,608.82550049,21639437
2019-03-22,607.51966177,611.23782711,591.67328525,593.90856934,25078643
2019-03-25,588.97314578,591.73963851,582.82048583,586.25091553,17394088
2019-03-26,588.84043743,607.12136990,588.70765002,605.19592285,20734876
2019-03-27,609.93201400,609.93201400,595.01515027,597.22833252,22079870
2019-03-28,597.67113632,606.32471638,594.37349318,601.98681641,22930248
2019-04-01,606.41304192,622.70204154,603.11539988,616.08465576,22088854
2019-04-02,618.80702100,621.06446614,610.88380222,615.13311768,17526740
2019-04-03,616.48305203,621.02010235,607.29832476,608.71478271,17169813
2019-04-04,610.39689747,612.47729267,596.34311996,598.91046143,18320845
2019-04-05,602.40721367,603.71298600,594.46189399,599.28662109,14717266
2019-04-08,600.21608015,600.88001704,585.91889227,588.37548828,19081843
2019-04-09,588.22071258,593.44380193,584.72385946,590.67736816,20774977
2019-04-10,592.22648941,596.67501464,587.15828971,589.32720947,16651949
2019-04-11,590.01336243,598.88825293,588.26496545,596.14392090,12558520
2019-04-12,597.56027257,600.61450072,591.65108600,594.50610352,12948769
2019-04-15,595.34707634,597.09553224,590.92071194,593.20031738,9285737
2019-04-16,595.34707447,601.98662106,593.13389227,594.79382324,17360317
2019-04-18,608.62637807,615.15524058,604.20001257,613.47326660,39286534
2019-04-22,601.98667419,605.08516500,593.70935668,595.50207520,23607922
2019-04-23,596.67498905,607.74089969,595.78973984,603.69079590,19807450
2019-04-24,606.54598546,617.39058688,604.75326665,615.04461670,16101112
2019-04-25,614.86747109,625.18092122,603.13756294,607.47540283,30469914
2019-04-26,608.62635188,617.89960551,606.72300653,616.50524902,15069884
2019-04-30,618.09875708,618.09875708,604.99671106,616.50524902,22348580
2019-05-02,616.15115296,625.84492966,611.76905010,621.92761230,18992003
2019-05-03,623.21119588,627.43840945,620.86522591,623.60955811,14240262
2019-05-06,618.80692194,620.93157933,609.99839605,613.00836182,15832114
2019-05-07,617.39046067,617.47898560,593.22244609,594.68316650,19417647
2019-05-08,593.13392934,593.13392934,571.97588022,575.18499756,31958919
2019-05-09,570.47090295,570.47090295,554.07121637,556.15161133,42670173
2019-05-10,559.93622519,565.55773641,551.08349443,553.80572510,24557430
2019-05-13,552.36706468,558.07704070,543.33722658,545.35125732,17603659
2019-05-14,547.32099452,561.86165785,545.10781212,557.92218018,28438234
2019-05-15,563.47732422,565.69050684,553.56223534,556.35083008,24419559
2019-05-16,557.70077157,562.99028309,556.88188654,560.09100342,14451308
2019-05-17,560.82148528,565.22568950,554.18187869,560.99853516,17276949
2019-05-20,581.44829925,592.11584793,576.97761336,586.89270020,26979100
2019-05-21,589.68146439,605.08521754,588.72979175,593.04547119,30343560
2019-05-22,595.63478087,601.85380422,590.96494362,593.31091309,24689918
2019-05-23,607.29830911,616.15103811,586.49436048,590.43383789,38766006
2019-05-24,596.67509806,599.24238034,582.73200674,591.73968506,22269265
2019-05-27,591.85032325,592.02737311,578.52690756,580.14251709,16076686
2019-05-28,584.19258237,590.83212832,581.33756521,585.94097900,42594251
2019-05-29,584.72384976,590.16831045,577.26541729,581.20489502,15558515
2019-05-30,582.62131394,594.01922337,582.62131394,588.59692383,23494381
2019-05-31,592.20453926,593.97509731,584.36984500,588.77410889,25724066
2019-06-03,590.92082030,605.19591018,584.81242212,602.07531738,18556942
2019-06-04,600.85793145,608.29426185,596.71930238,598.29064941,15442761
2019-06-06,602.82785768,602.82785768,584.76823561,587.53472900,16764835
2019-06-07,586.91489267,587.49030470,577.90721535,582.02374268,14722419
2019-06-10,584.67959098,587.37966056,579.89912636,583.90496826,11768468
2019-06-11,585.10014053,590.69949060,583.39600593,588.33135986,11492074
2019-06-12,590.78802428,592.42579475,586.49444654,589.65930176,10297599
2019-06-13,588.70754269,590.78793756,579.25724089,587.49029541,15686169
2019-06-14,585.12216300,586.49435844,579.58923693,583.19671631,14942768
2019-06-17,584.28123399,584.28123399,565.91177818,567.59381104,14908257
2019-06-18,566.08886165,570.09476292,561.75102140,567.01843262,16797371
2019-06-19,569.62998467,576.31379501,558.87390885,565.40277100,14492763
2019-06-20,566.57569827,575.42848695,565.69044895,573.98986816,10748848
2019-06-21,573.63581423,573.65797501,564.60603406,566.35443115,23236832
2019-06-24,563.10095703,565.00430200,556.43930873,558.78527832,11267228
2019-06-25,557.23600840,574.54310311,555.17771535,573.59143066,14966899
2019-06-26,571.44475305,577.46462578,569.38645971,572.83905029,11593027
2019-06-27,572.39643326,574.05630532,562.59197177,563.98632812,24905533
2019-06-28,565.29204882,567.83722909,552.69899396,554.66876221,18942165
2019-07-01,556.85991745,563.32241589,551.72535231,561.64044189,13478857
2019-07-02,563.89783229,567.01842503,559.18373157,565.91180420,10146746
2019-07-03,567.85935491,569.45286275,564.38466277,567.70440674,8806492
2019-07-04,567.19542833,571.44474324,566.57569472,568.34625244,9351405
2019-07-05,568.83316318,571.22345462,557.72298833,559.20581055,10926753
2019-07-08,556.83774603,561.30837350,552.49990596,554.20404053,14009219
2019-07-09,552.83179244,568.12491695,551.30470789,566.61993408,17535754
2019-07-10,566.59786102,570.71438857,561.57392337,566.06671143,12018196
2019-07-11,569.67417276,570.91358087,566.26584478,567.26177979,8608376
2019-07-12,567.90374204,575.42859912,565.71266090,566.79718018,15692436
2019-07-15,568.78890605,570.78077621,562.30430675,564.84948730,10659498
2019-07-16,566.55367774,573.17112420,565.27000695,572.33007812,10070773
2019-07-17,572.90547876,574.10062458,566.57576805,567.39465332,9482233
2019-07-18,567.46102321,569.40863087,556.83773558,558.54187012,11942908
2019-07-19,561.35257217,563.45506872,550.06528950,552.85394287,16336536
2019-07-22,553.73933648,568.56767916,543.24883451,566.79718018,29092589
2019-07-23,568.78890538,572.72838322,557.90004279,563.72076416,20316348
2019-07-24,563.69861884,566.04458880,554.86799031,557.32464600,15189179
2019-07-25,559.49356525,561.72890858,543.11597892,545.10784912,21805071
2019-07-26,545.10770155,549.97669002,535.59097779,537.27301025,20387504
2019-07-29,538.64530199,540.90274681,533.42215383,536.01159668,17626045
2019-07-30,537.33951465,540.01748236,520.51930564,522.71032715,20853117
2019-07-31,520.43076009,524.52512648,514.52151458,516.22570801,21229950
2019-08-01,514.96423729,525.94168454,509.18783715,522.42272949,22628222
2019-08-02,523.53244172,533.57380822,517.47643427,527.38421631,23766807
2019-08-05,519.65840463,519.65840463,502.29194749,509.12722778,30399133
2019-08-06,505.29769249,511.91033207,499.62020369,502.42553711,29067994
2019-08-07,501.62398206,506.98977324,491.20406706,494.00942993,25349369
2019-08-08,493.54184480,515.65069704,487.73077219,513.13482666,31198568
2019-08-09,517.36508874,523.44332990,513.11250176,517.47637939,21970009
2019-08-13,549.11460748,580.12932941,545.93075523,567.63885498,104827144
2019-08-14,580.66366023,580.86400718,570.13242582,573.65026855,31688983
2019-08-16,574.96389281,575.23106171,566.85953154,569.08599854,21977767
2019-08-19,570.44425126,577.45764451,569.97667585,575.58740234,16317602
2019-08-20,574.34051388,575.58730214,566.68143392,568.17315674,14969299
2019-08-21,568.03959901,569.37550308,563.96518372,565.94671631,10677848
2019-08-22,565.94664136,565.96887571,551.67498341,555.17053223,14031953
2019-08-23,551.71959122,571.75779589,546.15339353,568.12866211,21307915
2019-08-26,576.21070979,576.21070979,560.62544004,564.09875488,19202504
2019-08-27,572.20310776,572.20310776,561.60510913,567.68341064,28401906
2019-08-28,567.19350136,570.42188135,559.31178114,562.54016113,11605488
2019-08-29,559.48990826,561.18203742,550.07193692,552.94409180,18890222
2019-08-30,554.61390763,558.57703178,543.70421392,555.97204590,24735240
2019-09-03,553.16666676,553.50065757,534.35296067,537.20288086,18730619
2019-09-04,534.59800441,536.69088711,528.14124370,534.86517334,32949395
2019-09-05,537.38104138,540.23090238,531.36956291,533.72961426,22995486
2019-09-06,535.68890460,547.26657990,532.23788392,544.37213135,23186819
2019-09-09,543.54843131,549.04780728,540.20876011,544.23864746,11747929
2019-09-11,544.37211472,552.16477827,544.37211472,549.67114258,12127900
2019-09-12,549.93830714,552.36512086,536.89120344,538.96179199,11880005
2019-09-13,539.69667765,547.04400214,537.42568212,545.75268555,12947715
2019-09-16,529.45487323,542.85820484,528.16349726,539.14001465,20547730
2019-09-17,539.25136351,539.25136351,531.45869846,533.21759033,15640772
2019-09-18,536.55724451,541.61133809,533.10622375,536.89123535,14933909
2019-09-19,537.84869795,538.67249865,522.17436922,525.02423096,13766222
2019-09-20,528.98722484,565.47908389,522.90898378,558.55474854,48165560
2019-09-23,567.37169094,570.42195875,549.93841281,551.80865479,21610844
2019-09-24,553.76790770,578.34810136,553.38938868,569.39770508,34958974
2019-09-25,571.75777766,576.65605288,565.01161381,569.77624512,18192270
2019-09-26,575.32016968,578.34814366,571.53515761,577.45758057,18350457
2019-09-27,575.54279701,585.56192888,571.75778503,582.91241455,19058663
2019-09-30,583.33538363,594.80170869,581.35379187,593.24316406,25263770
2019-10-01,595.35840634,597.58487343,575.89900904,581.06445312,17920384
2019-10-03,572.64846985,585.42840810,570.55558694,583.80310059,13524851
2019-10-04,587.74388050,591.61794887,580.59690358,582.48937988,14992253
2019-10-07,582.48926045,588.14451330,579.63939967,583.37988281,10061584
2019-10-09,582.75652592,592.21902501,575.54272805,589.90344238,17588647
2019-10-10,590.01488406,609.60780751,588.23369839,606.82476807,35006390
2019-10-11,607.24779821,608.09389267,595.15807619,602.30505371,16597126
2019-10-14,607.80426803,607.80426803,601.52562099,604.70947266,13394275
2019-10-15,606.71337588,610.05310621,603.06194848,607.44812012,9672791
2019-10-16,610.00857888,614.35016292,607.24771453,611.09954834,19403660
2019-10-17,612.27960254,622.96665687,610.94369845,621.85339355,16038940
2019-10-18,625.19312913,635.83565539,622.83307748,630.69250488,28121951
2019-10-22,634.54428464,639.82101966,624.90367151,629.71289062,27786502
2019-10-23,630.67023402,634.96728989,615.90870567,620.02764893,18446160
2019-10-24,623.85720699,641.84711608,617.42274017,639.64288330,22642488
2019-10-25,641.71352077,641.86933958,628.42148074,637.30511475,13539957
2019-10-27,641.66900861,643.45019421,636.77073333,638.66326904,3014841
2019-10-29,643.67277605,659.03540389,642.15875950,653.26885986,25768505
2019-10-30,659.03545797,661.06157813,650.26317393,658.63470459,16341366
2019-10-31,660.81657713,663.33250672,650.88650265,652.06652832,19463741
2019-11-01,647.90317156,650.93114568,641.66905125,648.74920654,13904301
2019-11-04,652.75685300,655.02784843,643.49475866,649.08319092,14063434
2019-11-05,651.50998991,654.11491649,641.66897122,644.47430420,12685356
2019-11-06,642.42595143,644.09578684,636.10277558,638.95263672,14625505
2019-11-07,638.99716353,651.46534199,637.75031595,649.50610352,14084039
2019-11-08,645.23133526,649.97367250,641.80254874,643.67279053,12019353
2019-11-11,640.82293818,643.11622736,633.45332035,635.79113770,11357841
2019-11-13,636.77080423,657.20982366,636.77080423,655.60675049,25225749
2019-11-14,657.25431637,659.74795258,648.25939096,651.35418701,14258133
2019-11-15,652.64553608,662.06350831,651.53227276,654.96105957,15691605
2019-11-18,655.76256185,661.70721908,648.08124715,649.77337646,14076051
2019-11-19,653.24654960,674.57618678,652.35598662,672.28289795,30176255
2019-11-20,692.45487048,700.18071377,687.17813526,689.15966797,43538120
2019-11-21,687.97965079,692.87786701,680.65456082,684.68444824,14897371
2019-11-22,686.68828460,698.88935661,684.68445804,688.64758301,22352865
2019-11-25,690.71825669,696.79649911,690.65143473,695.34930420,15146156
2019-11-26,698.26587385,701.93953560,692.87778905,694.77032471,35330983
2019-11-27,694.63675990,701.56109587,692.92233681,699.04516602,9642739
2019-11-28,700.29187331,705.41278874,696.41786493,703.69842529,13747479
2019-11-29,704.43322946,704.43322946,689.24871208,690.71820068,18559594
2019-12-02,712.47076846,718.90523509,702.22899618,706.45928955,31225364
2019-12-03,709.24243078,709.79900299,700.26974003,703.07507324,12990426
2019-12-04,700.44777748,702.45160369,682.96997321,691.40832520,20987607
2019-12-05,700.89313006,703.45358813,687.53432696,690.58459473,19942460
2019-12-06,691.54190461,698.22130543,686.24287642,692.38793945,13085234
2019-12-09,692.94468546,702.40718639,688.64756966,700.26977539,12642677
2019-12-10,700.02480631,700.71502243,692.05402876,695.52734375,10173333
2019-12-11,692.69962808,701.11568610,690.47316116,695.72766113,12364641
2019-12-12,699.22322057,700.82629342,693.16721382,698.31036377,10326606
2019-12-13,703.56482533,708.01781881,700.18062638,704.85620117,12668303
2019-12-16,708.90840955,709.75444446,696.59604826,697.59796143,11892718
2019-12-17,697.66468692,703.11953400,692.67741514,695.86126709,20324601
2019-12-18,695.99484200,703.56480586,695.54956050,701.71685791,14742077
2019-12-19,700.75964603,719.10578344,699.91361097,716.90155029,20507816
2019-12-20,719.15022345,720.28572115,710.73416424,712.07006836,21271510
2019-12-23,694.70355266,702.47392389,693.67940508,699.73541260,25107772
2019-12-24,698.62214356,700.02481017,686.86635387,688.62530518,18048449
2019-12-26,686.48791833,691.51971895,672.46113279,674.79895020,29761019
2019-12-27,679.96440180,688.51404655,677.42623717,686.79968262,17677571
2019-12-30,688.40268555,689.15966421,680.43190772,687.62341309,17123749
2019-12-31,686.64363788,687.40067588,671.52594440,674.19769287,22203005
2020-01-01,675.95654778,680.00872815,670.39041039,672.21606445,14004468
2020-01-02,673.28492073,686.17620831,673.28492073,683.66027832,17710316
2020-01-03,682.63606220,686.48789627,678.18312776,684.48406982,20984698
2020-01-06,676.84726023,680.36504384,667.05076913,668.60931396,24519177
2020-01-07,676.40193431,683.30403612,673.95282634,678.89562988,16683622
2020-01-08,674.62085876,683.28179361,672.39439140,673.79705811,16047902
2020-01-09,685.12978608,690.20611490,681.85687735,689.31555176,14982742
2020-01-10,691.05214436,693.74618703,685.59729652,689.15966797,12478359
2020-01-13,688.00191666,694.08015853,685.04070514,687.40075684,18282382
2020-01-14,685.75312319,690.20605744,677.67105525,681.03302002,15816535
2020-01-15,683.90514098,685.70856083,676.06794855,678.56158447,15817859
2020-01-16,680.85486725,687.24480553,680.40952629,684.81793213,12847975
2020-01-17,691.76459410,705.76908464,691.63100964,704.01019287,29463471
2020-01-20,716.47842867,716.47842867,679.69710439,682.34661865,32545850
2020-01-21,680.67681358,688.35812835,677.73783647,683.03686523,18922720
2020-01-22,687.53426680,688.75882067,681.78995700,682.79187012,10322817
2020-01-23,684.19463938,686.62151314,677.15901215,679.89758301,11247739
2020-01-24,679.96428969,684.12782070,676.20157152,677.53747559,14628445
2020-01-27,674.57628179,678.82880977,670.16781610,670.85803223,13387750
2020-01-28,671.77088735,672.39434097,651.73268261,655.36181641,24532236
2020-01-29,656.38593719,665.44768386,651.93300298,658.96868896,24746565
2020-01-30,658.59017463,658.90187170,641.22371921,642.89355469,22402689
2020-01-31,647.01263200,647.12398213,626.61819848,628.59973145,34750310
2020-02-03,610.00856914,623.38966516,606.95830158,616.95513916,30712290
2020-02-04,623.41193518,637.88400147,622.43231579,635.16772461,25383901
2020-02-05,638.95259937,646.92337581,636.90430452,645.00860596,18472100
2020-02-06,647.50236069,653.24661131,641.26824093,649.14990234,15538577
2020-02-07,646.12196116,646.72312098,636.01377269,638.39611816,12209212
2020-02-10,635.88014583,643.67281027,628.06524704,639.26440430,15142476
2020-02-11,644.51883879,652.89036912,643.47239750,646.90118408,13999816
2020-02-12,648.41524298,656.74224570,647.90313947,654.71612549,13533565
2020-02-13,658.03355396,658.03355396,651.28733053,656.43048096,13565659
2020-02-14,657.81080488,668.58691365,647.05693046,662.41961670,21227841
2020-02-17,663.04321248,670.68000005,656.49739456,658.25628662,13149130
2020-02-18,657.20975567,657.20975567,648.97180933,653.42474365,11127161
2020-02-19,658.74602292,670.81350973,656.85354660,669.63348389,14084409
2020-02-20,666.60550733,671.50372331,660.72761250,661.68499756,16892268
2020-02-24,654.47113511,657.69951523,641.02327685,643.42785645,21370214
2020-02-25,646.30011521,646.30011521,627.86492274,630.71484375,27745062
2020-02-26,627.86485370,628.91129503,617.77895949,619.84954834,29362748
2020-02-27,618.06845868,620.65121086,609.60787047,617.28924561,25054993
2020-02-28,603.32910342,604.26425405,590.01482947,591.64013672,39315769
2020-03-02,603.41807187,609.60766235,579.37221970,586.07391357,29500495
2020-03-03,592.10777773,602.88388880,588.67899080,597.96337891,27398798
2020-03-04,602.03781012,602.83931687,582.40030013,596.56066895,22105261
2020-03-05,602.12690864,604.68736680,581.55430600,583.84759521,30510390
2020-03-06,565.52365158,573.60577884,552.65465872,565.96893311,33734039
2020-03-09,552.18709360,552.61014078,487.59719353,496.12457275,88187018
2020-03-11,493.38602023,524.75699736,493.38602023,513.66918945,59578576
2020-03-12,483.14426958,490.26895266,466.98007387,473.34777832,55970485
2020-03-13,444.40363928,507.63540139,419.64530201,492.18371582,73297403
2020-03-16,472.25681212,480.78419158,447.52070867,452.28536987,38482258
2020-03-17,466.33434201,472.01185953,446.71915671,448.85656738,45445979
2020-03-18,456.56019197,461.28032501,427.92778578,431.26748657,44730415
2020-03-19,409.71525089,430.59955084,397.29153850,408.64654541,61404010
2020-03-20,418.35394359,460.83502297,414.12364989,453.28729248,63360475
2020-03-23,407.97854043,423.02950129,389.92186995,393.66235352,40670949
2020-03-24,414.12359521,431.93536051,398.89455179,420.09054565,45734887
2020-03-25,429.17462045,512.77858283,428.92971559,481.91970825,73130298
2020-03-26,487.95342515,497.34913321,464.15244305,474.77270508,45744488
2020-03-27,487.59721846,493.07433026,465.86685415,474.50555420,41657940
2020-03-30,463.37321097,478.60225621,454.20014347,458.85345459,30229866
2020-03-31,478.22376127,503.09341935,466.66837815,495.94647217,44292810
2020-04-01,499.73146912,500.77791051,465.42157371,481.11819458,41597459
2020-04-03,505.16407950,505.16407950,470.36431513,479.78228760,41367807
2020-04-07,490.75877975,540.58718055,489.82365880,537.06939697,54373624
2020-04-08,525.44722434,547.26667482,516.54135531,530.85754395,49880330
2020-04-09,540.58718003,548.95871067,531.23603002,543.23669434,33032857
2020-04-13,536.11201255,541.03252214,525.44719281,529.52166748,23673784
2020-04-15,533.03942744,550.38364778,508.97127785,512.02154541,35321842
2020-04-16,512.02161410,528.76467692,509.86196873,520.12597656,37455706
2020-04-17,541.47772783,547.71184680,531.08007847,545.04003906,33269335
2020-04-20,545.93074540,559.73482987,535.24369116,553.85699463,36030932
2020-04-21,538.80596649,557.50832501,518.32248193,550.98480225,61371628
2020-04-22,587.78843562,616.68804173,578.88256645,607.20324707,142683366
2020-04-23,608.87307829,617.11102425,602.61666483,610.45385742,65464502
2020-04-24,601.21405981,665.69267375,599.90044946,630.98199463,134986308
2020-04-27,638.55196126,656.80904062,633.65374510,636.65948486,58482901
2020-04-28,645.67662912,648.10344311,619.91635024,635.94696045,78453401
2020-04-29,643.40573065,647.30203368,632.31786251,635.41265869,37494672
2020-04-30,647.43553951,665.69261728,640.35538483,652.80133057,71345899
2020-05-04,641.22365327,652.35598772,631.18222874,639.08624268,53456868
2020-05-05,647.32426989,658.59019021,644.42982095,650.41900635,44903763
2020-05-06,651.91069551,661.23961006,643.67275032,650.46350098,40489094
2020-05-07,647.90319141,674.01969935,643.45025669,671.03619385,50026966
2020-05-08,687.97954318,703.52028384,684.46170039,695.46051025,84262770
2020-05-11,703.56491567,719.15024623,700.13618813,702.14001465,67085063
2020-05-12,696.79654190,698.37738084,652.35618735,658.70159912,100683202
2020-05-13,686.40968655,686.40968655,653.59505340,672.67700195,66430125
2020-05-14,660.33773192,672.78932479,642.82913226,645.48126221,49266771
2020-05-15,649.09984815,659.30386885,636.10886471,656.02239990,62152260
2020-05-18,660.78738842,666.18153769,641.90774705,647.63903809,62796089
2020-05-19,654.94361720,657.05635619,630.78218954,633.32189941,42315854
2020-05-20,633.81644592,650.38109826,626.17466530,644.46997070,55320985
2020-05-21,645.05433566,656.94400777,640.55919136,647.86383057,39167981
2020-05-22,652.60612535,655.39308821,641.23337402,643.50341797,37828973
2020-05-26,650.96544328,651.66219895,636.64836278,640.13214111,33216635
2020-05-27,643.25628568,653.59514165,634.71549937,649.79675293,35667956
2020-05-28,654.04444438,665.16994128,651.34737043,661.79858398,40126278
2020-05-29,659.88831343,661.68638298,652.98829214,658.27008057,40022527
2020-06-01,665.28252988,691.51175452,663.46198816,683.42047119,39943702
2020-06-02,685.96018312,692.25339635,683.62266315,690.32043457,22153960
2020-06-03,694.50098922,701.24370515,689.26408588,692.99511719,25381289
2020-06-04,694.05142683,714.50441504,692.70291932,710.14410400,34202350
2020-06-05,716.97665126,727.31550530,707.40196926,710.99810791,33076685
2020-06-08,727.49536956,727.49536956,703.49124717,705.51403809,31414953
2020-06-09,701.37856172,711.58258402,689.10680405,690.97229004,25857161
2020-06-10,693.64692136,710.03179721,692.27594159,706.70538330,22132647
2020-06-11,703.94074150,704.81727431,688.20773851,691.21948242,20385805
2020-06-12,674.27279369,716.07771642,672.92422671,714.18975830,38548899
2020-06-15,703.49135857,731.33881782,701.73823320,725.76483154,53107403
2020-06-16,738.55347726,741.04824289,712.61639222,727.18072510,51187003
2020-06-17,722.93280878,735.15962221,720.16831773,726.12438965,41782053
2020-06-18,722.37090041,748.44275851,721.74156125,744.35217285,40471557
2020-06-19,750.69032614,804.09272035,747.09424675,790.87701416,105804173
2020-06-22,797.17018250,811.01522707,779.90877650,784.92089844,60198705
2020-06-23,786.65149019,792.83234231,771.41293450,773.57061768,37962078
2020-06-24,780.31331283,796.85549064,769.43506808,776.69470215,51586221
2020-06-25,776.31269263,786.20204484,770.04195145,772.22210693,39679374
2020-06-26,777.12189719,787.55064090,771.81757727,782.89813232,30921913
2020-06-29,776.78478111,782.04409745,771.16585086,774.58215332,25621946
2020-06-30,780.80785230,782.60586219,762.17540703,766.01879883,30276420
2020-07-01,773.16618986,786.20212026,767.79445316,781.07763672,28464103
2020-07-02,786.69334716,797.79642916,783.10513783,794.52416992,28789533
2020-07-03,803.30271833,809.26052303,797.97687345,806.95861816,29434266
2020-07-06,814.67662994,838.59786460,808.85426647,835.79956055,47016185
2020-07-07,839.50064503,841.46397669,815.26345864,823.00396729,35189589
2020-07-08,823.27475855,828.19439916,807.90650017,811.51727295,26204095
2020-07-09,816.48201823,828.21693991,806.21390953,823.36499023,36418942
2020-07-10,825.28329125,850.60370898,823.36502714,847.64739990,43759967
2020-07-13,859.06635424,879.08348997,857.55435433,873.35144043,69608392
2020-07-14,872.90011112,876.37544261,851.82230710,865.22723389,67331128
2020-07-15,874.68285966,893.12030444,811.51725883,832.27905273,139669773
2020-07-16,833.63317984,843.56277583,818.03922468,832.00836182,60961724
2020-07-17,832.73046742,866.58129846,829.57102628,862.83514404,49726765
2020-07-20,865.58840320,871.99748080,857.39650262,866.53619385,36592938
2020-07-21,875.15685210,892.30793371,874.02849303,889.84808350,42173371
2020-07-22,895.01593827,907.20225133,884.95096162,904.49420166,59771457
2020-07-23,904.47161400,938.66095885,898.78469156,928.77655029,58333751
2020-07-24,928.86681855,976.25795900,928.77656415,968.65283203,120597372
2020-07-27,983.38926137,992.41613400,960.41581562,973.18884277,80304827
2020-07-28,973.18874017,990.24956584,970.68376298,982.89263916,55114422
2020-07-29,982.98303819,985.19456941,934.48604295,946.31127930,72663399
2020-07-30,947.37206408,965.74176134,935.18574895,951.81781006,72857444
2020-07-31,954.36781502,960.91227380,926.51985569,932.97406006,74958061
2020-08-03,925.84282644,928.41549469,904.08799423,906.75097656,46715383
2020-08-04,911.98658329,978.06337068,902.80170564,970.66131592,92041055
2020-08-05,978.96608018,991.15233436,956.08288881,959.76135254,74549993
2020-08-06,973.54991143,978.37929780,951.34374766,963.21411133,49322975
2020-08-07,961.27327492,973.91091946,956.94040744,968.78814697,32984416
2020-08-10,974.49782397,977.16074676,951.47924975,956.78253174,26958997
2020-08-11,963.53012811,974.90403367,947.98129967,963.07879639,46828306
2020-08-12,957.30152270,968.13384172,950.89244538,960.28039551,30264617
2020-08-13,960.46087669,965.38051716,952.33666801,957.77539062,24830322
2020-08-14,958.00104558,973.54987232,942.97130101,954.05181885,33224635
2020-08-17,950.08006872,950.08006872,934.32816794,943.91925049,30979066
2020-08-18,941.05323729,963.30453069,939.85718729,956.19586182,30547672
2020-08-19,966.32840799,972.19589891,957.45948080,962.06317139,34087543
2020-08-20,956.85012355,958.61038273,942.40709223,946.49176025,22537845
2020-08-21,955.94751817,957.75290466,937.44238131,939.63140869,25280895
2020-08-24,943.94181958,949.85437854,934.50868218,945.90515137,32717218
2020-08-25,950.53133340,952.92349281,937.89368802,939.74420166,19388008
2020-08-26,941.05316057,969.46527016,923.90207838,964.65844727,59870421
2020-08-27,969.48786482,970.39058794,949.29021838,952.60760498,28085062
2020-08-28,956.85012368,962.67248728,950.64417890,955.11248779,27166900
2020-08-31,981.22278821,981.22278821,929.92748829,939.11236572,62076132
2020-09-01,947.82340064,957.93350625,930.85282572,942.06878662,38616258
2020-09-02,944.21253542,964.97439046,941.05315384,960.55120850,26949439
2020-09-03,960.46090458,965.31285439,949.17731424,953.28454590,18586429
2020-09-04,940.39872811,946.44672831,935.27595494,937.55523682,28475945
2020-09-07,940.60176820,950.41848576,922.66078207,939.99243164,21926473
2020-09-08,944.21243031,957.30140626,939.02196713,951.02777100,27397082
2020-09-09,941.05313594,978.42442655,939.45082189,975.51324463,55310877
2020-09-10,985.32990045,1058.38002357,981.83194598,1044.41088867,140304404
2020-09-11,1043.50826829,1055.17543922,1032.26980571,1047.00610352,59470807
2020-09-14,1049.37589224,1065.17291993,1029.96797210,1039.24316406,44063445
2020-09-15,1043.48584318,1049.71435213,1032.74377834,1046.60009766,27178393
2020-09-16,1047.11883994,1069.39269097,1042.85372333,1049.17248535,33952295
2020-09-17,1047.11891582,1053.30241610,1034.41358067,1037.52795410,25828669
2020-09-18,1044.52388969,1046.87086235,1027.50818867,1040.66491699,33074915
2020-09-21,1038.09216859,1054.34058748,1014.32887687,1018.16540527,33627381
2020-09-22,1027.71121118,1027.71121118,993.65730688,997.99023438,34792254
2020-09-23,1020.03836069,1027.59836027,995.34984346,1006.85906982,42988708
2020-09-24,996.52334547,1004.69262205,982.14800454,984.47247314,29826318
2020-09-25,987.99292595,998.73493035,978.19877179,993.72497559,28374935
2020-09-28,1005.14394175,1010.10876899,996.13963355,1000.29199219,19666849
2020-09-29,1004.24133557,1021.84368883,1000.29204909,1013.29077148,25842539
2020-09-30,1020.03846621,1023.19784797,1004.24143805,1008.46154785,24465159
2020-10-01,1021.75353055,1021.75353055,999.27660205,1004.35424805,20783227
2020-10-05,1012.81682893,1015.14123784,995.66580714,998.46411133,18922799
2020-10-06,1004.35417759,1008.25827727,993.70242741,997.62915039,18412175
2020-10-07,1008.75492470,1042.15442895,1001.98476944,1018.91021729,53170865
2020-10-08,1019.58709003,1023.64925467,1002.93252538,1010.67303467,21077808
2020-10-09,1008.75482782,1016.87903723,1000.67574561,1008.05523682,18545499
2020-10-12,1008.75476573,1018.12009197,1004.80553896,1009.67999268,14226473
2020-10-13,1006.76879863,1031.66050722,1004.62489859,1029.38122559,23112012
2020-10-14,1028.56878159,1039.89749859,1023.87471750,1032.45031738,26742011
2020-10-15,1033.57878433,1033.57878433,990.70107644,995.89154053,20036197
2020-10-16,999.72794513,1007.62639907,980.61347170,982.03521729,21583600
2020-10-19,988.46683011,1005.91129817,972.71493049,982.21569824,31200385
2020-10-20,983.47945977,989.79828218,971.40596459,973.05340576,18482288
2020-10-21,978.51476037,989.34701960,946.80776838,958.92639160,34082321
2020-10-22,960.19002579,962.49187092,943.76110011,950.96002197,30802210
2020-10-23,950.53131315,963.62028993,946.19844548,953.71331787,23422125
2020-10-26,948.70335368,948.70335368,911.03867802,915.82293701,37324416
2020-10-27,918.44082375,929.70185154,904.94564128,918.26031494,36478896
2020-10-28,921.55506622,928.73148517,906.02886139,907.85681152,29924017
2020-10-29,901.33483512,921.64535857,898.62678522,914.83001709,30655304
2020-10-30,917.80884566,932.07136843,912.52812772,927.28710938,34021563
2020-11-02,914.87518404,914.87518404,839.11705661,847.37664795,99366895
2020-11-03,853.04102352,861.61656514,828.26224902,835.16778564,88691623
2020-11-04,829.11972752,870.64343752,829.11972752,863.51214600,80180117
2020-11-05,882.35579333,885.06384320,871.99742947,882.37835693,37205373
2020-11-06,898.17547595,920.74265847,892.82700713,915.84558105,66674086
2020-11-09,930.71735807,933.83161246,918.93724850,925.57202148,35838510
2020-11-10,937.44245651,943.30994813,921.28435062,940.85009766,36934242
2020-11-11,942.85850286,945.56655264,892.80438093,901.42504883,56724780
2020-11-12,894.11319551,906.50257987,886.89165077,893.66180420,40046527
2020-11-13,894.56475469,919.23071168,894.45193667,901.06408691,45388670
2020-11-14,909.41391105,909.59441986,900.59011074,903.72692871,5226220
2020-11-17,941.05322939,941.05322939,895.91874271,899.64233398,46542562
2020-11-18,899.64229571,905.62266479,884.68024046,896.91168213,30402290
2020-11-19,896.91163784,907.40538324,888.33609691,890.57025146,27796343
2020-11-20,891.40532950,895.37718019,855.29777502,857.32885742,57471248
2020-11-23,880.57294263,889.14848335,869.40217013,880.43756104,45327567
2020-11-24,886.44044910,890.95388537,871.99741719,886.46301270,30936268
2020-11-25,893.66188659,899.50681371,876.60111987,879.12860107,32637879
2020-11-26,881.49823707,886.89177308,871.11730984,881.29510498,25838637
2020-11-27,875.83378065,882.87475759,867.21311303,871.00439453,47336811
2020-12-01,875.76610909,887.45596362,871.11729136,882.33319092,19750687
2020-12-02,883.95805507,885.53780555,873.35149151,883.80010986,22188887
2020-12-03,890.05122200,894.15845378,884.02572606,886.46301270,27785372
2020-12-04,888.69719914,888.69719914,875.60822153,878.65478516,18464552
2020-12-07,875.87893086,886.89169763,875.87893086,883.82257080,18242188
2020-12-08,885.15412514,909.12048796,880.12160680,899.86791992,43403061
2020-12-09,907.17972142,917.94428941,902.35033515,914.85253906,29175254
2020-12-10,912.43791235,915.55216673,903.14021672,905.84826660,16065507
2020-12-11,908.55633772,919.83998859,891.06674154,905.30670166,26944202
2020-12-14,906.27701861,909.45902342,896.52799145,898.76214600,17312747
2020-12-15,898.04003847,898.04003847,885.13156942,891.11193848,18551265
2020-12-16,897.27275875,900.40963654,887.20778095,892.10485840,18561011
2020-12-17,895.69299425,904.94556226,892.37560792,896.18945312,20252358
2020-12-18,893.70715942,904.90049618,886.89181782,898.87500000,18466344
2020-12-21,907.20233433,912.61843417,837.35676826,875.47277832,44135540
2020-12-22,879.67031549,884.13862468,852.34137819,874.11877441,28140001
2020-12-23,871.09481490,880.77615192,866.87470512,877.34594727,19501410
2020-12-24,878.76758579,902.14723623,878.27112689,900.04852295,20776988
2020-12-28,905.71284722,910.81305636,900.56751087,904.17828369,17221499
2020-12-29,906.75097535,908.24041171,894.81286113,898.19799805,18611939
2020-12-30,900.54501891,905.93855528,891.65352744,900.65783691,22043630
2020-12-31,899.75516566,908.05988404,893.03013812,896.05413818,18781189
2021-01-01,897.27275515,901.33485995,894.56470518,897.04711914,10015175
2021-01-04,900.47728650,902.19235888,888.24584540,898.55908203,24513534
2021-01-05,888.69711242,895.28675763,882.82962174,887.38824463,24123091
2021-01-06,887.29798351,887.34311071,859.87885220,863.98608398,46401468
2021-01-07,866.80702524,877.86498085,859.87892504,862.58697510,32325918
2021-01-08,865.67854434,874.88598485,863.01562186,872.76464844,27540187
2021-01-11,875.06650668,875.06650668,854.16927134,856.31317139,33307825
2021-01-12,858.90839890,884.63502027,857.50921701,883.30358887,41161546
2021-01-13,886.23736263,891.38269935,865.88177113,875.06658936,26619458
2021-01-14,877.86490649,887.74937490,875.17942027,884.90588379,21553242
2021-01-15,884.90589360,890.86363910,866.60388903,874.45727539,20593268
2021-01-18,879.71536695,901.33475642,868.09326329,895.44470215,35100458
2021-01-19,900.27416453,916.68052846,900.27416453,910.09094238,32006615
2021-01-20,912.34763526,928.86681672,903.32070306,927.37738037,30924537
2021-01-21,939.69910375,956.85018591,936.53972216,947.55249023,39087742
2021-01-22,952.78808002,954.75147141,918.55360655,925.07556152,30532660
2021-01-25,918.46325373,918.46325373,871.99734399,876.05944824,54207104
2021-01-27,868.83803701,868.83803701,852.13828693,855.29766846,42370131
2021-01-28,848.59521593,868.07076658,844.01408879,846.97039795,34067814
2021-01-29,854.98173191,863.46701853,825.96028599,831.35388184,43712383
2021-02-01,839.22981437,859.81110044,834.08447793,855.43310547,34180952
2021-02-02,863.98606952,875.60817369,837.22134274,869.19909668,41470034
2021-02-03,870.32751527,881.02433352,857.55442789,871.38818359,30301696
2021-02-04,868.38665343,875.60819931,859.81111248,868.52209473,25626981
2021-02-05,871.11735599,877.70700190,866.58135591,868.27386475,20248046
2021-02-08,872.47134507,888.69720043,870.66601824,880.77612305,21183400
2021-02-09,885.51525512,897.99489615,881.15976388,882.89739990,19604141
2021-02-10,881.81422199,895.80586295,869.87610745,891.08929443,21234156
2021-02-11,893.66189402,931.66514273,890.16399897,927.82867432,42539278
2021-02-12,927.73847835,937.89371015,909.63954604,921.46478271,30497029
2021-02-15,924.37599683,930.35630618,913.97250537,917.40270996,15791099
2021-02-16,920.62970848,938.52550673,918.48580854,929.54376221,21421660
2021-02-17,929.76944013,945.99529410,925.52682694,940.26324463,23742994
2021-02-18,941.05313211,951.61456819,929.36327727,933.24487305,18646877
2021-02-19,928.41551454,950.05746952,926.74550964,938.93182373,23403483
2021-02-22,938.79643675,943.26474592,900.40960429,906.34472656,23804335
2021-02-23,924.35340674,926.56499773,908.82714260,913.27288818,25644108
2021-02-24,916.22912575,932.13902954,914.49143019,930.22082520,10807663
2021-02-25,936.99099866,971.29316096,935.63694395,967.84039307,34855693
2021-02-26,955.49620071,963.12389158,934.59890406,941.41424561,37481215
2021-03-01,952.42698509,953.23945376,930.89784857,948.59057617,17680764
2021-03-02,957.75285662,961.36356972,942.90362067,950.53131104,17150760
2021-03-03,957.32419160,1001.93959505,951.07305919,993.90563965,31924461
2021-03-04,983.93081646,988.42168904,973.86583947,982.05773926,21435754
2021-03-05,973.09856927,998.35129629,971.76707813,983.34405518,25511666
2021-03-08,978.74037737,1007.35561833,978.51474137,988.94079590,19506841
2021-03-09,992.95769277,999.18626097,968.85594829,988.91815186,15154484
2021-03-10,996.11712677,999.77302677,979.53019517,984.81091309,11519358
2021-03-12,990.70107893,995.84641583,958.61050365,964.79394531,16864952
2021-03-15,965.89960013,969.89395399,939.02199678,951.84020996,16698099
2021-03-16,954.14217750,959.55833721,945.79233175,948.09417725,13873801
2021-03-17,946.94319474,949.17734929,918.53102607,927.67077637,19210236
2021-03-18,935.59183070,940.96286275,903.14018151,906.79608154,20647480
2021-03-19,898.62671973,945.95016727,894.92569260,939.69903564,41787429
2021-03-22,934.73431798,936.08831306,917.67349055,930.85272217,18572478
2021-03-23,930.64960799,952.20130715,927.96412186,942.18145752,17421165
2021-03-24,938.68358053,938.68358053,920.92322113,924.03747559,16822814
2021-03-25,927.06143398,927.06143398,895.91865207,898.82983398,22001648
2021-03-26,908.10493127,908.87221302,890.81846861,900.27410889,20180202
2021-03-30,906.29956266,924.75957159,898.87494461,915.91320801,20441701
2021-03-31,910.81309978,925.21094516,902.23749900,904.08801270,16250796
2021-04-01,910.81308424,916.22918395,904.11056088,912.55072021,11723312
2021-04-05,913.94985340,913.97241700,885.58287305,899.34887695,14875099
2021-04-06,904.49427436,904.92304246,888.69718734,895.60278320,14009194
2021-04-07,902.68879349,923.85685088,899.66479382,903.97509766,24266353
2021-04-08,907.65362021,912.61838810,899.52941117,905.10351562,15369188
2021-04-09,901.98933536,905.55492160,893.66199354,894.58728027,14037885
2021-04-12,884.18380410,885.26703606,857.66733392,862.58697510,20901482
2021-04-13,868.38664702,875.87901573,865.61090638,871.90716553,19411189
2021-04-15,869.42474109,885.08638633,863.42186851,877.54895020,19723716
2021-04-16,874.07362364,880.07649626,869.49243688,872.04254150,15656948
2021-04-19,859.35982104,864.95648951,853.04099795,858.32171631,18478808
2021-04-20,862.29353621,866.12994519,853.24409985,858.07348633,17203668
2021-04-22,854.05647971,864.07632962,847.03806609,860.44299316,14490954
2021-04-23,860.26260157,866.08490644,855.45577821,859.51788330,11828857
2021-04-26,866.58129784,885.53776560,862.74482934,874.63775635,20846778
2021-04-27,875.60819641,901.42507360,874.81835102,897.56610107,19992524
2021-04-28,901.71853519,906.29966269,893.72976658,901.47027588,17122437
2021-04-29,913.02461898,922.77370593,905.98370128,913.54370117,17412606
2021-04-30,906.52530486,918.93725502,897.06966392,900.20648193,19828769
2021-05-03,887.34311676,893.21060783,877.00737629,884.20629883,23640186
2021-05-04,880.12168604,888.15564136,862.51927142,865.04675293,21849830
2021-05-05,868.09327650,874.93112139,861.18768112,866.62640381,12393609
2021-05-06,867.41628617,873.35146798,860.53325409,871.54608154,14624666
2021-05-07,874.59263230,882.67171412,869.28935074,871.88458252,12288548
2021-05-10,875.15693686,878.67739599,867.01016336,869.37969971,13941237
2021-05-11,864.32464016,874.95376758,862.06786222,872.51654053,13478264
2021-05-12,871.13981527,872.40355584,860.71376153,863.48950195,13177961
2021-05-14,870.21466581,876.51092546,860.26256546,874.38964844,13291616
2021-05-17,874.38959963,886.19221313,871.27528554,884.79309082,11873078
2021-05-18,894.11342587,903.86245409,890.27695686,897.25024414,12064918
2021-05-19,893.66185937,910.11340842,890.05114647,901.35729980,16317002
2021-05-20,901.74091581,907.60840619,894.11322607,896.09912109,11422532
2021-05-21,899.07808718,907.02172781,896.37003738,903.83978271,10785605
2021-05-24,906.29957692,907.11204559,894.56465458,896.21203613,8551760
2021-05-25,901.06400559,901.33482849,884.63507815,886.05682373,14780102
2021-05-26,891.40523613,893.43631831,887.02724105,889.17108154,7480204
2021-05-27,889.28393798,899.52942398,885.65060149,891.90173340,26819294
2021-05-28,898.17549007,950.08007037,898.17549007,945.47637939,56469931
2021-05-31,948.72591220,989.21151504,941.07565833,975.03930664,59124142
2021-06-01,977.61209285,993.86051246,968.81085561,978.92102051,28013832
2021-06-02,973.54990257,997.24550248,973.54990257,993.52191162,24630162
2021-06-03,1002.43594574,1015.52498296,991.19754161,997.31323242,23974257
2021-06-04,999.63762364,1000.38234183,985.84905536,988.66998291,14468646
2021-06-07,993.86036422,1011.91410804,986.18748728,1005.32446289,16336573
2021-06-08,1004.96346129,1005.21166088,992.12268446,999.54730225,9674735
2021-06-09,1001.53326510,1002.43592849,973.97869212,981.67413330,11409161
2021-06-10,989.97885727,1006.49809881,982.82506184,985.28491211,14155653
2021-06-11,988.67451964,1009.10113385,987.40631341,1002.37524414,13762778
2021-06-14,1003.21308280,1022.80175160,994.17732398,1016.75531006,20332436
2021-06-15,1024.04738248,1030.34288928,1014.67192926,1019.06524658,15174215
2021-06-16,1016.75548172,1017.72921882,999.06899929,1001.67327881,10797349
2021-06-17,996.41934164,1012.27149980,987.31571526,1003.50750732,15745975
2021-06-18,1007.96881638,1012.27156498,989.33123966,1008.03674316,29369026
2021-06-21,998.00460532,1017.93290960,996.48733424,1013.29052734,12186448
2021-06-22,1020.87694599,1024.04746169,1005.18334249,1008.08203125,12871913
2021-06-23,1019.06530360,1019.33701074,997.18934469,998.84252930,16653951
2021-06-24,999.52188969,1003.03197926,969.24433472,975.35870361,91461975
2021-06-25,975.35878134,975.35878134,942.56751347,953.14312744,55355022
2021-06-28,961.09180681,963.12990982,942.52215765,944.78674316,20277042
2021-06-29,946.37200752,955.20392759,943.92628374,945.60205078,27144063
2021-06-30,949.42912248,961.38615314,947.07396792,955.95117188,19762858
2021-07-01,959.28014220,961.61265454,948.86302468,950.19915771,12534407
2021-07-02,949.76882547,966.02860470,947.93450280,964.28485107,14086620
2021-07-05,967.63643461,975.38134580,965.39449136,973.86407471,11702287
2021-07-06,971.48625280,973.27523098,960.27653685,962.35992432,10070124
2021-07-07,963.69612191,963.69612191,950.22181961,955.67944336,10454892
2021-07-08,958.80457917,958.80457917,942.52215778,947.77600098,11185460
2021-07-09,945.69261643,947.36844336,935.77374797,938.08361816,9037675
2021-07-12,941.95603330,951.80703476,939.57823635,943.92626953,8585292
2021-07-13,951.12761382,952.50903138,945.71521479,950.99176025,6717133
2021-07-14,951.28609042,954.23006357,942.63536895,944.78674316,8532544
2021-07-15,948.86305786,948.86305786,941.38991329,943.13366699,9448356
2021-07-16,945.57934265,957.80814039,945.51141586,956.74377441,8828185
2021-07-19,951.12764702,961.99767008,947.61755724,950.65209961,8354449
2021-07-20,950.90115624,954.75099972,943.88097675,948.31951904,6741464
2021-07-22,959.73297305,961.95227391,950.28965322,960.50292969,7972397
2021-07-23,966.73074889,966.73074889,952.05616581,953.70935059,9937030
2021-07-26,954.75098345,960.63887003,938.03829871,940.64257812,12389668
2021-07-27,940.61998184,943.74509332,924.85845102,930.74633789,10824523
2021-07-28,932.10507101,932.10507101,913.19572740,922.75231934,12897848
2021-07-29,930.29336814,939.53290828,925.49243003,929.95367432,13765738
2021-07-30,932.10505659,936.61158545,919.92154317,921.82385254,11350608
2021-08-02,930.42932301,941.79753573,924.47344960,938.67242432,10925104
2021-08-03,946.59842716,947.05133229,934.91316345,945.57934570,11817299
2021-08-04,948.59128899,957.46849341,945.23969507,952.82611084,13169800
2021-08-05,957.60431582,975.94748278,953.05250245,966.64007568,21252078
2021-08-06,964.69251865,972.39214578,941.50312813,946.16821289,16620987
2021-08-09,942.52213492,946.50783169,935.95480113,940.77838135,7494143
2021-08-10,942.97501616,957.01549359,939.23844425,945.71514893,11919198
2021-08-11,949.74623639,960.18599665,943.60922483,958.96313477,9184963
2021-08-12,962.40529066,962.99410928,953.39223261,955.88330078,8137612
2021-08-13,958.96308487,973.72823531,955.18122821,971.80328369,12780901
2021-08-16,973.47910393,997.77814377,963.87722776,984.41705322,21935444
2021-08-17,982.31098642,989.71614367,972.79967965,980.22753906,12658169
2021-08-18,984.64362644,990.44094435,974.95118033,984.03216553,10075860
2021-08-20,970.60303931,983.73764709,967.88554871,972.98089600,9426282
2021-08-23,984.64361235,984.64361235,965.75691009,979.36712646,9854395
2021-08-24,980.58998450,992.79614092,976.30987800,989.03692627,11864472
2021-08-25,989.80684869,1005.47780989,987.40634960,997.59698486,13380559
2021-08-26,1000.04276146,1016.75544631,998.68398614,1010.21075439,18589616
2021-08-27,1013.17737884,1015.78171819,1003.68877349,1008.82934570,10480636
2021-08-30,1019.06526318,1030.77322882,1013.08674793,1028.23681641,14027062
2021-08-31,1031.24875774,1034.35122679,1015.55515457,1022.75659180,26485463
2021-09-01,1029.48244681,1038.49550479,1024.95327556,1026.81018066,11145486
2021-09-02,1021.32994830,1045.24401165,1021.32994830,1039.17492676,9956770
2021-09-03,1046.24033226,1084.73840682,1042.84351380,1081.79443359,30664428
2021-09-06,1092.89096980,1123.23651319,1092.43800475,1098.59777832,33641710
2021-09-07,1100.59049215,1113.27219517,1092.43796023,1105.52734375,17349882
2021-09-08,1110.55471527,1111.46052548,1090.01483063,1101.20190430,14301651
2021-09-09,1099.63944219,1104.14597120,1094.29502967,1098.59777832,8963249
2021-09-13,1101.94920192,1101.94920192,1072.53223383,1074.11743164,16311160
2021-09-14,1075.67999420,1084.28537090,1071.60366855,1072.71337891,8908356
2021-09-15,1072.73620213,1085.07815285,1072.73620213,1077.17480469,9071075
2021-09-16,1078.64680360,1103.64781683,1072.05682648,1099.77539062,13448882
2021-09-17,1107.83711729,1112.29836121,1075.95166453,1082.72277832,34882133
2021-09-20,1074.36648687,1095.31393168,1073.41539215,1084.44396973,11779819
2021-09-21,1089.26756744,1094.52141071,1079.75626020,1089.13171387,9915736
2021-09-22,1090.62632191,1106.02545545,1086.21036220,1100.81701660,10995912
2021-09-23,1108.47130016,1130.93601719,1107.61077444,1127.72033691,15748397
2021-09-24,1133.90273170,1134.76325749,1119.61318748,1124.45935059,15192163
2021-09-27,1126.40672091,1145.83689359,1121.10759380,1143.36840820,15373834
2021-09-28,1147.69394146,1161.68913522,1138.09206521,1154.05749512,18035258
2021-09-29,1163.99911458,1163.99911458,1141.37589929,1144.90869141,9719875
2021-09-30,1143.61752237,1147.96555456,1132.45309257,1141.01318359,13590654
2021-10-01,1133.17798943,1150.32093693,1130.03023585,1143.02893066,8958928
2021-10-04,1156.29949415,1166.19572027,1149.07541441,1157.72619629,10918552
2021-10-05,1157.25041808,1183.02150201,1153.74026891,1181.75329590,13533634
2021-10-06,1186.62229021,1186.62229021,1155.43898255,1159.40197754,10258881
2021-10-07,1175.32191901,1177.02044800,1162.95732762,1165.08605957,6336665
2021-10-08,1170.90613336,1215.81305170,1169.20772392,1209.85717773,15772493
2021-10-11,1223.51241541,1231.93665420,1198.12636792,1201.43261719,14768666
2021-10-12,1197.96788313,1215.17875685,1196.26935416,1208.29431152,6682011
2021-10-13,1213.36698540,1231.71021129,1208.97366809,1220.59106445,9959762
2021-10-14,1223.03680598,1230.78177694,1217.08093302,1223.05944824,8623469
2021-10-18,1208.65671775,1243.25960357,1205.80331365,1226.32055664,13594479
2021-10-19,1233.65782966,1246.13575318,1226.50179635,1237.30383301,8833409
2021-10-20,1242.24055785,1242.24055785,1219.02852684,1223.05944824,12710570
2021-10-21,1235.28822672,1235.55993383,1179.03574994,1187.77709961,20831669
2021-10-22,1186.64480642,1206.98091065,1182.79502316,1189.99645996,11027475
2021-10-25,1213.82010561,1213.82010561,1163.99909983,1178.40185547,17198417
2021-10-26,1185.33139947,1208.79249432,1179.01313082,1205.23706055,9750178
2021-10-27,1201.13824907,1212.37060722,1186.62216416,1189.99645996,9896298
2021-10-28,1186.64483768,1194.77472717,1173.28386710,1176.95239258,9886181
2021-10-29,1175.84300293,1175.84300293,1133.06493602,1148.71325684,14233025
2021-11-01,1148.71325319,1157.65838538,1129.62270918,1149.41528320,15481114
2021-11-02,1152.67622278,1154.03499824,1130.14357583,1132.65722656,10569130
2021-11-03,1135.03487610,1141.35314521,1114.63096404,1124.86694336,11989430
2021-11-04,1129.10165971,1134.51411864,1127.76564647,1131.77392578,1705656
2021-11-08,1141.08144869,1141.35327566,1112.54764376,1133.17810059,20337183
2021-11-09,1134.55945522,1145.38413397,1126.42956512,1142.12316895,15682497
2021-11-10,1139.85852807,1158.56403112,1133.94793940,1154.89538574,10253470
2021-11-11,1150.43425223,1164.22554725,1148.39608909,1157.00158691,10722478
2021-11-12,1160.78334327,1177.02048056,1158.11107718,1174.46142578,8712341
2021-11-15,1177.58658237,1178.58308152,1163.99906838,1167.53186035,4803269
2021-11-16,1164.92762798,1166.26376120,1130.03038723,1140.40222168,11337581
2021-11-17,1131.81920266,1131.81920266,1114.63097081,1115.98974609,10202029
2021-11-18,1114.17810382,1127.31277302,1109.67157459,1120.20190430,8505625
2021-11-22,1103.35334073,1109.19600266,1064.80998165,1070.58471680,24124307
2021-11-23,1056.68005505,1087.56913058,1045.78745034,1080.59411621,25326999
2021-11-24,1077.94462090,1091.48684946,1061.43577694,1064.99121094,16820296
2021-11-25,1074.77427215,1133.20065281,1067.59547706,1129.10168457,42401936
2021-11-26,1117.71072524,1122.14932700,1087.68229648,1092.70971680,15763138
2021-11-29,1104.71212389,1132.29483149,1086.59531938,1105.79907227,24325354
2021-11-30,1117.80139494,1121.37947135,1081.95294373,1089.44873047,32172299
2021-12-01,1101.94925729,1120.51890652,1098.37118101,1117.34851074,10104610
2021-12-02,1118.57134838,1130.57366403,1114.90270294,1124.52722168,12720411
2021-12-03,1131.57021317,1131.61549769,1087.00305163,1090.73962402,19222481
2021-12-06,1094.24973211,1098.32593829,1067.59547680,1070.06384277,10332254
2021-12-07,1076.20089362,1088.81454947,1068.88624550,1078.78247070,11235122
2021-12-08,1097.91823389,1101.40562100,1089.85627183,1095.20068359,8744178
2021-12-09,1102.85510264,1120.92650290,1098.32593145,1112.57019043,13213547
2021-12-10,1105.23287129,1116.89555270,1100.74898473,1113.70251465,8364414
2021-12-13,1120.29249739,1120.56420453,1088.81460247,1091.37365723,12901733
2021-12-14,1077.94452439,1089.72041593,1074.95526699,1078.01245117,12991523
2021-12-15,1079.75631570,1089.26762343,1069.38448219,1074.86486816,9366969
2021-12-16,1089.58440614,1094.02300757,1072.80385711,1088.76916504,9761279
2021-12-17,1086.11994170,1090.62647107,1050.76961690,1060.03186035,21049821
2021-12-20,1049.79586777,1049.79586777,1017.75191291,1031.45275879,14325846
2021-12-21,1046.85168100,1062.54528251,1038.17837789,1046.80639648,12836561
2021-12-22,1052.98870880,1074.27590710,1051.67533794,1071.64892578,17658543
2021-12-23,1075.22715517,1077.94470592,1068.00319510,1071.26416016,9072401
2021-12-24,1073.41550953,1083.37966238,1058.71828524,1074.68371582,7886494
2021-12-27,1069.58833399,1077.03883608,1063.49660721,1073.52868652,4017223
2021-12-28,1075.95177176,1089.19965128,1074.79689661,1086.27832031,6374613
2021-12-29,1082.92681703,1095.60852056,1078.89577552,1088.13537598,15425312
2021-12-30,1087.00300298,1089.24494631,1062.36426857,1068.47863770,29333171
2021-12-31,1074.77429559,1079.71102764,1068.88634891,1072.57763672,9477290
2022-01-03,1071.15079094,1090.60360672,1070.49404561,1088.74658203,5421611
2022-01-04,1094.20456075,1114.63111789,1088.81474341,1113.31762695,10847728
2022-01-05,1115.08389815,1121.87765456,1101.92658828,1118.52600098,11643813
2022-01-06,1110.19244259,1111.46064892,1091.07925784,1094.47619629,14447422
2022-01-07,1101.02075571,1113.29477757,1092.23412114,1103.30798340,13112115
2022-01-10,1110.55477868,1112.81936425,1094.27235688,1104.21386719,9246731
2022-01-11,1103.30803588,1120.94911285,1102.85507085,1112.16259766,16205164
2022-01-12,1119.29603122,1143.59513195,1116.44262698,1141.85131836,14800442
2022-01-13,1141.91940263,1150.86453409,1136.09938265,1148.28283691,11856712
2022-01-14,1148.14699751,1162.77617574,1144.00274454,1149.95861816,19930176
2022-01-17,1149.50571371,1161.73445202,1149.05274867,1155.95971680,8036453
2022-01-18,1157.09210417,1160.53420730,1139.42826404,1142.16845703,6215029
2022-01-19,1145.88237997,1151.31736160,1136.37107229,1142.07788086,9755485
2022-01-20,1132.31752299,1136.80140984,1111.91348973,1122.08154297,16494486
2022-01-21,1110.55484825,1133.31391674,1110.55484825,1122.26269531,13338594
2022-01-24,1120.97187701,1134.44630016,1066.66710286,1076.99365234,21868937
2022-01-25,1064.15322225,1081.86234589,1043.97573271,1074.88745117,24510205
2022-01-27,1058.01619039,1067.11981692,1046.71590516,1058.96728516,20020431
2022-01-28,1071.15083648,1076.08756808,1054.57406617,1057.94824219,14667727
2022-01-31,1068.97692838,1089.90173364,1067.16518796,1080.93395996,12143683
2022-02-01,1090.62635678,1096.33304536,1063.04364929,1077.35583496,13200509
2022-02-02,1090.17338819,1090.17338819,1075.72534900,1079.55249023,10017691
2022-02-03,1083.37958903,1087.65969513,1063.08888871,1065.60253906,9572839
2022-02-04,1060.28089115,1063.65518741,1051.26783270,1055.88757324,11061241
2022-02-07,1060.73382058,1067.43700854,1043.97579078,1049.45617676,10714467
2022-02-08,1055.59310245,1068.88626598,1046.24029132,1067.09716797,12060849
2022-02-09,1073.93630987,1081.20567429,1067.98055611,1079.52990723,11486225
2022-02-10,1085.05542936,1085.05542936,1071.19620838,1078.42028809,12464491
2022-02-11,1074.88750684,1079.98285453,1061.68491134,1076.31420898,15943370
2022-02-14,1059.94122138,1066.59912481,1047.59915161,1059.17126465,10719633
2022-02-15,1064.90048320,1097.82772068,1057.88030430,1095.13281250,11212671
2022-02-16,1100.59049531,1101.94927060,1085.16871921,1092.86828613,10392840
2022-02-17,1096.10657868,1111.86810807,1091.53212318,1106.70483398,12853252
2022-02-18,1107.11266448,1112.54764643,1096.12936945,1098.05432129,6775458
2022-02-21,1092.43802989,1103.98750078,1080.02815302,1086.95776367,11107193
2022-02-22,1065.67052518,1085.14610520,1063.06630563,1082.02087402,13494914
2022-02-23,1087.50125622,1089.96962218,1072.50968275,1075.24975586,7310110
2022-02-24,1043.97571578,1059.78264961,1016.07601754,1021.66949463,24846650
2022-02-25,1032.69820288,1045.31198049,1030.95450896,1034.44201660,14570089
2022-02-28,1015.89499268,1072.21528724,1015.89499268,1068.68249512,21297446
2022-03-02,1057.31437876,1087.45614616,1054.93658146,1086.34643555,21471786
2022-03-03,1087.00310470,1093.72893533,1073.43823211,1077.17480469,10186748
2022-03-04,1065.71572079,1070.83371020,1050.92804866,1053.28320312,10805667
2022-03-07,1032.06410667,1047.19165487,1006.38370600,1014.33245850,17983310
2022-03-08,1001.62790257,1017.25363815,987.36100213,1012.49792480,21289374
2022-03-09,1012.72457980,1072.05677364,1011.88657646,1066.21411133,20414228
2022-03-10,1087.00306974,1089.26765548,1068.88638386,1083.49291992,17980493
2022-03-11,1076.15563902,1091.98521686,1076.15563902,1086.61804199,12257423
2022-03-14,1081.06972432,1098.05417544,1075.22706259,1095.54040527,8340678
2022-03-15,1099.66204209,1099.66204209,1060.21287314,1070.44885254,15925769
2022-03-16,1078.85046051,1090.58106889,1076.63115946,1088.52026367,11149828
2022-03-17,1101.83610086,1131.11721831,1093.84206444,1124.00646973,21422098
2022-03-21,1106.93128657,1125.04796903,1104.66670127,1117.52954102,11999466
2022-03-22,1114.22339261,1148.12437194,1111.27953895,1146.40332031,22557065
2022-03-23,1142.71202281,1161.66659224,1142.71202281,1150.04919434,15462187
2022-03-24,1136.82401045,1170.40787607,1136.82401045,1167.91674805,13168266
2022-03-25,1169.66058874,1184.83330067,1167.16946066,1175.70703125,14222488
2022-03-28,1182.11586065,1191.06099281,1171.47231904,1187.52832031,9891424
2022-03-29,1194.79746416,1194.79746416,1180.93824294,1187.79992676,8684065
2022-03-30,1195.65802252,1217.44335192,1185.33147425,1210.62695312,15811550
2022-03-31,1207.00351847,1209.15489254,1190.53996004,1193.32531738,13223718
2022-04-01,1193.89178524,1207.09438229,1187.55099256,1202.88220215,7922880
2022-04-04,1202.70092765,1211.55548997,1196.45070475,1206.43750000,7929162
2022-04-05,1200.73057932,1209.24550690,1186.96192848,1189.38500977,13149870
2022-04-06,1171.74403965,1193.21225904,1171.74403965,1186.21472168,12257215
2022-04-07,1175.36728127,1180.30413313,1162.64029306,1165.28991699,15496499
2022-04-08,1159.46989324,1188.90962659,1159.46989324,1184.67480469,15152495
2022-04-11,1177.58643921,1195.04649679,1169.88687284,1182.20629883,9254209
2022-04-12,1171.69856518,1178.76414870,1157.38637984,1159.94543457,13217742
2022-04-13,1166.03717905,1174.23499556,1152.90251090,1155.68798828,10354235
2022-04-18,1147.24118354,1159.37935338,1142.16847799,1152.15527344,9974224
2022-04-19,1158.56409656,1208.38510141,1155.41634283,1196.06567383,26141820
2022-04-20,1203.44813273,1238.27756020,1199.82477203,1231.23461914,25072240
2022-04-21,1245.93181963,1263.18797732,1237.37160766,1260.06286621,21708633
2022-04-22,1249.55517222,1269.07591521,1242.89726955,1249.50988770,15054154
2022-04-25,1242.08223188,1249.32883449,1206.41491600,1220.61389160,17063215
2022-04-26,1227.40752031,1265.90559433,1226.36585649,1257.14160156,12227666
2022-04-27,1248.17380729,1280.85186116,1247.81141131,1258.36450195,19338945
2022-04-28,1272.67663615,1291.26892672,1261.87448107,1277.16052246,25614076
2022-04-29,1293.60156625,1293.60156625,1257.88896811,1263.75427246,18214862
2022-05-02,1250.95923993,1270.66112113,1249.17014197,1259.31555176,9467006
2022-05-04,1261.37644032,1263.64102589,1212.14425652,1220.00231934,19247660
2022-05-05,1233.52184435,1236.46581743,1192.07991846,1196.11083984,17210669
2022-05-06,1183.11218987,1204.30870098,1174.66518875,1186.93933105,19649948
2022-05-09,1166.24113348,1176.27333408,1135.46538353,1140.58337402,18083752
2022-05-10,1130.03031303,1144.34249960,1113.27228283,1120.81335449,19511677
2022-05-11,1119.90739988,1125.47835432,1096.94443411,1109.33178711,16643899
2022-05-12,1099.45818789,1102.78707930,1073.41539590,1086.73120117,20490321
2022-05-13,1098.77882998,1122.33049481,1093.95518987,1099.05053711,19308778
2022-05-16,1102.60599475,1123.68929423,1094.54403201,1099.32238770,13437911
2022-05-17,1102.90039094,1150.36623939,1101.49633109,1145.49731445,16551828
2022-05-18,1150.25300317,1163.99901234,1136.03138671,1149.66418457,17276788
2022-05-19,1125.04812419,1137.95625024,1116.91823427,1123.16845703,14699118
2022-05-20,1137.95611299,1197.69597744,1133.20051971,1188.66027832,21793091
2022-05-23,1191.85346221,1201.84037706,1174.41616489,1180.71179199,15252755
2022-05-24,1180.75697970,1194.79733754,1176.54480047,1184.76525879,13527818
2022-05-25,1193.43897007,1203.26727085,1178.26613616,1183.02185059,12714544
2022-05-26,1188.63778178,1193.39349545,1154.03489429,1171.74401855,17882023
2022-05-27,1174.43872728,1179.91899297,1150.45673960,1166.30883789,16521973
2022-05-30,1184.38026300,1211.10244400,1174.95964475,1206.93566895,13853398
2022-05-31,1196.33738466,1213.27655272,1184.69746452,1192.37438965,70620653
2022-06-01,1193.12167561,1202.58769868,1184.92385883,1192.75939941,9776989
2022-06-02,1192.98588250,1237.57568737,1192.98588250,1233.88439941,22126569
2022-06-03,1242.80673302,1276.02820064,1241.90080300,1258.88525391,23939791
2022-06-06,1259.11190425,1274.51103883,1246.33951174,1253.47302246,11093152
2022-06-07,1254.53739843,1264.13927571,1246.45291222,1255.82824707,12358255
2022-06-08,1255.82815578,1259.56472805,1230.26096852,1233.77111816,12479250
2022-06-09,1227.40763887,1269.52895798,1227.40763887,1267.60412598,17278305
2022-06-10,1255.44324096,1263.59577319,1223.55778424,1229.33251953,18093057
2022-06-13,1200.23253101,1210.55895994,1184.96913054,1206.07507324,17620803
2022-06-14,1200.25510628,1210.12868942,1183.67821593,1190.31347656,14714312
2022-06-15,1185.53540830,1194.48054020,1170.52119123,1175.91088867,11195535
2022-06-16,1188.00365078,1204.33135707,1156.75229803,1159.46984863,17111475
2022-06-17,1159.46998015,1188.84166912,1157.70364394,1173.05749512,24457187
2022-06-20,1179.85116469,1185.33155064,1141.85133827,1151.79296875,12066797
2022-06-21,1159.46976548,1174.59719121,1145.11229639,1170.38513184,11720049
2022-06-22,1158.60926182,1158.69983087,1132.74760732,1134.83105469,10617206
2022-06-23,1139.11130566,1143.61783488,1107.38434325,1116.42004395,19446323
2022-06-24,1123.23652001,1137.27687917,1117.80141861,1132.31750488,14240234
2022-06-27,1152.65333523,1152.65333523,1123.93827804,1128.96569824,15474529
2022-06-28,1124.18759845,1147.67133815,1124.18759845,1144.84057617,13572847
2022-06-29,1135.55573968,1176.22782901,1132.74762014,1168.59606934,19205146
2022-06-30,1168.52835027,1184.78813199,1162.18755773,1175.61657715,23112959
2022-07-01,1166.21846869,1173.96332118,1071.15102741,1090.94348145,81997149
2022-07-04,1077.46899868,1106.02544196,1071.64897925,1093.20788574,41857728
2022-07-05,1097.41999596,1116.39720432,1094.74773015,1102.06237793,17647327
2022-07-06,1096.10668961,1106.00291603,1081.56808044,1092.37011719,23943726
2022-07-07,1098.73358630,1102.06247793,1075.68005035,1081.61328125,23301033
2022-07-08,1095.15551004,1095.15551004,1079.09951108,1083.10791016,19010108
2022-07-11,1076.35942108,1100.04693998,1073.41544794,1097.82775879,13847467
2022-07-12,1088.81439198,1104.98359918,1088.81439198,1096.26489258,10778989
2022-07-13,1099.36772562,1102.40226795,1074.77427548,1076.83496094,14224132
2022-07-14,1081.56802525,1102.37961847,1076.56324674,1085.71215820,16970315
2022-07-15,1093.79675282,1093.79675282,1079.34871358,1087.81823730,9603210
2022-07-18,1096.51439002,1098.32601070,1083.51557431,1097.08056641,15160908
2022-07-19,1087.13893508,1108.29028348,1087.13893508,1103.80639648,16439888
2022-07-20,1150.41159480,1151.54382777,1126.06720820,1133.65356445,23924246
2022-07-21,1129.57722885,1132.29477935,1117.48434475,1126.08972168,16523230
2022-07-22,1132.29479275,1139.67736788,1130.03020724,1133.69885254,10969995
2022-07-25,1117.55227334,1117.55227334,1088.36172685,1096.24243164,23110452
2022-07-26,1096.55958456,1106.88613312,1092.14362472,1096.74072266,11303288
2022-07-27,1096.03873062,1099.23176883,1087.90884057,1095.69909668,8655086
2022-07-28,1103.30791135,1117.77859090,1096.51415553,1112.86450195,12496073
2022-07-29,1120.83594113,1140.03969421,1115.98977824,1136.57482910,15130683
2022-08-01,1140.96812597,1172.03834063,1135.73692492,1166.19567871,15700044
2022-08-02,1165.13136917,1181.11932168,1160.17187527,1170.63427734,13917913
2022-08-03,1177.58659989,1182.11577128,1162.84421048,1180.46264648,14250977
2022-08-04,1182.11577905,1185.62592884,1148.14699335,1164.85961914,14467127
2022-08-05,1166.71646050,1167.98454683,1144.50080986,1147.69384766,13942438
2022-08-08,1146.33526000,1170.13611231,1146.33526000,1162.70825195,10165178
2022-08-10,1167.12411000,1173.01205633,1158.13369466,1169.66052246,10724688
2022-08-11,1178.99064571,1182.07047264,1168.61881219,1173.55566406,8198226
2022-08-12,1173.19323038,1196.31469367,1169.52470473,1192.53283691,12650587
2022-08-16,1198.51129698,1203.53871751,1189.95120454,1200.82116699,6607378
2022-08-17,1207.02618943,1212.41588598,1202.74608344,1207.09411621,6595965
2022-08-18,1208.69258539,1212.78209137,1199.69555204,1209.28332520,7410035
2022-08-19,1204.14857993,1209.46499755,1183.67797426,1187.72216797,9460724
2022-08-22,1189.15353244,1195.65130947,1175.06724318,1184.42773438,9471680
2022-08-23,1178.70237116,1205.60260432,1177.49817552,1202.69445801,9678484
2022-08-24,1199.65009996,1213.23651432,1197.49170621,1199.49096680,10369622
2022-08-25,1203.67132134,1210.01008484,1191.69799456,1195.99206543,7871946
2022-08-26,1196.42371086,1204.14851948,1184.60951684,1189.60778809,10742038
2022-08-29,1174.61281736,1206.42057940,1171.45479335,1180.36096191,19838975
2022-08-30,1187.79038233,1201.99025299,1170.79594579,1198.67309570,23139054
2022-09-01,1173.54505682,1183.67801721,1159.02704031,1163.43469238,19909939
2022-09-02,1163.43468091,1170.22788806,1147.66715673,1149.84826660,12999345
2022-09-05,1150.07544629,1173.02247254,1150.07544629,1167.70605469,11327815
2022-09-06,1169.16015532,1184.15521119,1168.70571234,1179.99743652,10899618
2022-09-07,1170.06882698,1179.11129206,1167.79685264,1173.13598633,7488501
2022-09-08,1176.08949374,1180.51986146,1168.25122482,1174.79443359,7057077
2022-09-09,1185.97257933,1185.97257933,1165.07036855,1167.47875977,8314850
2022-09-12,1168.04680486,1186.88160914,1168.04680486,1180.54272461,7435419
2022-09-13,1189.60789112,1194.92430894,1181.88320202,1190.40307617,8888657
2022-09-14,1170.06883942,1185.97265995,1169.04649303,1176.13500977,8678219
2022-09-15,1173.70392987,1183.04170410,1161.77603537,1164.47973633,10365600
2022-09-16,1155.86905798,1160.07226496,1131.89968457,1135.62573242,20217708
2022-09-19,1135.62574958,1146.30401804,1127.51476551,1137.10253906,7580254
2022-09-20,1146.19034815,1153.11997221,1133.58084821,1137.28417969,8411448
2022-09-21,1134.51239847,1150.98424212,1133.71721348,1140.41955566,9207309
2022-09-22,1129.62766343,1137.35235249,1123.31161534,1129.67309570,10308170
2022-09-23,1129.17334260,1134.14889813,1106.95335320,1108.49829102,9528051
2022-09-26,1087.84596064,1098.63792945,1079.25793806,1080.25756836,12479523
2022-09-27,1087.82323650,1102.36396907,1072.41929067,1088.84570312,16154822
2022-09-28,1072.53287325,1080.55299232,1057.42423720,1059.85522461,16997059
2022-09-29,1072.37384732,1075.78174885,1051.01719166,1056.60632324,14671827
2022-09-30,1050.10836032,1091.45834018,1050.10836032,1080.43933105,18613024
2022-10-03,1086.68733758,1098.25165533,1073.73709496,1076.69067383,11852723
2022-10-04,1089.55007672,1098.72883948,1086.07390638,1096.54772949,8948850
2022-10-06,1103.72710268,1113.26932256,1098.79685959,1100.59167480,13352162
2022-10-07,1097.20655453,1110.49765897,1097.20655453,1105.24938965,7714340
2022-10-10,1092.82160226,1098.54703060,1085.09691339,1093.18518066,6329527
2022-10-11,1096.91115011,1096.91115011,1068.32968000,1071.41955566,9215177
2022-10-12,1068.73865775,1082.23420733,1064.69446399,1079.30334473,7417103
2022-10-13,1077.55388827,1087.82314457,1072.41920003,1082.73400879,7328492
2022-10-14,1097.36545963,1097.97891550,1076.50868122,1077.23571777,9106089
2022-10-17,1070.10193835,1096.91119002,1064.92181713,1094.52563477,16729355
2022-10-18,1100.54617741,1119.17641352,1099.70556019,1113.83728027,12415820
2022-10-19,1115.31408533,1148.64406558,1109.49779296,1133.21728516,19247142
2022-10-20,1129.17344525,1144.62282480,1129.17344525,1136.26196289,8717053
2022-10-21,1139.48804716,1143.62310561,1120.99422541,1123.08435059,8243452
2022-10-24,1117.81338027,1137.12522368,1115.67782280,1126.83312988,3370033
2022-10-25,1135.53486051,1135.53486051,1107.81672329,1109.42980957,12233241
2022-10-27,1116.90458396,1121.65309828,1105.45384718,1113.79199219,12513059
2022-10-28,1120.08541892,1151.89318402,1117.56356673,1147.87182617,17609592
2022-10-31,1154.61944507,1163.68462624,1150.62068371,1158.52722168,12419943
2022-11-01,1181.42864411,1181.42864411,1139.62434227,1149.55285645,13963166
2022-11-02,1150.66612948,1158.79982892,1142.80514388,1156.73229980,8981896
2022-11-03,1149.55302467,1163.04857522,1147.37191467,1161.04919434,6693449
2022-11-04,1160.48107556,1181.42872020,1159.20885164,1178.13439941,12575815
2022-11-07,1177.33921756,1186.10908917,1169.61452869,1184.42773438,11789748
2022-11-09,1186.10905197,1191.40275332,1176.90745384,1183.24633789,11254205
2022-11-10,1176.88483405,1179.86112906,1164.61619579,1168.93298340,5966242
2022-11-11,1181.42867299,1197.78693594,1175.97595874,1195.87854004,12310132
2022-11-14,1195.40150097,1200.51347368,1183.76891453,1190.08508301,9043112
2022-11-15,1191.56177259,1193.42473625,1176.88474392,1184.74584961,7086433
2022-11-16,1185.97275804,1188.67645943,1172.95436670,1177.95275879,9716161
2022-11-17,1174.59003790,1187.33583413,1172.34077974,1180.99707031,6661451
2022-11-18,1184.49590007,1185.51836668,1168.29676934,1180.36096191,5303197
2022-11-21,1175.97593759,1175.97593759,1155.57360164,1159.11791992,6390268
2022-11-22,1156.43711495,1167.11538355,1152.57477015,1165.54772949,6611488
2022-11-23,1170.06876862,1171.38654492,1159.73124384,1161.91235352,6413408
2022-11-24,1165.97941676,1178.70249813,1157.89114899,1171.93200684,9389439
2022-11-25,1176.43047298,1192.74318445,1173.29504490,1189.42614746,7349922
2022-11-28,1185.47303780,1236.43351378,1136.89811715,1230.29919434,31527484
2022-11-29,1228.66322333,1241.25000788,1224.14199041,1232.41198730,11058913
2022-11-30,1232.54834119,1247.52068020,1226.05044390,1241.11364746,26164986
2022-12-01,1245.86198137,1251.86000314,1234.13865167,1237.45568848,9485801
2022-12-02,1240.50014000,1248.67927158,1227.14088775,1236.93310547,11589592
2022-12-05,1232.32107818,1234.47947193,1216.87170003,1218.89367676,14828536
2022-12-06,1211.00985773,1225.50503646,1209.14677397,1222.41516113,8594245
2022-12-07,1220.05239152,1224.59634023,1200.58153645,1204.37573242,8462111
2022-12-08,1208.69255035,1210.96452476,1199.65008498,1203.80773926,7757008
2022-12-09,1202.33099777,1208.69259849,1182.26940162,1185.56384277,12655763
2022-12-12,1174.84011599,1191.87986428,1174.61283441,1187.38134766,9479842
2022-12-13,1187.38129398,1196.42375909,1184.47314758,1192.78869629,8333348
2022-12-14,1198.53673546,1199.12747524,1186.42711083,1188.47192383,7268947
2022-12-15,1182.56476195,1188.24463777,1168.25131141,1171.59106445,8688551
2022-12-16,1168.25130901,1189.97142239,1162.41230004,1165.79748535,15837349
2022-12-19,1172.79516777,1183.24627308,1166.29727111,1181.11059570,7729933
2022-12-20,1174.11311863,1193.24311290,1165.97941858,1191.33471680,7467588
2022-12-21,1190.97104488,1196.42375928,1170.56870802,1174.38562012,8527550
2022-12-22,1180.51994854,1183.54167565,1166.32007870,1171.34118652,7451122
2022-12-23,1164.75246008,1177.11208274,1132.46765887,1136.98889160,10257115
2022-12-26,1142.69143422,1155.07365099,1132.53563908,1146.91723633,5990242
2022-12-27,1149.62103314,1158.16362281,1142.91869096,1156.30065918,5763271
2022-12-28,1153.25627119,1158.61812115,1145.75874366,1156.18713379,7459393
2022-12-29,1148.25788775,1158.20911886,1147.57628341,1155.66455078,6930648
2022-12-30,1156.48232554,1170.97750388,1154.66479428,1157.43652344,7289476
2023-01-02,1158.70890140,1171.88642405,1157.89100029,1170.47778320,5316175
2023-01-03,1165.54753631,1169.16000297,1157.70926731,1161.91235352,7658932
2023-01-04,1161.88968701,1163.73005472,1142.35068381,1144.41821289,9264891
2023-01-05,1146.66760679,1152.52933249,1137.80686984,1142.37353516,13637099
2023-01-06,1148.09881837,1157.77745533,1144.30462248,1152.75634766,6349597
2023-01-09,1156.57326200,1182.33756842,1155.68721245,1179.97460938,10722753
2023-01-10,1184.15512770,1184.15512770,1156.89143538,1162.52587891,8047142
2023-01-11,1159.84515534,1162.34429139,1145.57701520,1147.87182617,11509553
2023-01-12,1147.28100495,1150.75705499,1120.08533947,1123.08435059,17688773
2023-01-13,1117.08635488,1123.67511707,1106.27178977,1121.26684570,20618583
2023-01-16,1123.58417516,1126.74219911,1102.81825968,1110.58850098,13623855
2023-01-17,1116.90460275,1128.26447517,1113.54213340,1126.35607910,10751000
2023-01-18,1123.94773262,1131.94501496,1117.97242691,1124.49291992,13448286
2023-01-19,1123.67511480,1127.42387878,1116.29116755,1123.28894043,11940054
2023-01-20,1124.62931340,1124.62931340,1107.47598386,1109.92968750,14930286
2023-01-23,1112.81502680,1120.63058007,1101.90947786,1104.31774902,10954118
2023-01-24,1108.72538596,1110.38390437,1084.80144720,1097.79724121,16488755
2023-01-25,1096.20689540,1097.22924179,1081.46171811,1082.62036133,12385018
2023-01-27,1083.46103505,1084.80140730,1050.40364781,1062.08166504,25830975
2023-01-30,1059.51445715,1077.78111682,1045.56446469,1072.26025391,21772103
2023-01-31,1082.37032859,1084.93773257,1063.74009344,1069.57910156,22691594
2023-02-01,1081.43898932,1081.43898932,1047.38197027,1063.24047852,19347800
2023-02-02,1053.28904756,1066.92089253,1050.10830778,1057.35595703,13662663
2023-02-03,1067.37549566,1067.37549566,1041.92933317,1058.28759766,24699575
2023-02-06,1051.92595241,1054.65236978,1047.74558201,1050.31286621,14837879
2023-02-07,1050.56286527,1057.56051760,1041.92929040,1047.79101562,15135435
2023-02-08,1051.01718606,1072.32840933,1048.29088889,1068.71594238,21160332
2023-02-09,1069.39749809,1077.30391577,1060.55947840,1070.57885742,13172763
2023-02-10,1070.05638406,1070.05638406,1054.78861584,1061.76367188,10790445
2023-02-13,1063.37675498,1067.82983901,1051.26713081,1055.72021484,10352493
2023-02-14,1058.71926229,1082.32505554,1055.85654814,1080.59838867,14321920
2023-02-15,1079.64406027,1107.45318011,1078.28097181,1105.06750488,33503591
2023-02-16,1113.01952778,1119.54014134,1101.93224918,1104.20422363,17264487
2023-02-17,1099.63752211,1112.13344129,1095.36616701,1108.81628418,11809520
2023-02-20,1110.99745831,1113.15585212,1095.13906902,1097.09301758,8836937
2023-02-21,1101.45517463,1111.81529607,1096.16135293,1106.04455566,13311592
2023-02-22,1102.34116225,1104.18140972,1079.21240908,1080.96179199,11024335
2023-02-23,1080.55296864,1088.16407685,1072.98729271,1075.78173828,9851910
2023-02-24,1077.82664825,1088.80034686,1076.00911665,1083.14306641,9434053
2023-02-27,1082.37042220,1085.84659205,1068.60228000,1075.94067383,11199715
2023-02-28,1070.60162207,1075.55458156,1051.31261588,1055.35668945,21994038
2023-03-01,1065.10341567,1065.78501997,1055.67465632,1065.05798340,11551145
2023-03-02,1061.92269693,1068.57960693,1054.92492468,1056.94702148,9333535
2023-03-03,1067.44356137,1087.57330437,1063.99022770,1083.91540527,14643807
2023-03-06,1090.54972036,1101.72786413,1090.54972036,1094.50292969,10171916
2023-03-08,1094.50273693,1099.18310229,1083.73360577,1098.43334961,15782657
2023-03-09,1097.81998216,1098.22887264,1070.14727916,1072.03295898,16235128
2023-03-10,1063.96763777,1065.10356497,1051.94875635,1055.42492676,13334091
2023-03-13,1058.28750182,1065.10342470,1033.75010731,1038.06689453,12771592
2023-03-14,1036.02213235,1047.35928825,1031.04657691,1034.18188477,16027522
2023-03-15,1037.88516908,1044.33751361,1012.12086269,1016.50579834,21728555
2023-03-16,1019.20944966,1024.20772077,1000.67007775,1011.43920898,18363159
2023-03-17,1020.00476497,1023.27636976,1005.44137608,1010.16711426,34014213
2023-03-20,1006.48636235,1008.75833652,990.58248303,1000.23840332,19524589
2023-03-21,1008.28119255,1033.29574517,1007.39514304,1031.34179688,21400360
2023-03-22,1038.29420749,1041.22507038,1031.47828361,1034.47729492,10920094
2023-03-23,1030.56938691,1031.43272033,1019.23223135,1021.39062500,16249370
2023-03-24,1020.23188776,1022.39028147,998.76171168,1001.16998291,12375945
2023-03-27,1007.62241783,1024.20778236,999.76137223,1016.73297119,14054323
2023-03-28,1020.11823673,1025.34378950,1016.48305391,1021.48144531,12576424
2023-03-29,1017.39181641,1020.02736902,1004.71422904,1015.43798828,18804065
2023-03-31,1024.66222029,1064.85355776,1024.52592347,1059.21899414,28171201
2023-04-03,1065.55791200,1067.37544343,1051.92594547,1059.40075684,10293043
2023-04-05,1066.92101298,1066.92101298,1048.99521536,1056.85620117,16262928
2023-04-06,1053.35729912,1069.64741434,1053.35729912,1063.94470215,18435046
2023-04-10,1067.82987382,1068.01160292,1054.90222791,1056.40173340,12961408
2023-04-11,1060.55954063,1063.74028080,1056.03830790,1061.62731934,10542367
2023-04-12,1061.62725160,1075.91798550,1058.76465774,1066.30761719,18179087
2023-04-13,1069.19305419,1075.00934752,1064.19478227,1070.32910156,12378208
2023-04-17,1101.88667406,1101.88667406,1067.39805104,1075.75891113,17929479
2023-04-18,1080.09851970,1080.09851970,1056.92433294,1063.44494629,10405576
2023-04-19,1062.85420617,1071.41951233,1059.74161449,1068.73864746,12273475
2023-04-20,1069.69281118,1071.91935321,1059.69614826,1066.03491211,7007330
2023-04-21,1068.12524106,1072.82820301,1061.65005969,1067.37548828,7647317
2023-04-24,1079.18977691,1081.87064183,1066.92101884,1071.46508789,12936186
2023-04-25,1075.10008334,1081.73427710,1068.05699911,1079.66674805,9236126
2023-04-26,1081.00738227,1084.23367512,1069.67022549,1073.32812500,8617834
2023-04-27,1079.18973399,1083.27923972,1074.19134236,1080.12121582,9167125
2023-04-28,1082.37067453,1101.40992638,1082.25709382,1099.86486816,15565210
2023-05-02,1106.99881064,1111.36103052,1103.31819513,1109.20263672,12981805
2023-05-03,1110.99754664,1110.99754664,1096.47964880,1099.68310547,7061872
2023-05-04,1100.16010659,1114.56442165,1097.18381176,1112.36059570,8635233
2023-05-05,1109.17988780,1118.42679849,1106.90791337,1109.52062988,8746585
2023-05-08,1113.26923114,1128.55971418,1110.61108274,1123.22058105,9153782
2023-05-09,1124.62924819,1129.99121834,1119.29011438,1126.69677734,6464721
2023-05-10,1131.44532484,1135.92112535,1127.44656325,1134.44433594,10872255
2023-05-11,1135.51216198,1140.30598863,1125.33364867,1127.03771973,10557860
2023-05-12,1122.26633014,1130.26373233,1116.22287628,1128.87780762,6955341
2023-05-15,1131.39992219,1138.05671259,1123.78869337,1131.10449219,6833343
2023-05-16,1133.26275232,1135.80732021,1113.33745519,1114.99609375,8717229
2023-05-17,1119.17648031,1120.08524598,1103.72710324,1108.40734863,8798967
2023-05-18,1113.06481233,1116.45011752,1102.88630082,1106.02172852,10525531
2023-05-19,1106.02181968,1111.42910178,1099.11491192,1109.61145020,8050447
2023-05-22,1106.45336293,1120.53965110,1105.24928751,1115.54125977,7434906
2023-05-23,1118.10864134,1121.44839408,1113.92815118,1115.33679199,6092034
2023-05-24,1111.40639360,1119.63095759,1105.74911375,1108.83898926,8112254
2023-05-25,1105.95374537,1112.81510113,1097.84276158,1108.70275879,11487863
2023-05-26,1116.90461029,1140.07879825,1113.61028934,1138.94287109,12626260
2023-05-29,1145.53133846,1149.62096405,1139.26072346,1145.34960938,10010304
2023-05-30,1145.34975316,1153.11999468,1142.50975507,1145.05444336,11342504
2023-05-31,1135.98916551,1140.46496559,1118.26769429,1122.31176758,27107927
2023-06-01,1126.96953827,1129.12793206,1116.90460595,1119.29016113,14592692
2023-06-02,1122.81182651,1128.19639313,1113.72392804,1115.63232422,15800644
2023-06-05,1121.08506840,1128.60531218,1117.10902300,1125.65173340,10908682
2023-06-06,1128.46904101,1130.40015322,1118.72225485,1126.60595703,7493309
2023-06-07,1130.08201970,1135.98917683,1123.53869054,1135.14855957,10312545
2023-06-08,1138.71550837,1143.64575157,1131.89958536,1135.83007812,12071109
2023-06-09,1139.17006454,1139.87438506,1125.99253996,1127.78747559,5877018
2023-06-12,1124.85649456,1131.08167777,1120.08526435,1128.78698730,6391969
2023-06-13,1133.71733190,1146.64485854,1129.74128634,1145.46337891,11248016
2023-06-14,1145.53154073,1160.98103981,1143.71400917,1159.54968262,13277380
2023-06-15,1159.52681354,1164.41162429,1152.12015103,1159.86767578,11813494
2023-06-16,1163.34375050,1173.43139813,1163.34375050,1171.15942383,24171579
2023-06-19,1174.15857553,1174.15857553,1155.36932296,1159.52697754,6798554
2023-06-20,1157.59579722,1165.07048857,1151.89308488,1161.93518066,6921096
2023-06-21,1161.88975197,1167.72876115,1157.80024604,1165.20690918,6961603
2023-06-22,1161.43529549,1169.29628050,1150.52974728,1152.12011719,7619166
2023-06-23,1149.12115666,1151.16596957,1141.44190040,1142.69152832,6628570
2023-06-26,1139.17000016,1142.98691240,1130.85457133,1133.96716309,12641159
2023-06-27,1134.42153091,1140.30585175,1129.92301462,1134.37609863,9689466
2023-06-28,1141.89639341,1153.18811692,1135.01220165,1149.39392090,11354006
2023-06-30,1157.07324871,1161.73077846,1151.18880705,1158.82263184,11151555
2023-07-03,1162.36695065,1191.42558056,1161.14003874,1188.56286621,12154387
2023-07-04,1192.78861542,1192.78861542,1169.27356832,1176.31677246,8061643
2023-07-05,1185.51833048,1185.51833048,1170.43241119,1174.38562012,10248062
2023-07-06,1170.54601649,1201.62662143,1170.54601649,1199.03662109,19117987
2023-07-07,1197.33258315,1210.94171240,1194.15172307,1196.69641113,13375267
2023-07-10,1221.82456014,1252.31454664,1215.50851194,1242.79492188,33240016
2023-07-11,1250.90585027,1258.67597141,1243.95363029,1256.26770020,20069348
2023-07-12,1256.99467629,1273.21664231,1254.88171497,1257.65356445,18733835
2023-07-13,1264.99215459,1271.85351010,1243.79463215,1246.40734863,14682934
2023-07-14,1249.58810744,1254.54106702,1238.27366750,1245.36230469,15124144
2023-07-17,1248.22502398,1279.14661672,1239.59144895,1270.80847168,22220040
2023-07-18,1280.03268781,1289.32503103,1269.12713814,1281.60034180,25867313
2023-07-19,1285.93977479,1297.75408957,1270.94471994,1291.32434082,39122156
2023-07-20,1270.14216880,1295.22499108,1270.14216880,1289.76049805,38717624
2023-07-21,1284.41901571,1287.32355643,1242.37637159,1249.83471680,30249238
2023-07-24,1221.40423924,1238.11790884,1215.64431584,1224.55493164,23727866
2023-07-25,1227.80419624,1233.31796811,1220.91195135,1223.76733398,12026020
2023-07-26,1223.37338334,1253.89618002,1223.37338334,1243.65625000,12911012
2023-07-27,1247.52103474,1249.29325427,1226.00740745,1232.08728027,17226898
2023-07-28,1236.69033504,1251.85329834,1231.02884798,1244.46875000,20827852
2023-07-31,1244.46866607,1257.29306801,1239.59479238,1255.00390625,8551174
2023-08-01,1257.83464495,1259.80385770,1233.36720055,1237.25634766,9536632
2023-08-02,1235.28726492,1236.66573803,1212.83830931,1224.03820801,12748214
2023-08-03,1218.59812281,1231.20101249,1210.10589270,1218.89343262,10168350
2023-08-04,1230.16709191,1238.63468175,1216.77647074,1235.45935059,22885610
2023-08-07,1241.09639949,1244.73939518,1233.21954808,1242.49951172,5982870
2023-08-08,1244.54247229,1247.71780384,1230.53647048,1235.01635742,9844072
2023-08-09,1233.14564304,1245.03471651,1221.45344275,1243.16394043,11486586
2023-08-10,1243.04102745,1255.37324751,1234.91802409,1248.70251465,15470598
2023-08-11,1246.73313815,1259.73001394,1236.83791655,1253.96997070,22179330
2023-08-14,1249.95785430,1271.27460741,1243.06560934,1268.78845215,9575812
2023-08-16,1255.86556352,1271.52083057,1255.86556352,1267.75463867,10203112
2023-08-17,1263.79152452,1269.20685943,1246.93014084,1249.46545410,13673744
2023-08-18,1246.14245460,1268.96075563,1234.96719618,1258.72082520,18639978
2023-08-21,1254.84244577,1262.50009977,1242.83719634,1244.98632812,9221746
2023-08-22,1243.45471389,1253.85432589,1234.61140712,1244.68981934,7713044
2023-08-23,1247.06144878,1256.27540930,1243.47964239,1246.07336426,9517952
2023-08-24,1254.81771793,1254.81771793,1220.77825907,1225.12585449,14140020
2023-08-25,1213.36764678,1237.57571465,1206.74752952,1219.46911621,22222400
2023-08-28,1221.27236653,1227.20087316,1201.06608800,1207.31567383,12580826
2023-08-29,1211.41624109,1212.10785195,1189.72771542,1195.75512695,16876644
2023-08-30,1201.51063903,1206.94510327,1193.11192157,1194.61877441,12168946
2023-08-31,1197.06434378,1198.05242826,1185.65191983,1189.15966797,21638600
2023-09-01,1188.93734253,1198.37347667,1186.51646325,1191.95092773,18112842
2023-09-04,1191.95078486,1197.38524869,1188.31964730,1190.98742676,9347626
2023-09-05,1195.58223951,1202.47410474,1191.85219641,1197.36083984,8675876
2023-09-06,1196.12560073,1203.56083924,1194.22349004,1199.88024902,8200370
2023-09-07,1196.42196138,1204.59838384,1191.13573401,1201.51062012,13652572
2023-09-08,1205.46303800,1213.36771366,1197.03959388,1209.51416016,23109288
2023-09-11,1211.39148272,1223.66847972,1211.39148272,1222.55688477,13271074
2023-09-12,1226.70681288,1226.70681288,1203.46210268,1204.89489746,16255666
2023-09-13,1205.46292888,1216.65293611,1198.66984886,1210.92211914,12803338
2023-09-14,1215.34387226,1218.20934128,1207.93323889,1212.03381348,9209636
2023-09-15,1219.29621865,1219.29621865,1210.15643743,1214.28173828,25468592
2023-09-18,1205.48782888,1210.89756745,1201.53549084,1203.70922852,7516300
2023-09-20,1197.08909070,1199.33700705,1163.46949167,1176.88269043,57081884
2023-09-21,1173.32551531,1180.81032712,1165.93960844,1168.31103516,12226182
2023-09-22,1173.84431501,1177.03086320,1160.99921728,1163.44470215,19176786
2023-09-25,1161.19682406,1166.28548322,1153.63807433,1156.28112793,14254884
2023-09-26,1155.34250259,1161.09804643,1153.88510211,1157.29394531,10087782
2023-09-27,1157.78804467,1171.76946486,1155.31783336,1170.33666992,11722778
2023-09-28,1177.30266031,1177.30266031,1148.64821033,1153.14404297,14518346
2023-09-29,1156.94814169,1170.43551896,1153.14404056,1158.52905273,12342014
2023-10-03,1151.09363829,1153.88504919,1144.20177350,1145.26391602,8859056
2023-10-04,1140.74345062,1145.68387267,1133.87631222,1143.28771973,10286386
2023-10-05,1145.80745286,1150.82193329,1140.74351995,1143.26318359,10953682
2023-10-06,1144.72062539,1148.54945285,1142.25041413,1145.18994141,5431026
2023-10-09,1140.29885907,1142.20084919,1133.82685795,1135.43249512,7576878
2023-10-10,1139.53311574,1145.14042261,1138.14977339,1140.44702148,10236032
2023-10-11,1143.43597104,1160.85095897,1142.71963395,1158.55371094,9814118
2023-10-12,1157.96092092,1165.61857544,1155.14478374,1160.70275879,12554450
2023-10-13,1156.05882549,1164.70456457,1150.69841902,1160.65344238,10150316
2023-10-16,1158.52913049,1163.24725832,1154.08275003,1158.05981445,5929036
2023-10-17,1163.96354927,1165.79148148,1156.70115226,1163.59301758,7928180
2023-10-18,1163.59299493,1169.39799129,1146.67204807,1148.15417480,8918320
2023-10-19,1142.22564453,1147.06728255,1136.79117996,1139.33544922,12032556
2023-10-20,1136.29712882,1143.55952548,1134.46919670,1135.85253906,8913312
2023-10-23,1131.35668868,1139.38487479,1114.18872147,1118.11633301,7853962
2023-10-25,1111.61969780,1127.00906438,1108.13667610,1115.52258301,11620688
2023-10-26,1112.08901955,1115.54731503,1096.92194776,1099.98498535,15222534
2023-10-27,1106.65456559,1123.20497985,1104.65367049,1119.40087891,11771084
2023-10-30,1123.45203041,1148.64818412,1121.45113525,1142.47265625,16813304
2023-10-31,1150.13035631,1150.13035631,1127.84900262,1130.31921387,12808438
2023-11-01,1130.93672484,1144.94287033,1124.04485984,1135.01257324,10309190
2023-11-02,1143.18896953,1148.30235474,1140.22471621,1146.27673340,10562104
2023-11-03,1149.73497957,1153.56380661,1144.07822053,1146.02966309,8850156
2023-11-06,1152.25463867,1156.05873946,1148.94458008,1155.56469727,10647304
2023-11-07,1153.11923044,1155.61416770,1145.95561848,1148.05529785,6960204
2023-11-08,1152.10648666,1156.55286676,1147.04255378,1154.03320312,7884494
2023-11-09,1154.00856965,1154.03317527,1138.37206100,1141.50927734,14513610
2023-11-10,1139.03910265,1144.37478293,1135.33378588,1143.65832520,7734954
2023-11-13,1147.61070814,1148.45067647,1142.07745899,1143.51025391,3854810
2023-11-15,1156.05882044,1166.90302329,1149.63627144,1164.18579102,12220648
2023-11-16,1161.54266763,1172.93024387,1159.49232012,1166.28540039,13134910
2023-11-17,1162.43192665,1172.48573438,1162.01206311,1163.74121094,7758634
2023-11-20,1160.28284270,1165.14908604,1154.28015755,1160.67810059,4490186
2023-11-21,1168.90388121,1179.77280994,1166.03841224,1175.27697754,8214450
2023-11-22,1173.35024898,1182.95934584,1171.96690667,1179.87158203,8534814
2023-11-23,1179.87161705,1185.70133943,1179.87161705,1183.47814941,8531542
2023-11-24,1181.55142146,1186.98588588,1181.27967411,1182.68762207,6749486
2023-11-28,1182.68767126,1185.55314038,1173.47383172,1182.93469238,13792174
2023-11-29,1189.65365143,1191.60509405,1184.73795552,1186.04711914,12531306
2023-11-30,1183.08289736,1186.04715073,1170.83062601,1174.56066895,28439984
2023-12-01,1174.83246323,1183.92279233,1174.63489458,1182.88537598,14342842
2023-12-04,1210.40351346,1210.40351346,1185.00979003,1195.68103027,15590990
2023-12-05,1204.96899321,1205.88301958,1196.39731232,1204.35144043,12693624
2023-12-06,1208.97085955,1221.74177957,1202.99289997,1215.88745117,16422442
2023-12-07,1215.34387505,1215.81319104,1206.45111499,1213.88647461,8142096
2023-12-08,1217.24593072,1223.59430066,1207.93318694,1213.24414062,10204894
2023-12-11,1213.36761550,1219.09855314,1211.58901537,1215.02270508,7066138
2023-12-12,1215.34380061,1217.78928536,1195.65617088,1197.58300781,9197124
2023-12-13,1196.57021881,1204.64785709,1188.81378032,1202.47399902,10031182
2023-12-14,1212.37956287,1222.72972287,1206.77213563,1217.39404297,16972354
2023-12-15,1224.23657173,1235.10550013,1220.30896036,1232.93176270,15932152
2023-12-18,1232.93172344,1252.34748480,1230.63435492,1245.48034668,14165188
2023-12-19,1262.27786912,1271.61521881,1247.55538687,1263.80944824,16820604
2023-12-20,1270.20732554,1283.94172394,1244.98644506,1248.51879883,17736722
2023-12-21,1248.44482963,1271.41779543,1244.12195972,1266.00805664,13765454
2023-12-22,1264.55053597,1275.07353894,1258.64663485,1267.24304199,16541784
2023-12-26,1268.70037907,1280.53266573,1266.08193127,1273.66552734,7465664
2023-12-27,1275.61703055,1284.46033817,1271.22010297,1278.01318359,9204156
2023-12-28,1279.47066548,1290.43837950,1278.01326494,1287.25183105,12302636
2023-12-29,1289.99373982,1291.42641407,1274.28317248,1277.07446289,10864584
2024-01-01,1274.90068564,1287.89402026,1271.24470081,1279.69287109,4030540
2024-01-02,1277.09913594,1291.92040251,1271.17062931,1290.29003906,7448800
2024-01-03,1289.45018035,1301.30719351,1273.24557159,1276.25927734,9037536
2024-01-04,1278.58131919,1289.37619040,1274.18439149,1282.85473633,9612778
2024-01-05,1285.94241605,1294.31652798,1283.52165747,1288.31384277,8086406
2024-01-08,1289.45026254,1300.29446572,1269.16980421,1278.26025391,7734652
2024-01-09,1284.50980006,1287.86931136,1273.24561308,1274.87597656,5403074
2024-01-10,1273.14693624,1313.65840259,1272.18357793,1309.26147461,11102740
2024-01-11,1313.65825403,1346.26504033,1312.67016959,1343.69604492,23725852
2024-01-12,1343.69612347,1356.96108540,1329.71470380,1354.39208984,15012164
2024-01-15,1358.61606918,1379.81043161,1349.72330945,1377.51318359,8610594
2024-01-16,1373.41267786,1379.66238446,1354.16975706,1358.24560547,9069024
2024-01-17,1343.30072529,1369.75670890,1338.87907178,1345.35095215,12197382
2024-01-18,1335.29742034,1354.66385246,1335.14918354,1351.65014648,10279438
2024-01-19,1359.60429882,1359.60429882,1342.80686199,1351.15612793,10422704
2024-01-23,1355.40485749,1355.40485749,1306.79115032,1312.74426270,20055420
2024-01-24,1319.31498419,1333.41991329,1308.14970271,1327.86193848,21919128
2024-01-25,1326.94803697,1347.89550083,1319.29038206,1336.95239258,11808872
2024-01-29,1348.24115497,1435.19258160,1343.96773822,1430.79565430,23893438
2024-01-30,1442.55376258,1442.57848882,1387.69047311,1390.85229492,14093978
2024-01-31,1387.27056591,1417.16012048,1385.78843924,1409.62597656,15130226
2024-02-01,1417.90111539,1426.15159602,1401.15313304,1409.65063477,13349362
2024-02-02,1416.09789325,1457.32569028,1416.09789325,1440.33056641,19652588
2024-02-05,1443.34428323,1452.97810611,1414.46754085,1421.87817383,8814432
2024-02-06,1424.66950108,1424.66950108,1402.90691754,1410.78698730,9047984
2024-02-07,1418.81526266,1432.22846130,1412.21975047,1424.96606445,9296568
2024-02-08,1432.72243671,1442.08451265,1410.51526306,1432.84594727,14694634
2024-02-09,1436.67479031,1454.43558418,1433.66108450,1443.34436035,12556798
2024-02-12,1443.34436714,1443.59138825,1425.16358905,1435.04443359,6674430
2024-02-13,1438.15686977,1461.37685358,1436.67474314,1447.64245605,7715594
2024-02-14,1440.13311607,1465.97154911,1440.13311607,1463.72363281,7117888
2024-02-15,1465.67498048,1467.03359654,1449.05050859,1453.07690430,10006782
2024-02-16,1458.88183008,1459.40059849,1441.17049031,1443.17126465,9767498
2024-02-19,1444.62884107,1461.87086555,1436.20539746,1456.43640137,6729828
2024-02-20,1457.44928603,1457.91860202,1444.38189334,1453.49694824,7117496
2024-02-21,1456.43652834,1470.78847959,1440.18258684,1450.21154785,12720292
2024-02-22,1450.65619198,1467.25593817,1440.62711081,1464.09411621,18493728
2024-02-23,1471.75178836,1479.70591643,1465.67504487,1475.82763672,14438584
2024-02-26,1475.75346077,1476.71681890,1464.83508022,1469.60253906,7513106
2024-02-27,1465.35391025,1482.07716657,1460.43821442,1467.94763184,10826044
2024-02-28,1465.32908236,1473.50550443,1432.89526201,1438.28027344,8647950
2024-02-29,1447.54370523,1461.35216116,1437.19354484,1443.39379883,23628976
2024-03-01,1446.06154258,1482.12662376,1445.07345817,1474.34545898,12132926
2024-03-04,1472.71509953,1494.42823051,1469.50382517,1489.43847656,10024420
2024-03-05,1487.83286184,1489.43849904,1468.34292051,1482.32421875,7107668
2024-03-06,1475.65468755,1491.01944914,1460.88287313,1485.09094238,7805676
2024-03-07,1485.06621531,1485.18972587,1457.96807140,1461.30285645,8315726
2024-03-11,1471.25762571,1471.25762571,1446.06147430,1449.12451172,11277130
2024-03-12,1449.12456517,1470.26959558,1447.56838048,1457.84448242,9432678
2024-03-13,1462.14265791,1465.42799039,1410.76226768,1415.10986328,13522134
2024-03-14,1422.54518365,1431.26510159,1408.51443222,1414.41821289,18571102
2024-03-15,1408.95897808,1416.14731661,1396.06454834,1401.32604980,19223818
2024-03-18,1403.07983452,1424.54594378,1399.64626539,1422.32275391,9169392
2024-03-19,1411.72562949,1420.47015257,1400.36265854,1408.26733398,8275764
2024-03-20,1410.93509299,1427.78198052,1407.05693403,1426.54687500,8488806
2024-03-21,1435.21737014,1440.52832398,1427.46093144,1433.68579102,13006936
2024-03-22,1432.69774728,1442.60331816,1430.10402556,1437.68762207,19527608
2024-03-26,1427.78194236,1435.09379096,1421.85343602,1424.39770508,11415906
2024-03-27,1430.74632491,1482.12671779,1429.75824043,1475.06188965,16326644
2024-03-28,1475.08658109,1488.00573710,1461.03110384,1468.14526367,21854364
2024-04-01,1474.69133199,1476.17345868,1464.83521361,1467.08312988,5013880
2024-04-02,1466.31725492,1476.19809896,1457.42449529,1469.23205566,8910166
2024-04-03,1464.41522405,1466.76192463,1451.39728369,1454.06506348,7008292
2024-04-04,1462.11787986,1462.11787986,1432.72236918,1445.49340820,14490272
2024-04-05,1443.46781591,1453.27460195,1438.65090440,1442.70202637,7442298
2024-04-08,1445.54273580,1473.20909871,1443.59129325,1468.26867676,8357118
2024-04-09,1471.25775572,1472.04827153,1445.07351762,1446.20983887,7071414
2024-04-10,1448.87767504,1469.28164398,1448.87767504,1461.94506836,9138330
2024-04-12,1458.28910332,1468.76277412,1445.64157441,1449.66809082,15551012
2024-04-15,1443.59135284,1464.46463643,1429.09116558,1447.37072754,12902062
2024-04-16,1436.03251867,1453.64519645,1433.63648624,1448.28479004,9366184
2024-04-18,1446.06158756,1468.29348761,1441.96101299,1446.87670898,19005692
2024-04-19,1439.41688357,1456.43661569,1425.83072111,1452.60778809,15741778
2024-04-22,1454.90482612,1465.15620177,1450.31033016,1462.21667480,10350362
2024-04-23,1461.37688893,1475.70411333,1438.20635702,1441.93627930,14605554
2024-04-24,1446.06143933,1451.05131352,1432.22825849,1432.89526367,10462776
2024-04-25,1425.31186113,1450.48328911,1424.32377665,1442.57861328,15943926
2024-04-26,1446.50625430,1447.54379127,1432.72252378,1435.24218750,9413848
2024-04-29,1432.72236727,1450.40910200,1432.72236727,1447.56835938,7247974
2024-04-30,1450.50798192,1465.40330685,1445.44404908,1449.51989746,11474262
2024-05-02,1454.46032946,1459.72183098,1446.67916431,1449.07531738,14512646
2024-05-03,1453.47221019,1457.37509548,1399.27580282,1416.91308594,17226958
2024-05-06,1418.39522059,1422.84160059,1401.10374280,1402.61059570,7394208
2024-05-07,1399.10285934,1403.82098672,1375.41355870,1384.77563477,14517472
2024-05-08,1380.84811155,1415.87565941,1380.84811155,1401.64733887,9439002
2024-05-09,1396.16327691,1406.78518436,1373.43733539,1377.51318359,11009612
2024-05-10,1380.10693556,1393.19905433,1371.53525483,1390.65478516,10505096
2024-05-13,1383.21939792,1390.21004692,1367.50883158,1385.98596191,8456620
2024-05-14,1384.28154242,1410.07052159,1383.34291047,1403.15393066,7188300
2024-05-15,1403.57392456,1412.93600036,1396.18801761,1399.39929199,5046534
2024-05-16,1401.64718725,1410.49049447,1381.36673063,1408.36608887,14711774
2024-05-17,1406.09360184,1420.07490009,1396.41032614,1418.59277344,10916476
2024-05-21,1408.61320415,1424.64485065,1408.61320415,1419.01281738,11176128
2024-05-22,1419.16104651,1451.27379179,1419.16104651,1443.24560547,10281604
2024-05-23,1441.17057405,1474.44424441,1437.66282613,1468.34289551,14608260
2024-05-24,1465.94672334,1470.76363481,1458.51136408,1462.61193848,7094776
2024-05-27,1462.58726450,1467.20660750,1444.13485998,1448.77880859,6629010
2024-05-28,1450.50795536,1460.88284196,1435.43966768,1438.84851074,7820162
2024-05-29,1429.26405877,1440.62702916,1421.30993125,1423.60729980,7383556
2024-05-30,1418.39519357,1423.23683138,1403.17866929,1407.87207031,13206858
2024-05-31,1414.24525712,1425.06473311,1405.30304501,1413.35595703,31069832
2024-06-03,1465.32925367,1496.45391415,1441.61522664,1492.32861328,21527942
2024-06-04,1480.19996760,1480.19996760,1343.10324933,1380.62573242,36709098
2024-06-05,1405.05615054,1414.09714778,1367.60772409,1403.82104492,17464890
2024-06-06,1417.90113711,1426.49742329,1404.41376071,1414.54162598,17855722
2024-06-07,1411.47852145,1454.46019152,1409.50235272,1452.43457031,18558696
2024-06-10,1452.43463687,1475.55583629,1450.58197859,1453.86743164,9251760
2024-06-11,1451.49596290,1456.11530565,1437.34170232,1439.31787109,11774902
2024-06-12,1440.13300645,1458.41256776,1437.83575847,1445.88854980,10081742
2024-06-13,1454.46034167,1454.70736278,1442.70211233,1447.79077148,9181160
2024-06-14,1452.48412809,1462.04389330,1439.86132524,1459.94421387,8157998
2024-06-18,1469.62739356,1469.67684603,1453.81804225,1463.37780762,7196766
2024-06-19,1469.77562148,1469.77562148,1438.65096126,1441.26940918,8725874
2024-06-20,1441.61522139,1465.18101154,1432.82124561,1456.14001465,16113776
2024-06-21,1456.06590255,1457.12804505,1423.40966424,1436.87231445,31170360
2024-06-24,1428.30074030,1432.22835171,1420.37133879,1424.29895020,8878386
2024-06-25,1425.80583253,1438.57687203,1423.82966367,1436.82299805,7045386
2024-06-26,1428.81948459,1500.87546657,1427.90545828,1495.98449707,22014882
2024-06-27,1495.71275595,1519.17976038,1488.05510188,1512.31262207,28383030
2024-06-28,1512.78203324,1562.16152996,1512.78203324,1546.74743652,28957336
2024-07-01,1543.90663703,1560.58056166,1537.13828285,1541.55993652,7724306
2024-07-02,1550.79856354,1554.75090139,1538.44750776,1546.52514648,7749246
2024-07-03,1547.66127888,1556.23295946,1524.39196319,1533.92700195,9049620
2024-07-04,1538.44746163,1548.82234818,1532.32138640,1535.50793457,6837176
2024-07-05,1535.31029118,1579.45301277,1529.55474744,1569.69567871,12269710
2024-07-08,1570.06623349,1589.63035438,1563.66841063,1581.82446289,9500806
2024-07-09,1578.56359765,1581.42906650,1561.66737870,1571.32592773,6960002
2024-07-10,1575.99465625,1578.46486731,1544.52419147,1565.34802246,7134578
2024-07-11,1568.58402803,1585.13444218,1551.78659277,1561.81567383,11940946
2024-07-12,1565.61990971,1586.02387901,1555.73906459,1577.69921875,12924784
2024-07-15,1585.33212368,1586.71546610,1566.60797070,1578.19323730,5329688
2024-07-16,1574.51259669,1580.93514572,1550.42803783,1557.46813965,9386838
2024-07-18,1557.22107130,1574.90780683,1539.26258842,1567.76892090,12298374
2024-07-19,1567.10201150,1571.02962325,1534.29765446,1536.61962891,13140390
2024-07-22,1518.93284219,1519.17986331,1481.41035880,1482.79370117,19674376
2024-07-23,1483.11478080,1487.80818200,1445.56757116,1470.17089844,18052044
2024-07-24,1467.30547385,1491.51354395,1458.80797132,1477.87792969,11913362
2024-07-25,1463.35300118,1482.59592081,1459.47472165,1474.61718750,12519876
2024-07-26,1474.61728516,1494.40370077,1472.59166375,1491.04418945,9859940
2024-07-29,1493.93427004,1509.29903184,1493.76142763,1501.98718262,7538550
2024-07-30,1498.94882232,1506.82877161,1492.00750501,1495.11999512,8228208
2024-07-31,1486.07887002,1492.45196587,1483.26285374,1487.48693848,10057346
2024-08-01,1493.98365790,1499.91216448,1486.37545604,1497.24438477,10764222
2024-08-02,1487.06702194,1491.34043873,1475.48175648,1481.45959473,10268248
2024-08-05,1462.36493005,1466.21848338,1416.17198378,1430.07922363,17046704
2024-08-06,1437.81113931,1459.89480307,1434.03164384,1438.70043945,10236186
2024-08-07,1451.49602828,1454.95432379,1444.08539505,1447.37072754,8174568
2024-08-08,1440.15784384,1447.54375115,1428.69608809,1431.85791016,12387192
2024-08-09,1442.60337558,1458.90676989,1438.65103756,1456.73303223,6249776
2024-08-12,1452.48423961,1455.44849316,1440.38020428,1443.22094727,8184584
2024-08-13,1443.34443772,1452.55827746,1440.62720533,1446.18518066,6265064
2024-08-14,1446.11109040,1454.46035602,1436.37836177,1444.43127441,6267466
2024-08-16,1451.15017011,1462.76016175,1440.67649965,1460.58630371,9416902
2024-08-19,1469.80674197,1485.47150978,1467.82386609,1475.65625000,13797742
2024-08-20,1484.40570920,1491.04841629,1477.26740413,1483.14160156,8411808
2024-08-21,1480.46478426,1494.96456492,1477.24261078,1485.84338379,7769996
2024-08-22,1490.13123362,1493.60126643,1477.88699919,1485.29797363,10445782
2024-08-23,1490.87490483,1498.38499934,1485.59554585,1487.13220215,9249654
2024-08-26,1494.07220928,1509.96002694,1490.13126755,1499.64904785,8816114
2024-08-27,1497.56715006,1500.51665401,1486.61171138,1487.60314941,6251156
2024-08-28,1492.11414360,1494.56792837,1480.21688797,1485.47155762,9610286
2024-08-29,1490.23037773,1523.84014887,1481.20831647,1507.90283203,38335358
2024-08-30,1520.86588612,1526.54184444,1490.45347718,1496.69958496,41620730
2024-09-02,1497.93884318,1513.72754126,1493.72523180,1503.26782227,11240852
2024-09-03,1508.22504306,1509.96005954,1494.59277069,1496.20385742,10923800
2024-09-04,1487.85088502,1504.50709101,1486.66120788,1501.58239746,11983304
2024-09-05,1506.04395740,1512.71135381,1474.31794108,1480.19213867,16264168
2024-09-06,1479.72117538,1484.18264626,1449.11052795,1452.28308105,19394228
2024-09-09,1453.94371673,1457.33944003,1443.13701915,1449.92834473,9010298
2024-09-10,1447.99510445,1459.44626101,1445.09510008,1449.01135254,10768260
2024-09-11,1450.52329996,1456.17444771,1435.15601217,1439.07214355,9760202
2024-09-12,1444.52504982,1473.27674951,1433.49530296,1467.12988281,22349376
2024-09-13,1463.75906001,1470.45126638,1456.91811373,1460.01635742,8711328
2024-09-16,1464.89918514,1468.22047806,1452.20873103,1458.75219727,5481774
2024-09-17,1461.37961005,1464.82483290,1454.06775481,1459.69421387,5935328
2024-09-18,1457.41388932,1469.31114555,1448.04484844,1450.91992188,8574714
2024-09-19,1453.69595128,1463.85819067,1443.08761321,1457.09167480,16955902
2024-09-20,1461.37956844,1482.19976582,1458.77704377,1473.20251465,30897320
2024-09-23,1478.23407983,1488.64417899,1476.20158349,1480.58874512,8832314
2024-09-24,1475.75541658,1487.65267221,1475.13576785,1476.62292480,17137444
2024-09-25,1471.19481253,1483.68690661,1467.52641946,1481.15869141,7069002
2024-09-26,1477.88708689,1491.12276006,1475.30937229,1485.12451172,18818998
2024-09-27,1486.16553459,1520.34533481,1479.22546872,1513.10791016,20597478
2024-09-30,1506.39089946,1511.91811782,1461.77619011,1463.93249512,27008814
2024-10-01,1467.97265960,1475.21008419,1450.30020511,1452.28308105,16431642
2024-10-03,1424.27500762,1436.99027269,1390.07039635,1394.92846680,37757294
2024-10-04,1391.90460945,1405.21459167,1369.94423407,1374.65356445,37072876
2024-10-07,1381.56891731,1384.54323145,1349.71897008,1358.98889160,22181340
2024-10-08,1361.21956302,1389.00463716,1353.41198878,1385.38586426,17020808
2024-10-09,1385.55945367,1388.97986645,1360.74869282,1362.83068848,14310610
2024-10-10,1368.20916646,1374.13298394,1357.69994850,1359.31103516,22358646
2024-10-11,1358.27005519,1371.43141880,1357.10506714,1360.35205078,7980122
2024-10-14,1367.63907290,1368.25872163,1356.53501593,1360.77343750,12221432
2024-10-15,1346.89330677,1359.95542955,1329.22085215,1332.51745605,33762794
2024-10-16,1328.52688220,1352.32139352,1326.17221702,1342.48132324,20034438
2024-10-17,1354.00676953,1356.73322391,1340.47373823,1344.81127930,15543660
2024-10-18,1340.59762587,1356.70849217,1329.84042756,1347.66162109,12082452
2024-10-21,1355.41962128,1362.23575726,1346.10008025,1357.47680664,14067408
2024-10-22,1357.47691573,1364.21874281,1328.75002273,1331.84826660,15831960
2024-10-23,1326.04832704,1345.85227691,1323.56973203,1327.06457520,17214742
2024-10-24,1323.84245401,1332.19524689,1311.79645761,1328.32873535,22155934
2024-10-25,1331.99686282,1332.83956085,1310.68094726,1316.48083496,18597496
2024-10-28,1325.55250560,1341.41551240,1310.78005632,1322.92517090,10824350
2024-10-29,1316.72871964,1331.69940850,1308.99557623,1328.52685547,12008361
2024-10-30,1323.56973227,1338.44130229,1314.00233135,1332.39355469,11984423
2024-10-31,1328.52690312,1331.50121708,1314.79551120,1320.64501953,9331650
2024-11-01,1321.63644808,1330.46014928,1321.58682777,1327.18847656,2127335
2024-11-04,1326.39526367,1328.52687951,1274.09691077,1291.00097656,19796890
2024-11-05,1281.92928806,1298.33763479,1275.13796221,1294.12402344,16267479
2024-11-06,1298.78364970,1316.92701169,1289.06750986,1314.00219727,21625209
2024-11-07,1312.66380893,1312.66380893,1291.44701319,1294.47094727,9611974
2024-11-08,1286.53955746,1290.50530950,1264.08346234,1272.75854492,19814406
2024-11-11,1267.99946545,1274.98915112,1256.15183084,1261.80297852,9056552
2024-11-12,1264.62876153,1278.26103373,1256.64763740,1263.33984375,10671091
2024-11-13,1259.37407866,1264.52950768,1238.80174083,1241.32995605,14633633
2024-11-14,1242.86669371,1261.70401634,1240.38809863,1256.74682617,12612633
2024-11-18,1256.74677035,1262.00144010,1233.24973843,1249.95544434,13620611
2024-11-19,1249.95536102,1270.52769791,1224.57457440,1231.01892090,14183746
2024-11-21,1231.01890569,1233.29914027,1206.82779647,1212.52856445,19433843
2024-11-22,1218.87390570,1257.98608653,1211.98333896,1254.56567383,20471957
2024-11-25,1278.95490455,1293.28113395,1271.46949992,1275.98059082,28923341
2024-11-26,1283.86250065,1286.73769486,1273.20454289,1284.60607910,9247557
2024-11-27,1282.42504328,1292.68640230,1274.98925834,1282.12756348,9572746
2024-11-28,1278.90537409,1285.49846087,1258.18441713,1259.91943359,15027412
2024-11-29,1269.04061346,1288.37365406,1264.33128306,1281.13610840,13202307
2024-12-02,1276.97210281,1300.12215516,1266.11590547,1297.94104004,11024152
2024-12-03,1305.72386281,1315.44000375,1295.80948268,1311.96997070,16869482
2024-12-04,1314.64674149,1317.02621681,1292.88472657,1297.74267578,19608540
2024-12-05,1303.09644599,1318.56285381,1294.96670320,1310.73059082,16858723
2024-12-06,1312.56479173,1312.56479173,1298.78377933,1300.32055664,9037514
2024-12-09,1291.84367696,1303.74093262,1282.02841683,1284.06091309,14650002
2024-12-10,1278.21135012,1283.81299862,1269.23878845,1273.84899902,16043729
2024-12-11,1273.99780814,1278.95499805,1265.12448660,1267.25598145,11724373
2024-12-12,1259.12622151,1267.25596445,1249.80668039,1252.08703613,20906813
2024-12-13,1249.21182866,1264.28163723,1228.98647008,1261.95178223,28630222
2024-12-16,1264.08338173,1270.03200941,1255.70577949,1257.44079590,9486781
2024-12-17,1250.25296623,1253.07854039,1232.15922233,1234.63781738,17462791
2024-12-18,1230.02755893,1249.16223940,1230.02755893,1242.51965332,12670179
2024-12-19,1228.39163793,1234.24114612,1218.47725828,1219.91479492,14244653
2024-12-20,1213.52019006,1228.88748005,1191.21283363,1194.98034668,20312896
2024-12-23,1204.59717098,1216.69266618,1202.81253417,1211.83471680,10052824
2024-12-24,1211.83478507,1222.98846321,1210.54586719,1212.28088379,6734917
2024-12-26,1213.76793509,1217.18834768,1203.85355539,1206.13391113,10016178
2024-12-27,1207.86900439,1217.38678531,1206.58008654,1210.59545898,7000397
2024-12-30,1205.98513116,1212.72683652,1197.75614787,1200.33386230,8818766
2024-12-31,1197.65704854,1208.66198563,1195.82291253,1205.04321289,6405475
2025-01-01,1204.44835211,1215.80038909,1201.22617882,1210.79357910,5892590
2025-01-02,1210.79362583,1233.79493842,1209.55432836,1231.16772461,15486276
2025-01-03,1233.24969689,1251.24431999,1224.92159386,1240.43762207,15521102
2025-01-06,1243.21368235,1251.19480698,1204.59721908,1207.57153320,14816766
2025-01-07,1211.53712759,1233.84448059,1210.79354915,1230.22570801,10070505
2025-01-08,1238.30606784,1260.16732426,1234.68729492,1254.66479492,19346579
2025-01-09,1256.15195149,1258.87840600,1237.36424972,1244.00683594,12794704
2025-01-10,1243.11448110,1245.98967543,1225.41733744,1231.26684570,8120332
2025-01-13,1219.46873495,1234.58816438,1215.89958237,1229.23437500,13764861
2025-01-14,1233.44796782,1242.61876914,1216.74226205,1228.14379883,13095266
2025-01-15,1234.29059070,1246.23746605,1231.21715735,1241.47851562,9578856
2025-01-16,1248.12128333,1264.08341043,1240.58637897,1255.60656738,14117603
2025-01-17,1310.92885860,1314.64675100,1273.99779414,1291.19921875,29366277
2025-01-20,1304.73242452,1304.73242452,1289.11727582,1294.27270508,14040244
2025-01-21,1299.27952315,1301.75811820,1259.32452260,1262.79455566,14562976
2025-01-22,1267.35532564,1271.91591653,1257.83742340,1266.16552734,10273590
2025-01-23,1259.12629575,1266.41334105,1250.79819211,1252.83068848,8720682
2025-01-24,1255.16055336,1262.10061961,1232.85319755,1235.62927246,14235970
2025-01-27,1228.49073876,1229.82915578,1209.55429813,1218.82421875,9536019
2025-01-28,1227.40020718,1234.09241347,1208.06716676,1223.83105469,10568025
2025-01-29,1225.41734985,1232.10955625,1217.53546628,1224.92163086,5928156
2025-01-30,1224.97124646,1246.23754275,1221.84819261,1242.32141113,9269259
2025-01-31,1245.09738698,1256.15194488,1238.30606090,1254.26818848,6584612
2025-02-01,1254.26817993,1259.67158961,1230.37454852,1253.77246094,7118453
2025-02-03,1240.28897576,1245.24616592,1226.95418267,1235.23266602,9252345
2025-02-04,1237.36422074,1277.76531847,1235.92656306,1274.19604492,16691069
2025-02-05,1271.66795308,1279.45071705,1265.76882447,1267.25598145,10112028
2025-02-06,1262.79450761,1276.97211914,1259.47321458,1270.57739258,9956001
2025-02-07,1265.22365410,1272.70893854,1251.19478190,1255.85449219,8764283
2025-02-10,1253.67333775,1255.65621373,1234.88563626,1242.91625977,6970972
2025-02-11,1253.72300365,1253.72300365,1219.56789106,1224.27722168,8859714
2025-02-12,1209.00898443,1216.39526992,1183.13247761,1206.13391113,21131654
2025-02-13,1206.62956070,1217.48575744,1201.62275083,1205.68762207,8511216
2025-02-14,1208.56289732,1213.52008722,1195.12886429,1206.82788086,10298145
2025-02-17,1200.73058227,1216.99019028,1194.18711543,1214.41247559,8166683
2025-02-18,1214.36286379,1219.36967432,1205.68778091,1214.90820312,6673250
2025-02-19,1209.05854661,1222.19509909,1207.12529107,1216.94042969,6217338
2025-02-20,1213.47043130,1228.73859995,1211.53717571,1222.44299316,7795582
2025-02-21,1218.17973973,1229.38303678,1211.68589389,1217.63452148,6904025
2025-02-24,1206.13399913,1212.77658561,1200.13575056,1204.15112305,7172498
2025-02-25,1200.63147257,1210.54585302,1191.21281114,1193.69140625,11552182
2025-02-27,1202.41603965,1204.59715481,1190.37004390,1196.76477051,11509215
2025-02-28,1191.70846342,1206.92701235,1183.08300132,1189.82470703,23007298
2025-03-03,1193.69127201,1196.12024654,1146.10225120,1161.22167969,17944938
2025-03-04,1152.24914100,1163.94815726,1149.62192724,1151.95178223,11377373
2025-03-05,1151.05945404,1172.87108883,1147.09370226,1165.53442383,8664095
2025-03-06,1186.75119252,1203.55601689,1175.00267735,1199.24328613,14468014
2025-03-07,1205.58859083,1244.05643309,1201.62283889,1239.09924316,16474965
2025-03-10,1234.34034176,1247.22903610,1224.82256092,1227.79687500,11931051
2025-03-11,1229.38306001,1238.80172055,1219.22082101,1236.62060547,10089838
2025-03-12,1247.22904917,1252.18623935,1233.34891667,1246.28723145,11977555
2025-03-13,1249.26144952,1253.32632095,1233.20008195,1237.21545410,9505270
2025-03-17,1231.51471367,1246.63414290,1222.54215152,1228.24291992,16640917
2025-03-18,1228.24291992,1228.24291992,1228.24291992,1228.24291992,0
2025-03-19,1230.42417624,1242.51967141,1228.19344075,1236.47192383,16162399
2025-03-20,1241.13152302,1262.10045901,1239.34700740,1258.28344727,15971477
2025-03-21,1264.08345790,1270.03208593,1259.22538746,1265.42187500,21780769
2025-03-24,1279.94647825,1294.81804848,1273.25427164,1290.95141602,20299319
2025-03-25,1296.50346594,1296.50346594,1271.61839554,1274.44396973,13713899
2025-03-26,1279.94640950,1282.72248420,1257.88691484,1262.15014648,12074747
2025-03-27,1267.20648216,1273.99780814,1260.41515618,1267.25598145,15028056
2025-03-28,1269.04056524,1284.65571282,1258.13474788,1264.18249512,18147129
2025-04-01,1253.77237718,1266.95855001,1238.60344953,1241.87512207,12099648
2025-04-02,1236.86846964,1244.79997328,1233.24969689,1240.43762207,10142590
2025-04-03,1222.49263751,1241.08209945,1222.49263751,1238.00854492,7434366
2025-04-04,1230.47361961,1234.78635050,1182.93421816,1194.38525391,17908652
2025-04-07,1122.50606499,1161.22176764,1105.30463975,1155.71923828,22156106
2025-04-08,1161.96538333,1186.35473492,1153.33992079,1172.07800293,19555040
2025-04-09,1159.48678117,1179.61302167,1157.99962411,1175.20104980,10223104
2025-04-11,1184.91715380,1212.18169889,1184.91715380,1208.51330566,11224242
2025-04-15,1240.28899874,1240.28899874,1226.50798566,1229.48229980,13378535
2025-04-16,1223.53365857,1230.27548564,1218.47734878,1228.68920898,8248464
2025-04-17,1229.58139573,1269.23891691,1217.08930077,1263.58776855,15398401
2025-04-21,1259.12628939,1289.76174851,1256.15197532,1284.40795898,10429964
2025-04-22,1288.86935583,1292.73598810,1275.28670411,1280.14465332,13051707
2025-04-23,1285.89507080,1294.81801270,1274.39441434,1288.86938477,10480888
2025-04-24,1281.33450720,1293.33088291,1279.25251159,1290.45568848,10468940
2025-04-25,1292.33942479,1313.85358084,1277.07125548,1289.26599121,14431012
2025-04-28,1328.52686073,1362.83058979,1308.89634080,1357.08032227,31104496
2025-04-29,1359.26147650,1398.81987628,1358.27003852,1387.71569824,32538970
2025-04-30,1389.99602303,1400.30700204,1357.27857027,1392.97033691,25480745
2025-05-02,1401.89328813,1414.48450192,1397.03521787,1407.64367676,13007841
2025-05-05,1418.74780827,1427.17503145,1414.68293659,1419.04528809,12685649
2025-05-06,1418.74775234,1419.73919033,1398.52239330,1408.73425293,14084117
2025-05-07,1408.73424202,1412.20427493,1390.68999827,1393.96179199,13440169
2025-05-08,1392.07805270,1408.63513969,1386.03030519,1394.95324707,16106175
2025-05-09,1373.63743157,1382.85785393,1362.73161291,1365.40844727,13668904
2025-05-12,1388.01319668,1426.67927859,1388.01319668,1424.20068359,10674081
2025-05-13,1421.22638025,1435.30475151,1400.30706255,1403.57873535,11407896
2025-05-14,1407.84187250,1417.65713229,1403.38040178,1412.20422363,5570160
2025-05-15,1412.79920323,1448.88757199,1400.60446696,1441.74914551,20177211
2025-05-16,1440.75762370,1448.49088835,1434.90823644,1443.93029785,9036695
2025-05-19,1439.66704357,1442.14563848,1425.88603166,1428.46386719,6195791
2025-05-20,1425.88612084,1432.62794783,1409.62663403,1412.40258789,11270560
2025-05-21,1411.70858600,1423.90320073,1405.95819722,1416.96313477,6136364
2025-05-22,1409.03165964,1411.60949530,1384.93978847,1397.33276367,12134466
2025-05-23,1394.55674102,1421.52392868,1394.55674102,1414.58386230,6474883
2025-05-26,1419.73918404,1428.66212584,1412.89823779,1422.51525879,4842944
2025-05-27,1413.88970218,1424.69640054,1401.79420704,1409.92395020,12640414
2025-05-28,1407.94103936,1410.41963429,1398.62149822,1400.80273438,5944611
2025-05-29,1400.00961928,1407.84200393,1396.53958617,1405.66088867,13771917
2025-05-30,1405.85905858,1418.35115295,1397.63007492,1408.73425293,13788484
2025-06-02,1400.00954863,1405.36333793,1383.65082195,1401.59582520,8098668
2025-06-03,1410.12239426,1414.28638568,1391.38419081,1393.46618652,11252626
2025-06-04,1402.58730879,1413.49312694,1394.06096608,1411.31201172,8126827
2025-06-05,1415.77343974,1442.24478547,1411.41108841,1430.05017090,13716817
2025-06-06,1428.66215208,1439.07225104,1424.69640010,1431.14074707,8182161
2025-06-09,1444.52512872,1445.02084771,1432.92535283,1436.39538574,7885125
2025-06-10,1437.58500795,1441.45164011,1423.70487684,1426.18347168,7913181
2025-06-11,1433.42107332,1456.02578654,1430.74411817,1436.49450684,8195700
2025-06-12,1441.05521717,1444.52525037,1422.11877447,1429.25708008,8828114
2025-06-13,1411.80768408,1423.20922085,1402.19078408,1415.67431641,9757276
2025-06-16,1414.68292547,1430.05021468,1412.20433044,1425.48962402,8458093
2025-06-17,1435.60225206,1435.60225206,1413.59237644,1418.94604492,10366599
2025-06-18,1417.75634915,1430.44680405,1413.49311732,1417.85546875,6681735
2025-06-19,1417.85552388,1427.57166513,1413.49317228,1421.02819824,10007230
2025-06-20,1418.74779275,1458.40531316,1415.87259832,1453.64636230,29010635
2025-06-23,1440.55939155,1451.26697019,1429.65357372,1444.32690430,5989078
2025-06-24,1452.45666706,1462.37104704,1430.74415070,1438.37829590,16402744
2025-06-25,1451.46526666,1459.79337026,1447.99523358,1454.73706055,7525851
2025-06-26,1456.52156581,1485.96734751,1452.55581374,1482.49731445,14657893
2025-06-27,1486.56216288,1508.96863750,1484.08356788,1502.42517090,11117052
2025-06-30,1500.83888520,1511.74470315,1483.19124048,1487.75183105,8409527
2025-07-01,1487.75181834,1518.28815673,1487.25609935,1515.31384277,10368523
2025-07-02,1515.31380071,1516.90007724,1495.78240030,1505.79602051,6361002
2025-07-03,1507.77900158,1518.78393949,1500.04573655,1504.80468750,11283291
2025-07-04,1510.95159468,1516.90022301,1504.20976750,1514.22338867,6603501
2025-07-07,1513.52918574,1531.57342946,1511.94290918,1528.30163574,7251074
2025-07-08,1522.84866004,1531.67248182,1517.09827164,1524.43493652,7171261
2025-07-09,1523.54266619,1537.72027745,1497.17044064,1505.99426270,8870660
2025-07-10,1506.68818958,1511.64537928,1494.59269511,1504.20959473,10047129
2025-07-11,1499.05427835,1502.02859239,1477.54012184,1482.39807129,7234991
2025-07-14,1479.42368266,1487.15694720,1466.43586953,1470.99645996,10311846
2025-07-15,1473.47508461,1483.68694426,1469.70769288,1472.68200684,8132454
2025-07-16,1460.38815459,1478.23403836,1458.90099761,1472.88024902,10409983
2025-07-17,1474.66497378,1476.84608907,1461.28056016,1463.75915527,11854613
2025-07-18,1472.08725200,1472.08725200,1456.52160214,1463.36254883,10296318
2025-07-21,1452.45665312,1463.36247099,1410.91537720,1416.36828613,22442744
2025-07-22,1415.17858345,1419.64005431,1398.62149672,1400.70361328,20396320
2025-07-23,1413.79062533,1413.79062533,1402.28996843,1412.40258789,8354596
2025-07-24,1407.04879491,1410.81630781,1384.04748117,1390.88842773,14740507
2025-07-25,1386.92260571,1389.00460125,1372.24927529,1379.78417969,11854722
2025-07-28,1380.37906914,1395.74635695,1373.14152389,1375.71923828,7748361
2025-07-29,1371.15866539,1408.04010820,1371.15866539,1404.96667480,10750072
2025-07-30,1405.95811483,1411.11366472,1389.30203009,1398.02661133,7209849
2025-07-31,1376.21500157,1390.59085192,1370.36549343,1378.29699707,17065827
2025-08-01,1375.02538407,1393.86270604,1372.44766948,1381.76708984,10321171
2025-08-04,1383.15506619,1403.97526324,1379.78415294,1399.41467285,6312820
2025-08-05,1398.91898099,1398.91898099,1376.21502719,1379.78417969,9315972
2025-08-06,1379.98243754,1383.94818915,1371.45609581,1380.87475586,5834312
2025-08-07,1375.81851105,1381.76713925,1354.30435413,1377.50402832,9976705
2025-08-08,1373.14155140,1385.23704590,1353.31279254,1356.08886719,8793606
2025-08-11,1358.27005174,1376.11593563,1349.54534898,1374.33129883,9997486
2025-08-12,1370.06821170,1389.89697193,1363.42550441,1368.58105469,12244664
2025-08-13,1376.11587409,1379.88338671,1365.70577562,1370.76208496,7457021
2025-08-14,1370.96130896,1374.34556396,1363.79437258,1367.47741699,7126128
2025-08-18,1383.60279183,1388.48026482,1370.66262183,1375.34094238,11785109
2025-08-19,1383.60276337,1414.46009119,1382.70688117,1413.56420898,14384719
2025-08-20,1406.49694824,1418.34220516,1403.51075515,1406.49694824,8725641
2025-08-21,1418.44170672,1425.30997507,1413.76338618,1418.24267578,11021323
2025-08-22,1413.46469897,1416.84907536,1401.42041140,1402.71435547,5818868
2025-08-25,1408.18906573,1412.96702326,1399.23048651,1406.09875488,5979407
2025-08-26,1401.51990679,1403.51070211,1375.24138423,1378.52624512,12145259
2025-08-28,1383.50331941,1385.79266127,1360.21098839,1379.52172852,13161813
2025-08-29,1374.74376513,1397.04069834,1343.78692038,1350.95373535,18758842
2025-09-01,1349.75925614,1356.92607085,1334.43010754,1347.66894531,11232238
2025-09-02,1348.56483318,1378.12809584,1348.26616527,1360.21093750,11517006
2025-09-03,1363.39615933,1370.16491218,1354.23854924,1366.28283691,7847563
2025-09-04,1365.48653794,1367.67636416,1350.85411966,1353.04406738,13223177
2025-09-05,1356.72710227,1374.64426136,1353.04417929,1368.67187500,5777575
2025-09-08,1373.64885830,1379.62124464,1366.08385991,1372.15576172,6986720
2025-09-09,1370.26439430,1374.84319924,1362.40072849,1369.86621094,9754452
2025-09-10,1377.53086591,1382.10967091,1367.77592010,1370.66259766,7790815
2025-09-11,1369.66726385,1379.12354220,1368.67186613,1376.93371582,9766072
2025-09-12,1376.93372914,1389.87389964,1374.14656689,1388.57983398,7403368
2025-09-15,1386.58893153,1394.35308183,1382.20915755,1392.85998535,5396697
2025-09-16,1398.23506165,1401.51992257,1391.76497678,1398.83239746,8686961
2025-09-17,1400.52458191,1409.68219226,1400.42506644,1407.29333496,7519417
2025-09-18,1413.86284250,1415.45545443,1404.20741241,1408.48767090,9332642
2025-09-19,1408.38821215,1410.47852299,1397.14016968,1400.92272949,13461373
2025-09-22,1397.43878855,1404.20741968,1381.61194158,1384.19995117,7757970
2025-09-23,1384.59823726,1388.57982817,1370.46363815,1383.40380859,14014702
2025-09-24,1378.92447306,1389.57517978,1374.04700006,1376.63500977,5922759
2025-09-25,1374.94292636,1378.12815048,1362.69948574,1366.08386230,11411143
2025-09-26,1365.68568471,1376.33639181,1359.71329834,1371.25988770,9879109
2025-09-29,1375.24135995,1382.60732681,1361.70397630,1366.48193359,14231999
2025-09-30,1370.76209719,1370.76209719,1356.52798352,1357.72241211,14604684
2025-10-01,1360.70862938,1372.25521818,1356.42837075,1362.40075684,12045916
2025-10-03,1356.92609170,1365.28745665,1350.65515911,1357.12524414,12842347
2025-10-06,1353.74090909,1371.06085385,1352.74551136,1368.67187500,12396580
2025-10-07,1369.66720961,1389.47564777,1369.56769415,1378.42675781,11244040
2025-10-08,1378.42675545,1382.60737710,1358.22013395,1361.10681152,8525081
2025-10-09,1367.67642455,1373.64881069,1362.79895158,1371.45898438,8826633
2025-10-10,1371.45898859,1381.61199645,1368.77134192,1375.34094238,6373084
2025-10-13,1370.56315498,1371.35940026,1361.50505997,1368.67187500,7600682
2025-10-14,1373.64885538,1381.61203715,1363.79439364,1369.56774902,9768174
2025-10-15,1376.63500898,1377.63040667,1366.38236414,1367.97509766,10882743
2025-10-16,1368.77132495,1394.05445032,1368.67180948,1391.86462402,12315932
2025-10-17,1394.55220841,1416.74962621,1392.66092843,1410.27954102,19335561
2025-10-20,1433.37261088,1467.01709993,1426.70349525,1460.04931641,24721978
2025-10-21,1461.24382721,1467.21621342,1453.28064559,1458.45666504,2066169
2025-10-23,1468.21156250,1476.07522839,1437.95144904,1441.73400879,18707090
2025-10-24,1443.32669947,1453.08164576,1434.36811995,1444.91931152,9700837
2025-10-27,1456.26678685,1478.16553552,1451.28979851,1477.26965332,14113867
2025-10-28,1477.26972256,1485.13338880,1470.79963743,1480.05688477,17631577
2025-10-29,1483.14250155,1501.35832719,1481.25122171,1497.27709961,11884745
2025-10-30,1493.09648713,1496.18219557,1477.17012460,1481.64941406,9318663
2025-10-31,1483.54079501,1490.60809456,1475.47809773,1479.55920410,8758053
2025-11-03,1479.16100900,1488.11958846,1472.49189289,1477.86694336,8452085
2025-11-04,1477.07065615,1485.92971989,1463.33411943,1466.32031250,10007806
2025-11-06,1477.17018965,1494.68916490,1469.40603897,1489.21447754,16772678
2025-11-07,1487.72133090,1491.50389064,1469.10744310,1471.19775391,7821765
2025-11-10,1471.09824302,1494.09190493,1468.70926431,1482.44580078,7068438
2025-11-11,1490.11038502,1491.90214952,1473.38765475,1486.52697754,7127506
2025-11-12,1498.07349424,1517.68277975,1493.09650589,1504.54357910,12384459
2025-11-13,1508.02751741,1515.09481678,1499.86530486,1503.94641113,7196443
2025-11-14,1498.57119281,1513.90034124,1498.57119281,1511.90954590,7682823
2025-11-17,1513.90038765,1516.68742831,1504.54362496,1511.31237793,5871416
2025-11-18,1514.69656827,1520.76859120,1503.54816310,1512.40722656,11045042
2025-11-19,1510.41644939,1515.29392228,1505.04127767,1511.90954590,5692366
2025-11-20,1522.95850894,1543.76234555,1519.67364786,1541.97058105,18171724
2025-11-21,1533.90785286,1550.63058279,1533.01197063,1539.48205566,9615271
2025-11-24,1542.86638161,1542.86638161,1524.75019270,1528.83129883,18433951
2025-11-25,1528.83133123,1552.42220780,1518.08098761,1532.61376953,15033482
2025-11-26,1535.20185368,1564.36693210,1533.41008930,1562.67480469,14054299
2025-11-27,1567.75130036,1568.24899919,1548.83874499,1556.20471191,9794643
2025-11-28,1560.78358752,1574.02242548,1555.80659904,1560.28588867,8959508
2025-12-01,1567.75139793,1570.23989221,1556.40383970,1558.89233398,8920233
2025-12-02,1553.91528435,1560.28585376,1534.90321308,1539.18347168,11389150
2025-12-03,1538.08846560,1545.25540189,1525.94466236,1531.71801758,6090883
2025-12-04,1528.93089823,1553.31814238,1510.61555588,1528.53271484,11867930
2025-12-05,1523.35663581,1538.68578440,1513.60168993,1533.50964355,10183266
2025-12-08,1532.11612170,1543.86186340,1527.93549988,1535.89868164,11301491
2025-12-09,1533.21106485,1535.40089110,1513.10395921,1522.36120605,11503971
2025-12-10,1526.94010453,1540.37797377,1524.35209476,1529.82678223,7991629
2025-12-11,1529.82670745,1542.86639266,1516.98605317,1537.88940430,4706197
2025-12-12,1543.66282946,1552.62140892,1538.98438728,1549.33654785,5106655
2025-12-15,1544.06085333,1551.42682056,1539.38253277,1549.03784180,5774543
2025-12-16,1537.88942945,1544.55854537,1531.71801239,1535.20190430,11731856
2025-12-17,1542.86643916,1542.86643916,1532.21573235,1537.29223633,7116649
2025-12-18,1528.13450456,1544.35953572,1528.13450456,1537.29223633,6580829
2025-12-19,1547.24614425,1566.95494497,1543.86176791,1557.89685059,13937275
2025-12-22,1566.25825623,1570.23984697,1558.09604382,1568.14953613,10184852
2025-12-23,1573.62419846,1573.62419846,1560.88305970,1563.47106934,7506564
2025-12-24,1565.46195354,1568.44814671,1546.44988129,1551.02868652,8815745
2025-12-26,1547.54475819,1553.81581232,1547.14669632,1552.02404785,2311495
2025-12-29,1547.74394175,1550.92916586,1536.49589889,1538.48669434,5972105
2025-12-30,1539.88019352,1546.44979383,1530.72258357,1532.71337891,8815884
2025-12-31,1533.90789008,1569.74220809,1533.90789008,1563.17260742,5771830
2026-01-01,1566.45723091,1585.17075530,1563.86922132,1568.34851074,6408128
2026-01-02,1572.72836148,1587.26114356,1570.93659702,1584.97180176,6602230
2026-01-05,1585.66848569,1604.38201046,1568.04999557,1570.83703613,8704973
2026-01-06,1561.77894010,1561.77894010,1489.41357829,1500.66149902,27417125
2026-01-07,1503.05045459,1513.00443112,1491.10568277,1497.27709961,11199340
2026-01-08,1493.09650287,1496.97857808,1462.04014421,1463.83178711,16518684
2026-01-09,1458.25760914,1473.08905896,1458.25760914,1468.51025391,8335311
2026-01-12,1468.51023489,1478.46421162,1444.32202284,1476.37377930,8883745
2026-01-13,1478.16552559,1478.96189232,1438.05095128,1446.11376953,13499760
2026-01-14,1437.35424740,1460.24839400,1433.57168762,1452.08618164,8321764
2026-01-15,1452.08618164,1452.08618164,1452.08618164,1452.08618164,0
2026-01-16,1452.08618983,1473.18857213,1448.40314550,1451.19030762,17167161
2026-01-19,1443.92382985,1443.92382985,1396.84159316,1407.09411621,20392765
2026-01-20,1404.20744305,1409.48309930,1383.60275991,1387.58435059,13189498
2026-01-21,1383.10513877,1406.39746984,1366.68107631,1398.13562012,17352720
2026-01-22,1403.61028638,1412.96704915,1388.57980526,1396.04528809,15721693
2026-01-23,1395.34851964,1400.52453899,1374.64419925,1379.72070312,9837802
2026-01-27,1373.64878554,1385.19537422,1361.70401349,1374.14648438,26302396
2026-01-28,1378.62574667,1403.41117248,1378.52623121,1390.27185059,11121657
2026-01-29,1396.44340098,1396.44340098,1377.63036091,1384.59814453,20846683
2026-01-30,1376.23676675,1391.56591486,1372.15566068,1388.97790527,11239835
2026-02-02,1333.83290854,1386.48947079,1329.35361892,1384.00097656,15711165
2026-02-03,1467.11664464,1482.64482393,1423.61769372,1430.48596191,25456171
2026-02-04,1437.35431946,1457.26227402,1433.67139647,1450.09545898,8333387
2026-02-05,1450.29446464,1454.77375434,1432.87500470,1436.75708008,11763658
2026-02-06,1434.86579956,1446.11384230,1426.90261788,1444.12304688,8277304
2026-02-09,1451.28988351,1459.15354984,1446.31289488,1454.87329102,5775864
2026-02-10,1464.22994624,1464.22994624,1445.51642177,1451.78747559,10259630
2026-02-11,1452.88245700,1463.23461737,1446.91007081,1461.94055176,7106877
2026-02-12,1463.23455571,1466.22074868,1438.84731312,1442.23168945,11135399
2026-02-13,1438.84735265,1444.02337200,1409.78178887,1413.06652832,10755693
2026-02-16,1413.56420159,1432.97445608,1402.81397970,1430.48596191,5896514
2026-02-17,1424.51362481,1425.21047610,1412.07115355,1416.45092773,10731630
2026-02-18,1420.43251239,1435.46299330,1412.66836176,1434.66674805,5521096
2026-02-19,1436.35888455,1436.35888455,1393.55678335,1403.01306152,11884664
2026-02-20,1403.01309194,1420.83073550,1399.62871538,1412.86755371,8177670
2026-02-23,1418.44166347,1428.29612459,1411.77254776,1421.42785645,7758856
2026-02-24,1418.74035131,1426.70353269,1408.48770668,1422.22424316,12529409
2026-02-25,1428.39573773,1433.87042522,1387.08673207,1392.06372070,10728792
2026-02-26,1392.06371184,1406.39746332,1385.49411119,1400.32556152,16683858
2026-02-27,1391.56596951,1403.90892515,1381.71150808,1387.48486328,12031440
2026-03-02,1369.16945876,1372.25516716,1335.32593888,1351.75000000,23728722
2026-03-04,1323.87897069,1346.57408736,1300.98482308,1338.80993652,32495007
2026-03-05,1346.87262943,1392.56140904,1346.87262943,1383.00561523,25957532
2026-03-06,1390.07286741,1417.74497166,1383.90145036,1398.33471680,19311971
2026-03-09,1368.67180299,1422.82146081,1363.69481462,1417.44628906,24870822
2026-03-10,1424.01588045,1424.91176265,1394.15395039,1402.31628418,18071259
2026-03-11,1418.34212901,1427.40022328,1377.23215766,1383.80175781,21848087
2026-03-12,1383.60277624,1404.40661207,1374.74371258,1385.79260254,20939959
2026-03-13,1378.82487079,1394.35317240,1372.05623921,1374.34558105,17265090
2026-03-16,1373.64884017,1390.86926916,1357.22477795,1388.67932129,22837802
2026-03-17,1392.56130561,1399.42957367,1381.81096244,1391.16772461,19007744
2026-03-18,1390.76964737,1406.39746450,1390.76964737,1401.61950684,9559327
2026-03-19,1381.61198179,1409.18444896,1369.76672508,1378.42675781,16498373
2026-03-20,1391.56595668,1423.41868244,1389.67467678,1407.89050293,22994918
2026-03-23,1393.55677223,1409.08495196,1384.59819298,1401.32092285,18979554
2026-03-24,1413.46470259,1415.85368132,1400.12634940,1405.30249023,18620893
2026-03-25,1413.46470383,1423.91637946,1401.91811506,1406.59643555,19041331
2026-03-27,1394.55219310,1398.23511602,1338.80992128,1341.89562988,23266517
2026-03-30,1328.85590217,1358.71783256,1327.96001996,1337.71496582,24393861
2026-04-01,1377.82940251,1378.02855495,1356.62750510,1362.89843750,14404619
2026-04-02,1350.75463072,1351.94905931,1321.88809845,1344.28454590,21280051
2026-04-06,1352.74545546,1352.74545546,1284.06301512,1298.69531250,29274881
2026-04-07,1289.04003150,1302.27886962,1285.05844067,1298.59582520,28388922
2026-04-08,1342.79147451,1344.38408651,1320.09635874,1341.59704590,21817543
2026-04-09,1339.80526903,1343.78685973,1320.19598346,1323.87890625,20725390
2026-04-10,1330.84676053,1346.07639435,1325.37207303,1343.98596191,19364461
2026-04-13,1315.11938699,1321.48995655,1303.97098141,1309.04748535,28753269
2026-04-15,1330.84676293,1340.80074021,1328.05960069,1337.91406250,15313779
2026-04-16,1345.77770936,1347.56947385,1323.87895965,1337.11779785,30211012
2026-04-17,1333.83295237,1362.10227208,1333.83295237,1358.71789551,13869105
2026-04-20,1356.92611986,1366.68106609,1346.57408080,1357.02575684,13614733
2026-04-21,1352.74549572,1363.49583965,1343.88643175,1347.07177734,27293629
2026-04-22,1344.08555686,1359.71325207,1342.89100672,1355.83117676,9525953
2026-04-23,1339.80529486,1349.26157294,1334.52963848,1337.21728516,16385079
2026-04-24,1333.83289000,1339.70576060,1318.90192481,1321.68908691,11744802
2026-04-27,1306.95711559,1365.28739363,1304.96632029,1359.51416016,24673098
2026-04-28,1351.75000099,1388.77874475,1350.75460334,1382.50781250,41027699
2026-04-29,1385.59353772,1427.20120837,1384.89680797,1418.83984375,30542143
2026-04-30,1402.51536927,1430.38650507,1386.68852143,1424.21508789,30957881
2026-05-01,1424.21508789,1424.21508789,1424.21508789,1424.21508789,0
2026-05-04,1426.80307028,1460.64659167,1426.80307028,1456.36633301,24035700
2026-05-05,1453.28060634,1466.61895950,1443.32662959,1456.86401367,23543341
2026-05-06,1456.26680610,1466.51945081,1420.93018846,1431.28234863,14221786
2026-05-07,1432.17821904,1442.82892553,1423.71733883,1429.59008789,19816903
2026-05-08,1419.43711635,1436.15984627,1410.97623592,1428.59472656,8663105
2026-05-11,1413.46473054,1421.42791212,1375.63961803,1381.81103516,15261787
2026-05-12,1385.59354667,1387.08664316,1354.03948936,1357.72241211,24357500
2026-05-13,1355.13439633,1366.08377057,1346.17581740,1352.54638672,13797989
2026-05-14,1358.91684764,1371.65798639,1352.14821640,1355.53259277,17303059
2026-05-15,1350.55564912,1358.51883072,1323.08257537,1330.24951172,19976192
2026-05-18,1327.86055110,1335.82373281,1312.63091746,1329.75183105,13022473
2026-05-19,1332.53878920,1337.81444537,1312.33228976,1316.61242676,21665501
2026-05-20,1312.63083494,1356.62748406,1306.55893357,1353.44213867,13248515
2026-05-21,1360.90764658,1364.59069086,1339.00889782,1343.38867188,17150630
2026-05-22,1343.78682387,1361.10676723,1342.89094168,1348.26611328,7105813
2026-05-25,1360.50958723,1364.78972432,1350.75464144,1360.70861816,6750071
2026-05-26,1353.84042185,1362.20178704,1346.17590797,1350.05798340,13769747
2026-05-27,1346.77304006,1354.73622138,1342.39326603,1344.28454590,13215138
2026-05-28,1344.28454590,1344.28454590,1344.28454590,1344.28454590,0
2026-05-29,1357.72245467,1362.69944314,1310.93876305,1315.11938477,42634247
2026-06-01,1326.36739766,1329.35359067,1312.43183025,1313.92492676,10700603
2026-06-02,1301.68153619,1321.68912736,1294.31569035,1308.54980469,23302785
2026-06-03,1308.94801452,1317.90659408,1295.01244630,1307.15625000,20012293
2026-06-04,1295.01242595,1305.16543403,1287.14875970,1297.69995117,23474327
2026-06-05,1304.50000000,1306.00000000,1288.00000000,1291.00000000,17785223
2026-06-08,1277.00000000,1282.59997559,1259.19995117,1263.30004883,16494759
2026-06-09,1269.00000000,1274.19995117,1257.50000000,1269.19995117,23620214
2026-06-10,1275.00000000,1300.50000000,1254.40002441,1258.80004883,21012796
2026-06-11,1258.00000000,1276.00000000,1253.19995117,1263.00000000,13117486
2026-06-12,1277.00000000,1297.00000000,1262.50000000,1293.00000000,11988785
2026-06-15,1315.30004883,1325.00000000,1303.30004883,1307.00000000,18633321
2026-06-16,1313.40002441,1333.40002441,1306.40002441,1328.80004883,18513223
2026-06-17,1333.00000000,1334.00000000,1317.00000000,1332.69995117,10029170
2026-06-18,1330.00000000,1333.90002441,1322.00000000,1328.09997559,15494549
2026-06-19,1328.00000000,1338.19995117,1305.30004883,1309.50000000,24887034
2026-06-22,1316.69995117,1344.90002441,1314.09997559,1326.50000000,12931213
2026-06-23,1328.90002441,1333.00000000,1304.00000000,1309.50000000,15400184
2026-06-24,1305.69995117,1322.00000000,1297.50000000,1313.59997559,11030917
2026-06-25,1318.00000000,1328.00000000,1314.59997559,1318.09997559,12694362
2026-06-26,1318.09997559,1318.09997559,1318.09997559,1318.09997559,0
2026-06-29,1308.00000000,1313.69995117,1292.59997559,1301.00000000,13757656
2026-06-30,1306.90002441,1306.90002441,1290.00000000,1293.90002441,15695263
2026-07-01,1298.90002441,1312.19995117,1296.50000000,1308.00000000,7001401
2026-07-02,1310.00000000,1313.19995117,1299.00000000,1303.50000000,17795024
2026-07-03,1312.00000000,1312.00000000,1302.00000000,1304.00000000,7839550
2026-07-06,1304.00000000,1325.59997559,1299.40002441,1321.30004883,7610709
2026-07-07,1323.50000000,1328.00000000,1304.09997559,1308.40002441,14335554
2026-07-08,1297.00000000,1302.30004883,1271.59997559,1275.90002441,19960868
2026-07-09,1277.09997559,1296.50000000,1274.19995117,1279.80004883,14651963
2026-07-10,1291.90002441,1311.09997559,1287.80004883,1307.80004883,8412537
2026-07-13,1300.00000000,1306.40002441,1295.00000000,1296.90002441,9488352
2026-07-14,1290.00000000,1308.00000000,1286.90002441,1293.00000000,13511284
2026-07-15,1294.09997559,1310.90002441,1294.09997559,1295.50000000,9577965
2026-07-16,1295.50000000,1309.40002441,1291.80004883,1296.59997559,15631046
2026-07-17,1300.00000000,1330.30004883,1296.09997559,1327.19995117,18302218
2026-07-20,1317.19995117,1345.90002441,1314.90002441,1323.09997559,14305844
2026-07-21,1321.00000000,1326.90002441,1302.69995117,1303.69995117,12753410
2026-07-22,1302.00000000,1304.59997559,1280.69995117,1288.59997559,10840383
2026-07-23,1283.00000000,1287.30004883,1268.00000000,1272.19995117,12580741
2026-07-24,1265.00000000,1283.40002441,1249.80004883,1278.00000000,9817000
2026-07-27,1288.19995117,1288.69995117,1278.00000000,1280.00000000,7163132
2026-07-28,1275.00000000,1279.19995117,1265.90002441,1267.69995117,9312184
2026-07-29,1275.00000000,1282.40002441,1268.69995117,1275.90002441,9448307
2026-07-30,1279.80004883,1297.00000000,1275.30004883,1292.90002441,12158451
2026-07-31,1295.00000000,1309.69995117,1293.59997559,1307.80004883,8624996
2026-08-03,1315.19995117,1319.00000000,1306.00000000,1319.00000000,7508023
2026-08-04,1315.00000000,1315.00000000,1286.40002441,1290.90002441,10759546
2026-08-05,1293.00000000,1299.00000000,1270.09997559,1280.00000000,24820782
2026-08-06,1285.00000000,1325.19995117,1281.19995117,1325.00000000,20342297
2026-08-07,1320.00000000,1337.00000000,1316.59997559,1334.80004883,9885638
2026-08-10,1330.09997559,1332.90002441,1321.30004883,1327.30004883,8207102
2026-08-11,1326.59997559,1328.69995117,1314.09997559,1323.90002441,9953124
2026-08-12,1323.90002441,1329.00000000,1309.19995117,1329.00000000,7901012
2026-08-13,1327.80004883,1327.80004883,1307.19995117,1317.00000000,9397301
2026-08-14,1317.00000000,1317.50000000,1301.50000000,1310.00000000,10497358
2026-08-17,1314.00000000,1320.80004883,1298.09997559,1316.00000000,13383867
2026-08-18,1314.00000000,1328.59997559,1311.19995117,1322.00000000,10180567
2026-08-19,1320.30004883,1321.59997559,1303.50000000,1311.00000000,7489365
2026-08-20,1315.50000000,1316.50000000,1307.00000000,1313.19995117,5546227
2026-08-21,1314.00000000,1316.00000000,1308.00000000,1316.00000000,5434871
2026-08-24,1316.59997559,1320.00000000,1302.40002441,1309.80004883,7277167
2026-08-25,1304.30004883,1317.09997559,1300.00000000,1317.00000000,7115355
2026-08-26,1310.00000000,1315.59997559,1298.00000000,1298.00000000,5744474
2026-08-27,1305.00000000,1308.40002441,1282.19995117,1282.19995117,11271497
2026-08-28,1284.90002441,1291.80004883,1280.00000000,1287.00000000,6830228
2026-08-31,1278.69995117,1297.59997559,1271.00000000,1277.00000000,34871137
2026-09-01,1285.00000000,1311.80004883,1280.00000000,1309.00000000,12617528
2026-09-02,1298.00000000,1321.90002441,1293.09997559,1313.09997559,13497841
2026-09-03,1313.09997559,1316.80004883,1302.50000000,1302.50000000,9721454
2026-09-04,1304.09997559,1333.00000000,1304.09997559,1322.00000000,13031534
2026-09-07,1323.09997559,1324.19995117,1301.90002441,1309.50000000,10210522
2026-09-08,1304.09997559,1306.80004883,1288.00000000,1294.90002441,9799528
2026-09-09,1283.50000000,1294.69995117,1277.19995117,1279.00000000,12152819
2026-09-10,1278.50000000,1285.30004883,1266.30004883,1274.00000000,9296079
2026-09-11,1267.00000000,1267.40002441,1253.00000000,1257.50000000,8777736
